ensemble,case,b,n,s,variable,pressure_hpa,value,window_start_h,window_end_h,window_count,eke_domain,jet_relative_half_width_deg
standard,BCwave_b1n1s-10,1.0,1,-10,eddy_heat_flux_vT,10.0,0.00015493463785066429,312.0,340.0,29,25–90°N area–mass weighted,15.0
standard,BCwave_b1n1s-10,1.0,1,-10,eddy_heat_flux_vT,50.0,0.0010969442945648112,312.0,340.0,29,25–90°N area–mass weighted,15.0
standard,BCwave_b1n1s-10,1.0,1,-10,eddy_heat_flux_vT,100.0,0.005828090951424734,312.0,340.0,29,25–90°N area–mass weighted,15.0
standard,BCwave_b1n1s-10,1.0,1,-10,eddy_heat_flux_vT,150.0,0.0027922591925116963,312.0,340.0,29,25–90°N area–mass weighted,15.0
standard,BCwave_b1n1s-10,1.0,1,-10,eddy_heat_flux_vT,200.0,-0.035740344624581005,312.0,340.0,29,25–90°N area–mass weighted,15.0
standard,BCwave_b1n1s-10,1.0,1,-10,eddy_heat_flux_vT,250.0,-0.06082306519664567,312.0,340.0,29,25–90°N area–mass weighted,15.0
standard,BCwave_b1n1s-10,1.0,1,-10,eddy_heat_flux_vT,300.0,0.048520490077549015,312.0,340.0,29,25–90°N area–mass weighted,15.0
standard,BCwave_b1n1s-10,1.0,1,-10,eddy_heat_flux_vT,400.0,0.5138347960751632,312.0,340.0,29,25–90°N area–mass weighted,15.0
standard,BCwave_b1n1s-10,1.0,1,-10,eddy_heat_flux_vT,500.0,1.122513351769283,312.0,340.0,29,25–90°N area–mass weighted,15.0
standard,BCwave_b1n1s-10,1.0,1,-10,eddy_heat_flux_vT,600.0,1.789919766886481,312.0,340.0,29,25–90°N area–mass weighted,15.0
standard,BCwave_b1n1s-10,1.0,1,-10,eddy_heat_flux_vT,700.0,2.418263344929136,312.0,340.0,29,25–90°N area–mass weighted,15.0
standard,BCwave_b1n1s-10,1.0,1,-10,eddy_heat_flux_vT,850.0,3.9114010087374984,312.0,340.0,29,25–90°N area–mass weighted,15.0
standard,BCwave_b1n1s-10,1.0,1,-10,eddy_heat_flux_vT,925.0,5.467452970044366,312.0,340.0,29,25–90°N area–mass weighted,15.0
standard,BCwave_b1n1s-10,1.0,1,-10,eddy_heat_flux_vT,975.0,6.262660552715433,312.0,340.0,29,25–90°N area–mass weighted,15.0
standard,BCwave_b1n1s-10,1.0,1,-10,eddy_heat_flux_vT,1000.0,6.235817613272832,312.0,340.0,29,25–90°N area–mass weighted,15.0
standard,BCwave_b1n1s-5,1.0,1,-5,eddy_heat_flux_vT,10.0,0.00031426851799349405,305.0,340.0,36,25–90°N area–mass weighted,15.0
standard,BCwave_b1n1s-5,1.0,1,-5,eddy_heat_flux_vT,50.0,0.002903318640569018,305.0,340.0,36,25–90°N area–mass weighted,15.0
standard,BCwave_b1n1s-5,1.0,1,-5,eddy_heat_flux_vT,100.0,0.014649214352377586,305.0,340.0,36,25–90°N area–mass weighted,15.0
standard,BCwave_b1n1s-5,1.0,1,-5,eddy_heat_flux_vT,150.0,-0.015412765684434108,305.0,340.0,36,25–90°N area–mass weighted,15.0
standard,BCwave_b1n1s-5,1.0,1,-5,eddy_heat_flux_vT,200.0,-0.1594004517214166,305.0,340.0,36,25–90°N area–mass weighted,15.0
standard,BCwave_b1n1s-5,1.0,1,-5,eddy_heat_flux_vT,250.0,-0.26017289112011593,305.0,340.0,36,25–90°N area–mass weighted,15.0
standard,BCwave_b1n1s-5,1.0,1,-5,eddy_heat_flux_vT,300.0,-0.07798459163556497,305.0,340.0,36,25–90°N area–mass weighted,15.0
standard,BCwave_b1n1s-5,1.0,1,-5,eddy_heat_flux_vT,400.0,0.7324804845783446,305.0,340.0,36,25–90°N area–mass weighted,15.0
standard,BCwave_b1n1s-5,1.0,1,-5,eddy_heat_flux_vT,500.0,1.7626560131708782,305.0,340.0,36,25–90°N area–mass weighted,15.0
standard,BCwave_b1n1s-5,1.0,1,-5,eddy_heat_flux_vT,600.0,2.8273225691583423,305.0,340.0,36,25–90°N area–mass weighted,15.0
standard,BCwave_b1n1s-5,1.0,1,-5,eddy_heat_flux_vT,700.0,3.5155312286482916,305.0,340.0,36,25–90°N area–mass weighted,15.0
standard,BCwave_b1n1s-5,1.0,1,-5,eddy_heat_flux_vT,850.0,6.091749615139431,305.0,340.0,36,25–90°N area–mass weighted,15.0
standard,BCwave_b1n1s-5,1.0,1,-5,eddy_heat_flux_vT,925.0,8.443152573373583,305.0,340.0,36,25–90°N area–mass weighted,15.0
standard,BCwave_b1n1s-5,1.0,1,-5,eddy_heat_flux_vT,975.0,9.44624956448873,305.0,340.0,36,25–90°N area–mass weighted,15.0
standard,BCwave_b1n1s-5,1.0,1,-5,eddy_heat_flux_vT,1000.0,9.127580881118774,305.0,340.0,36,25–90°N area–mass weighted,15.0
standard,BCwave_b1n1,1.0,1,0,eddy_heat_flux_vT,10.0,0.0005461667115971642,297.0,334.0,38,25–90°N area–mass weighted,15.0
standard,BCwave_b1n1,1.0,1,0,eddy_heat_flux_vT,50.0,0.006563211313301795,297.0,334.0,38,25–90°N area–mass weighted,15.0
standard,BCwave_b1n1,1.0,1,0,eddy_heat_flux_vT,100.0,0.020794576426085672,297.0,334.0,38,25–90°N area–mass weighted,15.0
standard,BCwave_b1n1,1.0,1,0,eddy_heat_flux_vT,150.0,-0.06971084101027564,297.0,334.0,38,25–90°N area–mass weighted,15.0
standard,BCwave_b1n1,1.0,1,0,eddy_heat_flux_vT,200.0,-0.37912454769799586,297.0,334.0,38,25–90°N area–mass weighted,15.0
standard,BCwave_b1n1,1.0,1,0,eddy_heat_flux_vT,250.0,-0.5628235371489274,297.0,334.0,38,25–90°N area–mass weighted,15.0
standard,BCwave_b1n1,1.0,1,0,eddy_heat_flux_vT,300.0,-0.3266840326158624,297.0,334.0,38,25–90°N area–mass weighted,15.0
standard,BCwave_b1n1,1.0,1,0,eddy_heat_flux_vT,400.0,0.6925745841703916,297.0,334.0,38,25–90°N area–mass weighted,15.0
standard,BCwave_b1n1,1.0,1,0,eddy_heat_flux_vT,500.0,2.219821970713766,297.0,334.0,38,25–90°N area–mass weighted,15.0
standard,BCwave_b1n1,1.0,1,0,eddy_heat_flux_vT,600.0,3.755328002728914,297.0,334.0,38,25–90°N area–mass weighted,15.0
standard,BCwave_b1n1,1.0,1,0,eddy_heat_flux_vT,700.0,4.567659196100737,297.0,334.0,38,25–90°N area–mass weighted,15.0
standard,BCwave_b1n1,1.0,1,0,eddy_heat_flux_vT,850.0,8.37202205156025,297.0,334.0,38,25–90°N area–mass weighted,15.0
standard,BCwave_b1n1,1.0,1,0,eddy_heat_flux_vT,925.0,11.372146405671772,297.0,334.0,38,25–90°N area–mass weighted,15.0
standard,BCwave_b1n1,1.0,1,0,eddy_heat_flux_vT,975.0,11.922043172936691,297.0,334.0,38,25–90°N area–mass weighted,15.0
standard,BCwave_b1n1,1.0,1,0,eddy_heat_flux_vT,1000.0,11.773486513840524,297.0,334.0,38,25–90°N area–mass weighted,15.0
standard,BCwave_b1n1s5,1.0,1,5,eddy_heat_flux_vT,10.0,0.0010490889960367764,291.0,332.0,42,25–90°N area–mass weighted,15.0
standard,BCwave_b1n1s5,1.0,1,5,eddy_heat_flux_vT,50.0,0.01320242624552477,291.0,332.0,42,25–90°N area–mass weighted,15.0
standard,BCwave_b1n1s5,1.0,1,5,eddy_heat_flux_vT,100.0,0.01491399095504589,291.0,332.0,42,25–90°N area–mass weighted,15.0
standard,BCwave_b1n1s5,1.0,1,5,eddy_heat_flux_vT,150.0,-0.1415728305776914,291.0,332.0,42,25–90°N area–mass weighted,15.0
standard,BCwave_b1n1s5,1.0,1,5,eddy_heat_flux_vT,200.0,-0.5682697161322549,291.0,332.0,42,25–90°N area–mass weighted,15.0
standard,BCwave_b1n1s5,1.0,1,5,eddy_heat_flux_vT,250.0,-0.7813379551683154,291.0,332.0,42,25–90°N area–mass weighted,15.0
standard,BCwave_b1n1s5,1.0,1,5,eddy_heat_flux_vT,300.0,-0.529887834475154,291.0,332.0,42,25–90°N area–mass weighted,15.0
standard,BCwave_b1n1s5,1.0,1,5,eddy_heat_flux_vT,400.0,0.4492471118768056,291.0,332.0,42,25–90°N area–mass weighted,15.0
standard,BCwave_b1n1s5,1.0,1,5,eddy_heat_flux_vT,500.0,2.3735389085043046,291.0,332.0,42,25–90°N area–mass weighted,15.0
standard,BCwave_b1n1s5,1.0,1,5,eddy_heat_flux_vT,600.0,4.23065219606672,291.0,332.0,42,25–90°N area–mass weighted,15.0
standard,BCwave_b1n1s5,1.0,1,5,eddy_heat_flux_vT,700.0,5.3146236056373235,291.0,332.0,42,25–90°N area–mass weighted,15.0
standard,BCwave_b1n1s5,1.0,1,5,eddy_heat_flux_vT,850.0,10.251287914457775,291.0,332.0,42,25–90°N area–mass weighted,15.0
standard,BCwave_b1n1s5,1.0,1,5,eddy_heat_flux_vT,925.0,13.415077368418375,291.0,332.0,42,25–90°N area–mass weighted,15.0
standard,BCwave_b1n1s5,1.0,1,5,eddy_heat_flux_vT,975.0,13.48979291461763,291.0,332.0,42,25–90°N area–mass weighted,15.0
standard,BCwave_b1n1s5,1.0,1,5,eddy_heat_flux_vT,1000.0,13.750245571136475,291.0,332.0,42,25–90°N area–mass weighted,15.0
standard,BCwave_b1n1s10,1.0,1,10,eddy_heat_flux_vT,10.0,0.0017458969115407444,285.0,335.0,51,25–90°N area–mass weighted,15.0
standard,BCwave_b1n1s10,1.0,1,10,eddy_heat_flux_vT,50.0,0.02050865268079089,285.0,335.0,51,25–90°N area–mass weighted,15.0
standard,BCwave_b1n1s10,1.0,1,10,eddy_heat_flux_vT,100.0,-0.0002583640323827436,285.0,335.0,51,25–90°N area–mass weighted,15.0
standard,BCwave_b1n1s10,1.0,1,10,eddy_heat_flux_vT,150.0,-0.2082197657402824,285.0,335.0,51,25–90°N area–mass weighted,15.0
standard,BCwave_b1n1s10,1.0,1,10,eddy_heat_flux_vT,200.0,-0.6577180717505661,285.0,335.0,51,25–90°N area–mass weighted,15.0
standard,BCwave_b1n1s10,1.0,1,10,eddy_heat_flux_vT,250.0,-0.8581745636229422,285.0,335.0,51,25–90°N area–mass weighted,15.0
standard,BCwave_b1n1s10,1.0,1,10,eddy_heat_flux_vT,300.0,-0.6309016008003085,285.0,335.0,51,25–90°N area–mass weighted,15.0
standard,BCwave_b1n1s10,1.0,1,10,eddy_heat_flux_vT,400.0,0.14513652085089215,285.0,335.0,51,25–90°N area–mass weighted,15.0
standard,BCwave_b1n1s10,1.0,1,10,eddy_heat_flux_vT,500.0,1.9907486041386921,285.0,335.0,51,25–90°N area–mass weighted,15.0
standard,BCwave_b1n1s10,1.0,1,10,eddy_heat_flux_vT,600.0,3.7634033736060646,285.0,335.0,51,25–90°N area–mass weighted,15.0
standard,BCwave_b1n1s10,1.0,1,10,eddy_heat_flux_vT,700.0,5.069749804104076,285.0,335.0,51,25–90°N area–mass weighted,15.0
standard,BCwave_b1n1s10,1.0,1,10,eddy_heat_flux_vT,850.0,10.781980514526367,285.0,335.0,51,25–90°N area–mass weighted,15.0
standard,BCwave_b1n1s10,1.0,1,10,eddy_heat_flux_vT,925.0,13.781060050515567,285.0,335.0,51,25–90°N area–mass weighted,15.0
standard,BCwave_b1n1s10,1.0,1,10,eddy_heat_flux_vT,975.0,14.126515201493806,285.0,335.0,51,25–90°N area–mass weighted,15.0
standard,BCwave_b1n1s10,1.0,1,10,eddy_heat_flux_vT,1000.0,14.868551123375987,285.0,335.0,51,25–90°N area–mass weighted,15.0
standard,BCwave_b1n3s-10,1.0,3,-10,eddy_heat_flux_vT,10.0,0.00010098843137841738,316.0,343.0,28,25–90°N area–mass weighted,15.0
standard,BCwave_b1n3s-10,1.0,3,-10,eddy_heat_flux_vT,50.0,0.0003279700046862542,316.0,343.0,28,25–90°N area–mass weighted,15.0
standard,BCwave_b1n3s-10,1.0,3,-10,eddy_heat_flux_vT,100.0,0.0010347387391707993,316.0,343.0,28,25–90°N area–mass weighted,15.0
standard,BCwave_b1n3s-10,1.0,3,-10,eddy_heat_flux_vT,150.0,0.0015553528958532428,316.0,343.0,28,25–90°N area–mass weighted,15.0
standard,BCwave_b1n3s-10,1.0,3,-10,eddy_heat_flux_vT,200.0,-0.003926690451667777,316.0,343.0,28,25–90°N area–mass weighted,15.0
standard,BCwave_b1n3s-10,1.0,3,-10,eddy_heat_flux_vT,250.0,0.0016254188043863646,316.0,343.0,28,25–90°N area–mass weighted,15.0
standard,BCwave_b1n3s-10,1.0,3,-10,eddy_heat_flux_vT,300.0,0.054557954759470055,316.0,343.0,28,25–90°N area–mass weighted,15.0
standard,BCwave_b1n3s-10,1.0,3,-10,eddy_heat_flux_vT,400.0,0.2306999931378024,316.0,343.0,28,25–90°N area–mass weighted,15.0
standard,BCwave_b1n3s-10,1.0,3,-10,eddy_heat_flux_vT,500.0,0.449686022741454,316.0,343.0,28,25–90°N area–mass weighted,15.0
standard,BCwave_b1n3s-10,1.0,3,-10,eddy_heat_flux_vT,600.0,0.7074735675539289,316.0,343.0,28,25–90°N area–mass weighted,15.0
standard,BCwave_b1n3s-10,1.0,3,-10,eddy_heat_flux_vT,700.0,1.0391524753400259,316.0,343.0,28,25–90°N area–mass weighted,15.0
standard,BCwave_b1n3s-10,1.0,3,-10,eddy_heat_flux_vT,850.0,1.5577427702290672,316.0,343.0,28,25–90°N area–mass weighted,15.0
standard,BCwave_b1n3s-10,1.0,3,-10,eddy_heat_flux_vT,925.0,2.102901965379715,316.0,343.0,28,25–90°N area–mass weighted,15.0
standard,BCwave_b1n3s-10,1.0,3,-10,eddy_heat_flux_vT,975.0,2.461796598775046,316.0,343.0,28,25–90°N area–mass weighted,15.0
standard,BCwave_b1n3s-10,1.0,3,-10,eddy_heat_flux_vT,1000.0,2.5444576740264893,316.0,343.0,28,25–90°N area–mass weighted,15.0
standard,BCwave_b1n3s-5,1.0,3,-5,eddy_heat_flux_vT,10.0,0.00012987125955987722,303.0,336.0,34,25–90°N area–mass weighted,15.0
standard,BCwave_b1n3s-5,1.0,3,-5,eddy_heat_flux_vT,50.0,0.0007550738741616335,303.0,336.0,34,25–90°N area–mass weighted,15.0
standard,BCwave_b1n3s-5,1.0,3,-5,eddy_heat_flux_vT,100.0,0.003063026685541605,303.0,336.0,34,25–90°N area–mass weighted,15.0
standard,BCwave_b1n3s-5,1.0,3,-5,eddy_heat_flux_vT,150.0,0.0013070138880079065,303.0,336.0,34,25–90°N area–mass weighted,15.0
standard,BCwave_b1n3s-5,1.0,3,-5,eddy_heat_flux_vT,200.0,-0.02309985212324297,303.0,336.0,34,25–90°N area–mass weighted,15.0
standard,BCwave_b1n3s-5,1.0,3,-5,eddy_heat_flux_vT,250.0,-0.04802741548594307,303.0,336.0,34,25–90°N area–mass weighted,15.0
standard,BCwave_b1n3s-5,1.0,3,-5,eddy_heat_flux_vT,300.0,0.034375376396757716,303.0,336.0,34,25–90°N area–mass weighted,15.0
standard,BCwave_b1n3s-5,1.0,3,-5,eddy_heat_flux_vT,400.0,0.3788137208012974,303.0,336.0,34,25–90°N area–mass weighted,15.0
standard,BCwave_b1n3s-5,1.0,3,-5,eddy_heat_flux_vT,500.0,0.7716903230723213,303.0,336.0,34,25–90°N area–mass weighted,15.0
standard,BCwave_b1n3s-5,1.0,3,-5,eddy_heat_flux_vT,600.0,1.1920030800735248,303.0,336.0,34,25–90°N area–mass weighted,15.0
standard,BCwave_b1n3s-5,1.0,3,-5,eddy_heat_flux_vT,700.0,1.604492541621713,303.0,336.0,34,25–90°N area–mass weighted,15.0
standard,BCwave_b1n3s-5,1.0,3,-5,eddy_heat_flux_vT,850.0,2.361196756362915,303.0,336.0,34,25–90°N area–mass weighted,15.0
standard,BCwave_b1n3s-5,1.0,3,-5,eddy_heat_flux_vT,925.0,3.0819083662594067,303.0,336.0,34,25–90°N area–mass weighted,15.0
standard,BCwave_b1n3s-5,1.0,3,-5,eddy_heat_flux_vT,975.0,3.458270928438972,303.0,336.0,34,25–90°N area–mass weighted,15.0
standard,BCwave_b1n3s-5,1.0,3,-5,eddy_heat_flux_vT,1000.0,3.55633624160991,303.0,336.0,34,25–90°N area–mass weighted,15.0
standard,BCwave_b1n3,1.0,3,0,eddy_heat_flux_vT,10.0,0.00014080662991286123,297.0,338.0,42,25–90°N area–mass weighted,15.0
standard,BCwave_b1n3,1.0,3,0,eddy_heat_flux_vT,50.0,0.0012271716120830249,297.0,338.0,42,25–90°N area–mass weighted,15.0
standard,BCwave_b1n3,1.0,3,0,eddy_heat_flux_vT,100.0,0.006980888113113386,297.0,338.0,42,25–90°N area–mass weighted,15.0
standard,BCwave_b1n3,1.0,3,0,eddy_heat_flux_vT,150.0,-0.0062202897998282596,297.0,338.0,42,25–90°N area–mass weighted,15.0
standard,BCwave_b1n3,1.0,3,0,eddy_heat_flux_vT,200.0,-0.08307801320084504,297.0,338.0,42,25–90°N area–mass weighted,15.0
standard,BCwave_b1n3,1.0,3,0,eddy_heat_flux_vT,250.0,-0.16377495513075874,297.0,338.0,42,25–90°N area–mass weighted,15.0
standard,BCwave_b1n3,1.0,3,0,eddy_heat_flux_vT,300.0,-0.0467849914871511,297.0,338.0,42,25–90°N area–mass weighted,15.0
standard,BCwave_b1n3,1.0,3,0,eddy_heat_flux_vT,400.0,0.4993394457158588,297.0,338.0,42,25–90°N area–mass weighted,15.0
standard,BCwave_b1n3,1.0,3,0,eddy_heat_flux_vT,500.0,1.096030878169196,297.0,338.0,42,25–90°N area–mass weighted,15.0
standard,BCwave_b1n3,1.0,3,0,eddy_heat_flux_vT,600.0,1.689962699299767,297.0,338.0,42,25–90°N area–mass weighted,15.0
standard,BCwave_b1n3,1.0,3,0,eddy_heat_flux_vT,700.0,2.1241467282885598,297.0,338.0,42,25–90°N area–mass weighted,15.0
standard,BCwave_b1n3,1.0,3,0,eddy_heat_flux_vT,850.0,3.421179623830886,297.0,338.0,42,25–90°N area–mass weighted,15.0
standard,BCwave_b1n3,1.0,3,0,eddy_heat_flux_vT,925.0,4.4171024560928345,297.0,338.0,42,25–90°N area–mass weighted,15.0
standard,BCwave_b1n3,1.0,3,0,eddy_heat_flux_vT,975.0,4.836463996342251,297.0,338.0,42,25–90°N area–mass weighted,15.0
standard,BCwave_b1n3,1.0,3,0,eddy_heat_flux_vT,1000.0,4.856160027640207,297.0,338.0,42,25–90°N area–mass weighted,15.0
standard,BCwave_b1n3s5,1.0,3,5,eddy_heat_flux_vT,10.0,0.00017923147616107971,300.0,338.0,39,25–90°N area–mass weighted,15.0
standard,BCwave_b1n3s5,1.0,3,5,eddy_heat_flux_vT,50.0,0.0014999508320425565,300.0,338.0,39,25–90°N area–mass weighted,15.0
standard,BCwave_b1n3s5,1.0,3,5,eddy_heat_flux_vT,100.0,0.011701311605672041,300.0,338.0,39,25–90°N area–mass weighted,15.0
standard,BCwave_b1n3s5,1.0,3,5,eddy_heat_flux_vT,150.0,-0.0395730316447906,300.0,338.0,39,25–90°N area–mass weighted,15.0
standard,BCwave_b1n3s5,1.0,3,5,eddy_heat_flux_vT,200.0,-0.24447178152891305,300.0,338.0,39,25–90°N area–mass weighted,15.0
standard,BCwave_b1n3s5,1.0,3,5,eddy_heat_flux_vT,250.0,-0.4126988649368286,300.0,338.0,39,25–90°N area–mass weighted,15.0
standard,BCwave_b1n3s5,1.0,3,5,eddy_heat_flux_vT,300.0,-0.2671375847779788,300.0,338.0,39,25–90°N area–mass weighted,15.0
standard,BCwave_b1n3s5,1.0,3,5,eddy_heat_flux_vT,400.0,0.5535503480678949,300.0,338.0,39,25–90°N area–mass weighted,15.0
standard,BCwave_b1n3s5,1.0,3,5,eddy_heat_flux_vT,500.0,1.5350821109918447,300.0,338.0,39,25–90°N area–mass weighted,15.0
standard,BCwave_b1n3s5,1.0,3,5,eddy_heat_flux_vT,600.0,2.39214350321354,300.0,338.0,39,25–90°N area–mass weighted,15.0
standard,BCwave_b1n3s5,1.0,3,5,eddy_heat_flux_vT,700.0,3.034711458744147,300.0,338.0,39,25–90°N area–mass weighted,15.0
standard,BCwave_b1n3s5,1.0,3,5,eddy_heat_flux_vT,850.0,5.446141242980957,300.0,338.0,39,25–90°N area–mass weighted,15.0
standard,BCwave_b1n3s5,1.0,3,5,eddy_heat_flux_vT,925.0,6.729124619410588,300.0,338.0,39,25–90°N area–mass weighted,15.0
standard,BCwave_b1n3s5,1.0,3,5,eddy_heat_flux_vT,975.0,7.21759879283416,300.0,338.0,39,25–90°N area–mass weighted,15.0
standard,BCwave_b1n3s5,1.0,3,5,eddy_heat_flux_vT,1000.0,7.321039652213072,300.0,338.0,39,25–90°N area–mass weighted,15.0
standard,BCwave_b1n3s10,1.0,3,10,eddy_heat_flux_vT,10.0,0.00021633556503469924,291.0,325.0,35,25–90°N area–mass weighted,15.0
standard,BCwave_b1n3s10,1.0,3,10,eddy_heat_flux_vT,50.0,0.002450003005963351,291.0,325.0,35,25–90°N area–mass weighted,15.0
standard,BCwave_b1n3s10,1.0,3,10,eddy_heat_flux_vT,100.0,0.011999684864921228,291.0,325.0,35,25–90°N area–mass weighted,15.0
standard,BCwave_b1n3s10,1.0,3,10,eddy_heat_flux_vT,150.0,-0.08717399463057518,291.0,325.0,35,25–90°N area–mass weighted,15.0
standard,BCwave_b1n3s10,1.0,3,10,eddy_heat_flux_vT,200.0,-0.39783151575497216,291.0,325.0,35,25–90°N area–mass weighted,15.0
standard,BCwave_b1n3s10,1.0,3,10,eddy_heat_flux_vT,250.0,-0.6244448968342372,291.0,325.0,35,25–90°N area–mass weighted,15.0
standard,BCwave_b1n3s10,1.0,3,10,eddy_heat_flux_vT,300.0,-0.47829211183956694,291.0,325.0,35,25–90°N area–mass weighted,15.0
standard,BCwave_b1n3s10,1.0,3,10,eddy_heat_flux_vT,400.0,0.3753451330321176,291.0,325.0,35,25–90°N area–mass weighted,15.0
standard,BCwave_b1n3s10,1.0,3,10,eddy_heat_flux_vT,500.0,1.6372253894805908,291.0,325.0,35,25–90°N area–mass weighted,15.0
standard,BCwave_b1n3s10,1.0,3,10,eddy_heat_flux_vT,600.0,2.83082663672311,291.0,325.0,35,25–90°N area–mass weighted,15.0
standard,BCwave_b1n3s10,1.0,3,10,eddy_heat_flux_vT,700.0,3.818097312109811,291.0,325.0,35,25–90°N area–mass weighted,15.0
standard,BCwave_b1n3s10,1.0,3,10,eddy_heat_flux_vT,850.0,6.964596939086914,291.0,325.0,35,25–90°N area–mass weighted,15.0
standard,BCwave_b1n3s10,1.0,3,10,eddy_heat_flux_vT,925.0,8.290340941292898,291.0,325.0,35,25–90°N area–mass weighted,15.0
standard,BCwave_b1n3s10,1.0,3,10,eddy_heat_flux_vT,975.0,8.824221324920654,291.0,325.0,35,25–90°N area–mass weighted,15.0
standard,BCwave_b1n3s10,1.0,3,10,eddy_heat_flux_vT,1000.0,8.992379896981376,291.0,325.0,35,25–90°N area–mass weighted,15.0
standard,BCwave_b1n6s-10,1.0,6,-10,eddy_heat_flux_vT,10.0,8.22881012465115e-05,320.0,346.0,27,25–90°N area–mass weighted,15.0
standard,BCwave_b1n6s-10,1.0,6,-10,eddy_heat_flux_vT,50.0,0.00021289346450767307,320.0,346.0,27,25–90°N area–mass weighted,15.0
standard,BCwave_b1n6s-10,1.0,6,-10,eddy_heat_flux_vT,100.0,0.00036681565527235053,320.0,346.0,27,25–90°N area–mass weighted,15.0
standard,BCwave_b1n6s-10,1.0,6,-10,eddy_heat_flux_vT,150.0,0.0006459123946519361,320.0,346.0,27,25–90°N area–mass weighted,15.0
standard,BCwave_b1n6s-10,1.0,6,-10,eddy_heat_flux_vT,200.0,-0.00039675947671100775,320.0,346.0,27,25–90°N area–mass weighted,15.0
standard,BCwave_b1n6s-10,1.0,6,-10,eddy_heat_flux_vT,250.0,0.008459828931976247,320.0,346.0,27,25–90°N area–mass weighted,15.0
standard,BCwave_b1n6s-10,1.0,6,-10,eddy_heat_flux_vT,300.0,0.038415303384816205,320.0,346.0,27,25–90°N area–mass weighted,15.0
standard,BCwave_b1n6s-10,1.0,6,-10,eddy_heat_flux_vT,400.0,0.12969833143331386,320.0,346.0,27,25–90°N area–mass weighted,15.0
standard,BCwave_b1n6s-10,1.0,6,-10,eddy_heat_flux_vT,500.0,0.24917835604261468,320.0,346.0,27,25–90°N area–mass weighted,15.0
standard,BCwave_b1n6s-10,1.0,6,-10,eddy_heat_flux_vT,600.0,0.39894793099827236,320.0,346.0,27,25–90°N area–mass weighted,15.0
standard,BCwave_b1n6s-10,1.0,6,-10,eddy_heat_flux_vT,700.0,0.6000863126030674,320.0,346.0,27,25–90°N area–mass weighted,15.0
standard,BCwave_b1n6s-10,1.0,6,-10,eddy_heat_flux_vT,850.0,0.9142590452123571,320.0,346.0,27,25–90°N area–mass weighted,15.0
standard,BCwave_b1n6s-10,1.0,6,-10,eddy_heat_flux_vT,925.0,1.2505867525383279,320.0,346.0,27,25–90°N area–mass weighted,15.0
standard,BCwave_b1n6s-10,1.0,6,-10,eddy_heat_flux_vT,975.0,1.456468281922517,320.0,346.0,27,25–90°N area–mass weighted,15.0
standard,BCwave_b1n6s-10,1.0,6,-10,eddy_heat_flux_vT,1000.0,1.5301418569352891,320.0,346.0,27,25–90°N area–mass weighted,15.0
standard,BCwave_b1n6s-5,1.0,6,-5,eddy_heat_flux_vT,10.0,0.00010067221786205968,310.0,339.0,30,25–90°N area–mass weighted,15.0
standard,BCwave_b1n6s-5,1.0,6,-5,eddy_heat_flux_vT,50.0,0.0004917563899653032,310.0,339.0,30,25–90°N area–mass weighted,15.0
standard,BCwave_b1n6s-5,1.0,6,-5,eddy_heat_flux_vT,100.0,0.0013833478830444317,310.0,339.0,30,25–90°N area–mass weighted,15.0
standard,BCwave_b1n6s-5,1.0,6,-5,eddy_heat_flux_vT,150.0,0.0011429581558331848,310.0,339.0,30,25–90°N area–mass weighted,15.0
standard,BCwave_b1n6s-5,1.0,6,-5,eddy_heat_flux_vT,200.0,-0.007504302325348059,310.0,339.0,30,25–90°N area–mass weighted,15.0
standard,BCwave_b1n6s-5,1.0,6,-5,eddy_heat_flux_vT,250.0,-0.010319548938423396,310.0,339.0,30,25–90°N area–mass weighted,15.0
standard,BCwave_b1n6s-5,1.0,6,-5,eddy_heat_flux_vT,300.0,0.043017546832561496,310.0,339.0,30,25–90°N area–mass weighted,15.0
standard,BCwave_b1n6s-5,1.0,6,-5,eddy_heat_flux_vT,400.0,0.24620750546455383,310.0,339.0,30,25–90°N area–mass weighted,15.0
standard,BCwave_b1n6s-5,1.0,6,-5,eddy_heat_flux_vT,500.0,0.49664398630460105,310.0,339.0,30,25–90°N area–mass weighted,15.0
standard,BCwave_b1n6s-5,1.0,6,-5,eddy_heat_flux_vT,600.0,0.7783569991588593,310.0,339.0,30,25–90°N area–mass weighted,15.0
standard,BCwave_b1n6s-5,1.0,6,-5,eddy_heat_flux_vT,700.0,1.0653360466162363,310.0,339.0,30,25–90°N area–mass weighted,15.0
standard,BCwave_b1n6s-5,1.0,6,-5,eddy_heat_flux_vT,850.0,1.511046087741852,310.0,339.0,30,25–90°N area–mass weighted,15.0
standard,BCwave_b1n6s-5,1.0,6,-5,eddy_heat_flux_vT,925.0,2.015800170103709,310.0,339.0,30,25–90°N area–mass weighted,15.0
standard,BCwave_b1n6s-5,1.0,6,-5,eddy_heat_flux_vT,975.0,2.263229219118754,310.0,339.0,30,25–90°N area–mass weighted,15.0
standard,BCwave_b1n6s-5,1.0,6,-5,eddy_heat_flux_vT,1000.0,2.357660516103109,310.0,339.0,30,25–90°N area–mass weighted,15.0
standard,BCwave_b1n6,1.0,6,0,eddy_heat_flux_vT,10.0,0.00011147773674517674,300.0,337.0,38,25–90°N area–mass weighted,15.0
standard,BCwave_b1n6,1.0,6,0,eddy_heat_flux_vT,50.0,0.0009014543320517987,300.0,337.0,38,25–90°N area–mass weighted,15.0
standard,BCwave_b1n6,1.0,6,0,eddy_heat_flux_vT,100.0,0.0030412214109674096,300.0,337.0,38,25–90°N area–mass weighted,15.0
standard,BCwave_b1n6,1.0,6,0,eddy_heat_flux_vT,150.0,-0.0003404842006459244,300.0,337.0,38,25–90°N area–mass weighted,15.0
standard,BCwave_b1n6,1.0,6,0,eddy_heat_flux_vT,200.0,-0.02709676972345302,300.0,337.0,38,25–90°N area–mass weighted,15.0
standard,BCwave_b1n6,1.0,6,0,eddy_heat_flux_vT,250.0,-0.06034340787875025,300.0,337.0,38,25–90°N area–mass weighted,15.0
standard,BCwave_b1n6,1.0,6,0,eddy_heat_flux_vT,300.0,0.013540302819915508,300.0,337.0,38,25–90°N area–mass weighted,15.0
standard,BCwave_b1n6,1.0,6,0,eddy_heat_flux_vT,400.0,0.35232300977957876,300.0,337.0,38,25–90°N area–mass weighted,15.0
standard,BCwave_b1n6,1.0,6,0,eddy_heat_flux_vT,500.0,0.7464389863767122,300.0,337.0,38,25–90°N area–mass weighted,15.0
standard,BCwave_b1n6,1.0,6,0,eddy_heat_flux_vT,600.0,1.1462783170373816,300.0,337.0,38,25–90°N area–mass weighted,15.0
standard,BCwave_b1n6,1.0,6,0,eddy_heat_flux_vT,700.0,1.4510634855220192,300.0,337.0,38,25–90°N area–mass weighted,15.0
standard,BCwave_b1n6,1.0,6,0,eddy_heat_flux_vT,850.0,2.180790581201252,300.0,337.0,38,25–90°N area–mass weighted,15.0
standard,BCwave_b1n6,1.0,6,0,eddy_heat_flux_vT,925.0,2.774259774308456,300.0,337.0,38,25–90°N area–mass weighted,15.0
standard,BCwave_b1n6,1.0,6,0,eddy_heat_flux_vT,975.0,3.0135818468896964,300.0,337.0,38,25–90°N area–mass weighted,15.0
standard,BCwave_b1n6,1.0,6,0,eddy_heat_flux_vT,1000.0,3.0153444252516093,300.0,337.0,38,25–90°N area–mass weighted,15.0
standard,BCwave_b1n6s5,1.0,6,5,eddy_heat_flux_vT,10.0,0.000146005230238767,294.0,337.0,44,25–90°N area–mass weighted,15.0
standard,BCwave_b1n6s5,1.0,6,5,eddy_heat_flux_vT,50.0,0.0013198908974035558,294.0,337.0,44,25–90°N area–mass weighted,15.0
standard,BCwave_b1n6s5,1.0,6,5,eddy_heat_flux_vT,100.0,0.005356502126563679,294.0,337.0,44,25–90°N area–mass weighted,15.0
standard,BCwave_b1n6s5,1.0,6,5,eddy_heat_flux_vT,150.0,-0.00874637474771589,294.0,337.0,44,25–90°N area–mass weighted,15.0
standard,BCwave_b1n6s5,1.0,6,5,eddy_heat_flux_vT,200.0,-0.07725976915522055,294.0,337.0,44,25–90°N area–mass weighted,15.0
standard,BCwave_b1n6s5,1.0,6,5,eddy_heat_flux_vT,250.0,-0.15735276890071956,294.0,337.0,44,25–90°N area–mass weighted,15.0
standard,BCwave_b1n6s5,1.0,6,5,eddy_heat_flux_vT,300.0,-0.06490254486826333,294.0,337.0,44,25–90°N area–mass weighted,15.0
standard,BCwave_b1n6s5,1.0,6,5,eddy_heat_flux_vT,400.0,0.41444686529311264,294.0,337.0,44,25–90°N area–mass weighted,15.0
standard,BCwave_b1n6s5,1.0,6,5,eddy_heat_flux_vT,500.0,0.9531439353119243,294.0,337.0,44,25–90°N area–mass weighted,15.0
standard,BCwave_b1n6s5,1.0,6,5,eddy_heat_flux_vT,600.0,1.4499501938169652,294.0,337.0,44,25–90°N area–mass weighted,15.0
standard,BCwave_b1n6s5,1.0,6,5,eddy_heat_flux_vT,700.0,1.832385534589941,294.0,337.0,44,25–90°N area–mass weighted,15.0
standard,BCwave_b1n6s5,1.0,6,5,eddy_heat_flux_vT,850.0,3.031361850825223,294.0,337.0,44,25–90°N area–mass weighted,15.0
standard,BCwave_b1n6s5,1.0,6,5,eddy_heat_flux_vT,925.0,3.742770406332883,294.0,337.0,44,25–90°N area–mass weighted,15.0
standard,BCwave_b1n6s5,1.0,6,5,eddy_heat_flux_vT,975.0,3.961311020634391,294.0,337.0,44,25–90°N area–mass weighted,15.0
standard,BCwave_b1n6s5,1.0,6,5,eddy_heat_flux_vT,1000.0,3.8500764153220435,294.0,337.0,44,25–90°N area–mass weighted,15.0
standard,BCwave_b1n6s10,1.0,6,10,eddy_heat_flux_vT,10.0,0.00018815147424382822,292.0,333.0,42,25–90°N area–mass weighted,15.0
standard,BCwave_b1n6s10,1.0,6,10,eddy_heat_flux_vT,50.0,0.001397465075743163,292.0,333.0,42,25–90°N area–mass weighted,15.0
standard,BCwave_b1n6s10,1.0,6,10,eddy_heat_flux_vT,100.0,0.005679416575557774,292.0,333.0,42,25–90°N area–mass weighted,15.0
standard,BCwave_b1n6s10,1.0,6,10,eddy_heat_flux_vT,150.0,-0.027250425136160283,292.0,333.0,42,25–90°N area–mass weighted,15.0
standard,BCwave_b1n6s10,1.0,6,10,eddy_heat_flux_vT,200.0,-0.15634426953537123,292.0,333.0,42,25–90°N area–mass weighted,15.0
standard,BCwave_b1n6s10,1.0,6,10,eddy_heat_flux_vT,250.0,-0.2897434497163409,292.0,333.0,42,25–90°N area–mass weighted,15.0
standard,BCwave_b1n6s10,1.0,6,10,eddy_heat_flux_vT,300.0,-0.1972493990546181,292.0,333.0,42,25–90°N area–mass weighted,15.0
standard,BCwave_b1n6s10,1.0,6,10,eddy_heat_flux_vT,400.0,0.3905485925220308,292.0,333.0,42,25–90°N area–mass weighted,15.0
standard,BCwave_b1n6s10,1.0,6,10,eddy_heat_flux_vT,500.0,1.1027977069218953,292.0,333.0,42,25–90°N area–mass weighted,15.0
standard,BCwave_b1n6s10,1.0,6,10,eddy_heat_flux_vT,600.0,1.7404107281139918,292.0,333.0,42,25–90°N area–mass weighted,15.0
standard,BCwave_b1n6s10,1.0,6,10,eddy_heat_flux_vT,700.0,2.2917848768688382,292.0,333.0,42,25–90°N area–mass weighted,15.0
standard,BCwave_b1n6s10,1.0,6,10,eddy_heat_flux_vT,850.0,4.0600412005469915,292.0,333.0,42,25–90°N area–mass weighted,15.0
standard,BCwave_b1n6s10,1.0,6,10,eddy_heat_flux_vT,925.0,4.808207977385748,292.0,333.0,42,25–90°N area–mass weighted,15.0
standard,BCwave_b1n6s10,1.0,6,10,eddy_heat_flux_vT,975.0,4.957237033616929,292.0,333.0,42,25–90°N area–mass weighted,15.0
standard,BCwave_b1n6s10,1.0,6,10,eddy_heat_flux_vT,1000.0,4.832764807201567,292.0,333.0,42,25–90°N area–mass weighted,15.0
standard,BCwave_b15n1s-10,1.5,1,-10,eddy_heat_flux_vT,10.0,0.0003317259374119702,311.0,341.0,31,25–90°N area–mass weighted,15.0
standard,BCwave_b15n1s-10,1.5,1,-10,eddy_heat_flux_vT,50.0,0.007015584322113183,311.0,341.0,31,25–90°N area–mass weighted,15.0
standard,BCwave_b15n1s-10,1.5,1,-10,eddy_heat_flux_vT,100.0,0.029961700220742533,311.0,341.0,31,25–90°N area–mass weighted,15.0
standard,BCwave_b15n1s-10,1.5,1,-10,eddy_heat_flux_vT,150.0,-0.11171736592246641,311.0,341.0,31,25–90°N area–mass weighted,15.0
standard,BCwave_b15n1s-10,1.5,1,-10,eddy_heat_flux_vT,200.0,0.11445455974148165,311.0,341.0,31,25–90°N area–mass weighted,15.0
standard,BCwave_b15n1s-10,1.5,1,-10,eddy_heat_flux_vT,250.0,0.4296265725166567,311.0,341.0,31,25–90°N area–mass weighted,15.0
standard,BCwave_b15n1s-10,1.5,1,-10,eddy_heat_flux_vT,300.0,0.8064850376498315,311.0,341.0,31,25–90°N area–mass weighted,15.0
standard,BCwave_b15n1s-10,1.5,1,-10,eddy_heat_flux_vT,400.0,1.722353785268722,311.0,341.0,31,25–90°N area–mass weighted,15.0
standard,BCwave_b15n1s-10,1.5,1,-10,eddy_heat_flux_vT,500.0,2.7269845777942288,311.0,341.0,31,25–90°N area–mass weighted,15.0
standard,BCwave_b15n1s-10,1.5,1,-10,eddy_heat_flux_vT,600.0,3.7733289503282115,311.0,341.0,31,25–90°N area–mass weighted,15.0
standard,BCwave_b15n1s-10,1.5,1,-10,eddy_heat_flux_vT,700.0,4.729664833314957,311.0,341.0,31,25–90°N area–mass weighted,15.0
standard,BCwave_b15n1s-10,1.5,1,-10,eddy_heat_flux_vT,850.0,8.41761722872334,311.0,341.0,31,25–90°N area–mass weighted,15.0
standard,BCwave_b15n1s-10,1.5,1,-10,eddy_heat_flux_vT,925.0,11.18263456898351,311.0,341.0,31,25–90°N area–mass weighted,15.0
standard,BCwave_b15n1s-10,1.5,1,-10,eddy_heat_flux_vT,975.0,12.49517705363612,311.0,341.0,31,25–90°N area–mass weighted,15.0
standard,BCwave_b15n1s-10,1.5,1,-10,eddy_heat_flux_vT,1000.0,12.498442711368684,311.0,341.0,31,25–90°N area–mass weighted,15.0
standard,BCwave_b15n1s-5,1.5,1,-5,eddy_heat_flux_vT,10.0,0.0005481943637064165,305.0,338.0,34,25–90°N area–mass weighted,15.0
standard,BCwave_b15n1s-5,1.5,1,-5,eddy_heat_flux_vT,50.0,0.01616277247119476,305.0,338.0,34,25–90°N area–mass weighted,15.0
standard,BCwave_b15n1s-5,1.5,1,-5,eddy_heat_flux_vT,100.0,-0.04069858499090461,305.0,338.0,34,25–90°N area–mass weighted,15.0
standard,BCwave_b15n1s-5,1.5,1,-5,eddy_heat_flux_vT,150.0,-0.3914211033021702,305.0,338.0,34,25–90°N area–mass weighted,15.0
standard,BCwave_b15n1s-5,1.5,1,-5,eddy_heat_flux_vT,200.0,0.023348816848524353,305.0,338.0,34,25–90°N area–mass weighted,15.0
standard,BCwave_b15n1s-5,1.5,1,-5,eddy_heat_flux_vT,250.0,0.6659697495839175,305.0,338.0,34,25–90°N area–mass weighted,15.0
standard,BCwave_b15n1s-5,1.5,1,-5,eddy_heat_flux_vT,300.0,1.4270612001419067,305.0,338.0,34,25–90°N area–mass weighted,15.0
standard,BCwave_b15n1s-5,1.5,1,-5,eddy_heat_flux_vT,400.0,3.0701844341614666,305.0,338.0,34,25–90°N area–mass weighted,15.0
standard,BCwave_b15n1s-5,1.5,1,-5,eddy_heat_flux_vT,500.0,4.767122128430535,305.0,338.0,34,25–90°N area–mass weighted,15.0
standard,BCwave_b15n1s-5,1.5,1,-5,eddy_heat_flux_vT,600.0,6.303550678140977,305.0,338.0,34,25–90°N area–mass weighted,15.0
standard,BCwave_b15n1s-5,1.5,1,-5,eddy_heat_flux_vT,700.0,8.222605256473317,305.0,338.0,34,25–90°N area–mass weighted,15.0
standard,BCwave_b15n1s-5,1.5,1,-5,eddy_heat_flux_vT,850.0,14.653826994054457,305.0,338.0,34,25–90°N area–mass weighted,15.0
standard,BCwave_b15n1s-5,1.5,1,-5,eddy_heat_flux_vT,925.0,18.247431502622717,305.0,338.0,34,25–90°N area–mass weighted,15.0
standard,BCwave_b15n1s-5,1.5,1,-5,eddy_heat_flux_vT,975.0,19.14670540304745,305.0,338.0,34,25–90°N area–mass weighted,15.0
standard,BCwave_b15n1s-5,1.5,1,-5,eddy_heat_flux_vT,1000.0,18.765979879042682,305.0,338.0,34,25–90°N area–mass weighted,15.0
standard,BCwave_b15n1,1.5,1,0,eddy_heat_flux_vT,10.0,0.0011615192397584906,289.0,320.0,32,25–90°N area–mass weighted,15.0
standard,BCwave_b15n1,1.5,1,0,eddy_heat_flux_vT,50.0,0.023861976223997772,289.0,320.0,32,25–90°N area–mass weighted,15.0
standard,BCwave_b15n1,1.5,1,0,eddy_heat_flux_vT,100.0,-0.1583826933056116,289.0,320.0,32,25–90°N area–mass weighted,15.0
standard,BCwave_b15n1,1.5,1,0,eddy_heat_flux_vT,150.0,-0.6061780983582139,289.0,320.0,32,25–90°N area–mass weighted,15.0
standard,BCwave_b15n1,1.5,1,0,eddy_heat_flux_vT,200.0,-0.1174931456334889,289.0,320.0,32,25–90°N area–mass weighted,15.0
standard,BCwave_b15n1,1.5,1,0,eddy_heat_flux_vT,250.0,0.7657766453921795,289.0,320.0,32,25–90°N area–mass weighted,15.0
standard,BCwave_b15n1,1.5,1,0,eddy_heat_flux_vT,300.0,1.8882065415382385,289.0,320.0,32,25–90°N area–mass weighted,15.0
standard,BCwave_b15n1,1.5,1,0,eddy_heat_flux_vT,400.0,4.409921325743198,289.0,320.0,32,25–90°N area–mass weighted,15.0
standard,BCwave_b15n1,1.5,1,0,eddy_heat_flux_vT,500.0,6.862761989235878,289.0,320.0,32,25–90°N area–mass weighted,15.0
standard,BCwave_b15n1,1.5,1,0,eddy_heat_flux_vT,600.0,8.724501013755798,289.0,320.0,32,25–90°N area–mass weighted,15.0
standard,BCwave_b15n1,1.5,1,0,eddy_heat_flux_vT,700.0,11.453824400901794,289.0,320.0,32,25–90°N area–mass weighted,15.0
standard,BCwave_b15n1,1.5,1,0,eddy_heat_flux_vT,850.0,20.090357899665833,289.0,320.0,32,25–90°N area–mass weighted,15.0
standard,BCwave_b15n1,1.5,1,0,eddy_heat_flux_vT,925.0,23.522267758846283,289.0,320.0,32,25–90°N area–mass weighted,15.0
standard,BCwave_b15n1,1.5,1,0,eddy_heat_flux_vT,975.0,23.791889786720276,289.0,320.0,32,25–90°N area–mass weighted,15.0
standard,BCwave_b15n1,1.5,1,0,eddy_heat_flux_vT,1000.0,23.91953146457672,289.0,320.0,32,25–90°N area–mass weighted,15.0
standard,BCwave_b15n1s5,1.5,1,5,eddy_heat_flux_vT,10.0,0.0026278913396203685,275.0,310.0,36,25–90°N area–mass weighted,15.0
standard,BCwave_b15n1s5,1.5,1,5,eddy_heat_flux_vT,50.0,0.03651472791615459,275.0,310.0,36,25–90°N area–mass weighted,15.0
standard,BCwave_b15n1s5,1.5,1,5,eddy_heat_flux_vT,100.0,-0.19813071646624142,275.0,310.0,36,25–90°N area–mass weighted,15.0
standard,BCwave_b15n1s5,1.5,1,5,eddy_heat_flux_vT,150.0,-0.55963574267096,275.0,310.0,36,25–90°N area–mass weighted,15.0
standard,BCwave_b15n1s5,1.5,1,5,eddy_heat_flux_vT,200.0,-0.1488191888978084,275.0,310.0,36,25–90°N area–mass weighted,15.0
standard,BCwave_b15n1s5,1.5,1,5,eddy_heat_flux_vT,250.0,0.6882974099781778,275.0,310.0,36,25–90°N area–mass weighted,15.0
standard,BCwave_b15n1s5,1.5,1,5,eddy_heat_flux_vT,300.0,1.9064392861392763,275.0,310.0,36,25–90°N area–mass weighted,15.0
standard,BCwave_b15n1s5,1.5,1,5,eddy_heat_flux_vT,400.0,4.868084583017561,275.0,310.0,36,25–90°N area–mass weighted,15.0
standard,BCwave_b15n1s5,1.5,1,5,eddy_heat_flux_vT,500.0,7.498557421896193,275.0,310.0,36,25–90°N area–mass weighted,15.0
standard,BCwave_b15n1s5,1.5,1,5,eddy_heat_flux_vT,600.0,9.335522002644009,275.0,310.0,36,25–90°N area–mass weighted,15.0
standard,BCwave_b15n1s5,1.5,1,5,eddy_heat_flux_vT,700.0,12.70549111896091,275.0,310.0,36,25–90°N area–mass weighted,15.0
standard,BCwave_b15n1s5,1.5,1,5,eddy_heat_flux_vT,850.0,22.20658387078179,275.0,310.0,36,25–90°N area–mass weighted,15.0
standard,BCwave_b15n1s5,1.5,1,5,eddy_heat_flux_vT,925.0,24.840373622046577,275.0,310.0,36,25–90°N area–mass weighted,15.0
standard,BCwave_b15n1s5,1.5,1,5,eddy_heat_flux_vT,975.0,25.190065383911133,275.0,310.0,36,25–90°N area–mass weighted,15.0
standard,BCwave_b15n1s5,1.5,1,5,eddy_heat_flux_vT,1000.0,26.721668349372017,275.0,310.0,36,25–90°N area–mass weighted,15.0
standard,BCwave_b15n1s10,1.5,1,10,eddy_heat_flux_vT,10.0,0.0030443354793903183,271.0,329.0,59,25–90°N area–mass weighted,15.0
standard,BCwave_b15n1s10,1.5,1,10,eddy_heat_flux_vT,50.0,0.03503436533639492,271.0,329.0,59,25–90°N area–mass weighted,15.0
standard,BCwave_b15n1s10,1.5,1,10,eddy_heat_flux_vT,100.0,-0.3438622570138867,271.0,329.0,59,25–90°N area–mass weighted,15.0
standard,BCwave_b15n1s10,1.5,1,10,eddy_heat_flux_vT,150.0,-0.8722799703226252,271.0,329.0,59,25–90°N area–mass weighted,15.0
standard,BCwave_b15n1s10,1.5,1,10,eddy_heat_flux_vT,200.0,-0.2774984523401422,271.0,329.0,59,25–90°N area–mass weighted,15.0
standard,BCwave_b15n1s10,1.5,1,10,eddy_heat_flux_vT,250.0,0.6529943059056492,271.0,329.0,59,25–90°N area–mass weighted,15.0
standard,BCwave_b15n1s10,1.5,1,10,eddy_heat_flux_vT,300.0,1.7663296743974848,271.0,329.0,59,25–90°N area–mass weighted,15.0
standard,BCwave_b15n1s10,1.5,1,10,eddy_heat_flux_vT,400.0,4.423453601740174,271.0,329.0,59,25–90°N area–mass weighted,15.0
standard,BCwave_b15n1s10,1.5,1,10,eddy_heat_flux_vT,500.0,6.475988048618123,271.0,329.0,59,25–90°N area–mass weighted,15.0
standard,BCwave_b15n1s10,1.5,1,10,eddy_heat_flux_vT,600.0,7.874072309267723,271.0,329.0,59,25–90°N area–mass weighted,15.0
standard,BCwave_b15n1s10,1.5,1,10,eddy_heat_flux_vT,700.0,11.170733484171205,271.0,329.0,59,25–90°N area–mass weighted,15.0
standard,BCwave_b15n1s10,1.5,1,10,eddy_heat_flux_vT,850.0,18.438031374397923,271.0,329.0,59,25–90°N area–mass weighted,15.0
standard,BCwave_b15n1s10,1.5,1,10,eddy_heat_flux_vT,925.0,19.827826936366193,271.0,329.0,59,25–90°N area–mass weighted,15.0
standard,BCwave_b15n1s10,1.5,1,10,eddy_heat_flux_vT,975.0,20.83121868715448,271.0,329.0,59,25–90°N area–mass weighted,15.0
standard,BCwave_b15n1s10,1.5,1,10,eddy_heat_flux_vT,1000.0,22.47266009702521,271.0,329.0,59,25–90°N area–mass weighted,15.0
standard,BCwave_b15n3s-10,1.5,3,-10,eddy_heat_flux_vT,10.0,0.00015743548013873537,318.0,344.0,27,25–90°N area–mass weighted,15.0
standard,BCwave_b15n3s-10,1.5,3,-10,eddy_heat_flux_vT,50.0,0.001575573750650855,318.0,344.0,27,25–90°N area–mass weighted,15.0
standard,BCwave_b15n3s-10,1.5,3,-10,eddy_heat_flux_vT,100.0,0.02338880742037738,318.0,344.0,27,25–90°N area–mass weighted,15.0
standard,BCwave_b15n3s-10,1.5,3,-10,eddy_heat_flux_vT,150.0,0.00809131335053179,318.0,344.0,27,25–90°N area–mass weighted,15.0
standard,BCwave_b15n3s-10,1.5,3,-10,eddy_heat_flux_vT,200.0,0.10330060648697394,318.0,344.0,27,25–90°N area–mass weighted,15.0
standard,BCwave_b15n3s-10,1.5,3,-10,eddy_heat_flux_vT,250.0,0.22743651822761254,318.0,344.0,27,25–90°N area–mass weighted,15.0
standard,BCwave_b15n3s-10,1.5,3,-10,eddy_heat_flux_vT,300.0,0.37065050778565584,318.0,344.0,27,25–90°N area–mass weighted,15.0
standard,BCwave_b15n3s-10,1.5,3,-10,eddy_heat_flux_vT,400.0,0.7413764618061207,318.0,344.0,27,25–90°N area–mass weighted,15.0
standard,BCwave_b15n3s-10,1.5,3,-10,eddy_heat_flux_vT,500.0,1.203759323667597,318.0,344.0,27,25–90°N area–mass weighted,15.0
standard,BCwave_b15n3s-10,1.5,3,-10,eddy_heat_flux_vT,600.0,1.7769381161089297,318.0,344.0,27,25–90°N area–mass weighted,15.0
standard,BCwave_b15n3s-10,1.5,3,-10,eddy_heat_flux_vT,700.0,2.293546367574621,318.0,344.0,27,25–90°N area–mass weighted,15.0
standard,BCwave_b15n3s-10,1.5,3,-10,eddy_heat_flux_vT,850.0,3.5623378312146223,318.0,344.0,27,25–90°N area–mass weighted,15.0
standard,BCwave_b15n3s-10,1.5,3,-10,eddy_heat_flux_vT,925.0,4.638163725535075,318.0,344.0,27,25–90°N area–mass weighted,15.0
standard,BCwave_b15n3s-10,1.5,3,-10,eddy_heat_flux_vT,975.0,5.140452261324282,318.0,344.0,27,25–90°N area–mass weighted,15.0
standard,BCwave_b15n3s-10,1.5,3,-10,eddy_heat_flux_vT,1000.0,5.288416526935719,318.0,344.0,27,25–90°N area–mass weighted,15.0
standard,BCwave_b15n3s-5,1.5,3,-5,eddy_heat_flux_vT,10.0,0.0002605110714544675,306.0,340.0,35,25–90°N area–mass weighted,15.0
standard,BCwave_b15n3s-5,1.5,3,-5,eddy_heat_flux_vT,50.0,0.0053395810137901985,306.0,340.0,35,25–90°N area–mass weighted,15.0
standard,BCwave_b15n3s-5,1.5,3,-5,eddy_heat_flux_vT,100.0,0.011079891092543091,306.0,340.0,35,25–90°N area–mass weighted,15.0
standard,BCwave_b15n3s-5,1.5,3,-5,eddy_heat_flux_vT,150.0,-0.09781415568930762,306.0,340.0,35,25–90°N area–mass weighted,15.0
standard,BCwave_b15n3s-5,1.5,3,-5,eddy_heat_flux_vT,200.0,0.11584167863641466,306.0,340.0,35,25–90°N area–mass weighted,15.0
standard,BCwave_b15n3s-5,1.5,3,-5,eddy_heat_flux_vT,250.0,0.3990630354200091,306.0,340.0,35,25–90°N area–mass weighted,15.0
standard,BCwave_b15n3s-5,1.5,3,-5,eddy_heat_flux_vT,300.0,0.7241716861724854,306.0,340.0,35,25–90°N area–mass weighted,15.0
standard,BCwave_b15n3s-5,1.5,3,-5,eddy_heat_flux_vT,400.0,1.49755243233272,306.0,340.0,35,25–90°N area–mass weighted,15.0
standard,BCwave_b15n3s-5,1.5,3,-5,eddy_heat_flux_vT,500.0,2.3026074375425067,306.0,340.0,35,25–90°N area–mass weighted,15.0
standard,BCwave_b15n3s-5,1.5,3,-5,eddy_heat_flux_vT,600.0,3.096804128374372,306.0,340.0,35,25–90°N area–mass weighted,15.0
standard,BCwave_b15n3s-5,1.5,3,-5,eddy_heat_flux_vT,700.0,3.8306030000959126,306.0,340.0,35,25–90°N area–mass weighted,15.0
standard,BCwave_b15n3s-5,1.5,3,-5,eddy_heat_flux_vT,850.0,6.049768679482597,306.0,340.0,35,25–90°N area–mass weighted,15.0
standard,BCwave_b15n3s-5,1.5,3,-5,eddy_heat_flux_vT,925.0,7.590695422036307,306.0,340.0,35,25–90°N area–mass weighted,15.0
standard,BCwave_b15n3s-5,1.5,3,-5,eddy_heat_flux_vT,975.0,8.35478515625,306.0,340.0,35,25–90°N area–mass weighted,15.0
standard,BCwave_b15n3s-5,1.5,3,-5,eddy_heat_flux_vT,1000.0,8.45950483594622,306.0,340.0,35,25–90°N area–mass weighted,15.0
standard,BCwave_b15n3,1.5,3,0,eddy_heat_flux_vT,10.0,0.0003313136325092413,302.0,340.0,39,25–90°N area–mass weighted,15.0
standard,BCwave_b15n3,1.5,3,0,eddy_heat_flux_vT,50.0,0.010405631401599983,302.0,340.0,39,25–90°N area–mass weighted,15.0
standard,BCwave_b15n3,1.5,3,0,eddy_heat_flux_vT,100.0,-0.02800756563933996,302.0,340.0,39,25–90°N area–mass weighted,15.0
standard,BCwave_b15n3,1.5,3,0,eddy_heat_flux_vT,150.0,-0.31316237571911937,302.0,340.0,39,25–90°N area–mass weighted,15.0
standard,BCwave_b15n3,1.5,3,0,eddy_heat_flux_vT,200.0,0.05549862035191976,302.0,340.0,39,25–90°N area–mass weighted,15.0
standard,BCwave_b15n3,1.5,3,0,eddy_heat_flux_vT,250.0,0.5894755239670093,302.0,340.0,39,25–90°N area–mass weighted,15.0
standard,BCwave_b15n3,1.5,3,0,eddy_heat_flux_vT,300.0,1.195066409233289,302.0,340.0,39,25–90°N area–mass weighted,15.0
standard,BCwave_b15n3,1.5,3,0,eddy_heat_flux_vT,400.0,2.449027581092639,302.0,340.0,39,25–90°N area–mass weighted,15.0
standard,BCwave_b15n3,1.5,3,0,eddy_heat_flux_vT,500.0,3.625603492443378,302.0,340.0,39,25–90°N area–mass weighted,15.0
standard,BCwave_b15n3,1.5,3,0,eddy_heat_flux_vT,600.0,4.7484145775819435,302.0,340.0,39,25–90°N area–mass weighted,15.0
standard,BCwave_b15n3,1.5,3,0,eddy_heat_flux_vT,700.0,6.099434021191719,302.0,340.0,39,25–90°N area–mass weighted,15.0
standard,BCwave_b15n3,1.5,3,0,eddy_heat_flux_vT,850.0,10.319736407353329,302.0,340.0,39,25–90°N area–mass weighted,15.0
standard,BCwave_b15n3,1.5,3,0,eddy_heat_flux_vT,925.0,12.474016165122007,302.0,340.0,39,25–90°N area–mass weighted,15.0
standard,BCwave_b15n3,1.5,3,0,eddy_heat_flux_vT,975.0,13.30180468926063,302.0,340.0,39,25–90°N area–mass weighted,15.0
standard,BCwave_b15n3,1.5,3,0,eddy_heat_flux_vT,1000.0,13.22306312658848,302.0,340.0,39,25–90°N area–mass weighted,15.0
standard,BCwave_b15n3s5,1.5,3,5,eddy_heat_flux_vT,10.0,0.00031959089569032326,291.0,325.0,35,25–90°N area–mass weighted,15.0
standard,BCwave_b15n3s5,1.5,3,5,eddy_heat_flux_vT,50.0,0.01200826077588967,291.0,325.0,35,25–90°N area–mass weighted,15.0
standard,BCwave_b15n3s5,1.5,3,5,eddy_heat_flux_vT,100.0,-0.11097584984132222,291.0,325.0,35,25–90°N area–mass weighted,15.0
standard,BCwave_b15n3s5,1.5,3,5,eddy_heat_flux_vT,150.0,-0.5312401252133506,291.0,325.0,35,25–90°N area–mass weighted,15.0
standard,BCwave_b15n3s5,1.5,3,5,eddy_heat_flux_vT,200.0,-0.07455993465014867,291.0,325.0,35,25–90°N area–mass weighted,15.0
standard,BCwave_b15n3s5,1.5,3,5,eddy_heat_flux_vT,250.0,0.7203163410936083,291.0,325.0,35,25–90°N area–mass weighted,15.0
standard,BCwave_b15n3s5,1.5,3,5,eddy_heat_flux_vT,300.0,1.6424697399139405,291.0,325.0,35,25–90°N area–mass weighted,15.0
standard,BCwave_b15n3s5,1.5,3,5,eddy_heat_flux_vT,400.0,3.456360217503139,291.0,325.0,35,25–90°N area–mass weighted,15.0
standard,BCwave_b15n3s5,1.5,3,5,eddy_heat_flux_vT,500.0,5.063785811832973,291.0,325.0,35,25–90°N area–mass weighted,15.0
standard,BCwave_b15n3s5,1.5,3,5,eddy_heat_flux_vT,600.0,6.479909610748291,291.0,325.0,35,25–90°N area–mass weighted,15.0
standard,BCwave_b15n3s5,1.5,3,5,eddy_heat_flux_vT,700.0,8.437150165012904,291.0,325.0,35,25–90°N area–mass weighted,15.0
standard,BCwave_b15n3s5,1.5,3,5,eddy_heat_flux_vT,850.0,14.204814338684082,291.0,325.0,35,25–90°N area–mass weighted,15.0
standard,BCwave_b15n3s5,1.5,3,5,eddy_heat_flux_vT,925.0,16.152622985839844,291.0,325.0,35,25–90°N area–mass weighted,15.0
standard,BCwave_b15n3s5,1.5,3,5,eddy_heat_flux_vT,975.0,16.914903041294643,291.0,325.0,35,25–90°N area–mass weighted,15.0
standard,BCwave_b15n3s5,1.5,3,5,eddy_heat_flux_vT,1000.0,16.942293657575334,291.0,325.0,35,25–90°N area–mass weighted,15.0
standard,BCwave_b15n3s10,1.5,3,10,eddy_heat_flux_vT,10.0,0.0007172235434743069,270.0,303.0,34,25–90°N area–mass weighted,15.0
standard,BCwave_b15n3s10,1.5,3,10,eddy_heat_flux_vT,50.0,0.01456355829449261,270.0,303.0,34,25–90°N area–mass weighted,15.0
standard,BCwave_b15n3s10,1.5,3,10,eddy_heat_flux_vT,100.0,-0.15072425432941494,270.0,303.0,34,25–90°N area–mass weighted,15.0
standard,BCwave_b15n3s10,1.5,3,10,eddy_heat_flux_vT,150.0,-0.5405669711968478,270.0,303.0,34,25–90°N area–mass weighted,15.0
standard,BCwave_b15n3s10,1.5,3,10,eddy_heat_flux_vT,200.0,-0.18595687913544037,270.0,303.0,34,25–90°N area–mass weighted,15.0
standard,BCwave_b15n3s10,1.5,3,10,eddy_heat_flux_vT,250.0,0.5136465368901982,270.0,303.0,34,25–90°N area–mass weighted,15.0
standard,BCwave_b15n3s10,1.5,3,10,eddy_heat_flux_vT,300.0,1.4213915642570047,270.0,303.0,34,25–90°N area–mass weighted,15.0
standard,BCwave_b15n3s10,1.5,3,10,eddy_heat_flux_vT,400.0,3.4836550319896027,270.0,303.0,34,25–90°N area–mass weighted,15.0
standard,BCwave_b15n3s10,1.5,3,10,eddy_heat_flux_vT,500.0,5.358162171700421,270.0,303.0,34,25–90°N area–mass weighted,15.0
standard,BCwave_b15n3s10,1.5,3,10,eddy_heat_flux_vT,600.0,6.908360495286829,270.0,303.0,34,25–90°N area–mass weighted,15.0
standard,BCwave_b15n3s10,1.5,3,10,eddy_heat_flux_vT,700.0,9.202409575967227,270.0,303.0,34,25–90°N area–mass weighted,15.0
standard,BCwave_b15n3s10,1.5,3,10,eddy_heat_flux_vT,850.0,15.197188040789436,270.0,303.0,34,25–90°N area–mass weighted,15.0
standard,BCwave_b15n3s10,1.5,3,10,eddy_heat_flux_vT,925.0,17.075350901659796,270.0,303.0,34,25–90°N area–mass weighted,15.0
standard,BCwave_b15n3s10,1.5,3,10,eddy_heat_flux_vT,975.0,18.372249294729794,270.0,303.0,34,25–90°N area–mass weighted,15.0
standard,BCwave_b15n3s10,1.5,3,10,eddy_heat_flux_vT,1000.0,18.58771332572488,270.0,303.0,34,25–90°N area–mass weighted,15.0
standard,BCwave_b15n6s-10,1.5,6,-10,eddy_heat_flux_vT,10.0,0.0001039570476859808,322.0,346.0,25,25–90°N area–mass weighted,15.0
standard,BCwave_b15n6s-10,1.5,6,-10,eddy_heat_flux_vT,50.0,0.000594181913184002,322.0,346.0,25,25–90°N area–mass weighted,15.0
standard,BCwave_b15n6s-10,1.5,6,-10,eddy_heat_flux_vT,100.0,0.018613121546804903,322.0,346.0,25,25–90°N area–mass weighted,15.0
standard,BCwave_b15n6s-10,1.5,6,-10,eddy_heat_flux_vT,150.0,0.022333685681223868,322.0,346.0,25,25–90°N area–mass weighted,15.0
standard,BCwave_b15n6s-10,1.5,6,-10,eddy_heat_flux_vT,200.0,0.06785018816590309,322.0,346.0,25,25–90°N area–mass weighted,15.0
standard,BCwave_b15n6s-10,1.5,6,-10,eddy_heat_flux_vT,250.0,0.12560556918382645,322.0,346.0,25,25–90°N area–mass weighted,15.0
standard,BCwave_b15n6s-10,1.5,6,-10,eddy_heat_flux_vT,300.0,0.1923612177371979,322.0,346.0,25,25–90°N area–mass weighted,15.0
standard,BCwave_b15n6s-10,1.5,6,-10,eddy_heat_flux_vT,400.0,0.36601813435554503,322.0,346.0,25,25–90°N area–mass weighted,15.0
standard,BCwave_b15n6s-10,1.5,6,-10,eddy_heat_flux_vT,500.0,0.601025996208191,322.0,346.0,25,25–90°N area–mass weighted,15.0
standard,BCwave_b15n6s-10,1.5,6,-10,eddy_heat_flux_vT,600.0,0.9033501172065734,322.0,346.0,25,25–90°N area–mass weighted,15.0
standard,BCwave_b15n6s-10,1.5,6,-10,eddy_heat_flux_vT,700.0,1.232040090560913,322.0,346.0,25,25–90°N area–mass weighted,15.0
standard,BCwave_b15n6s-10,1.5,6,-10,eddy_heat_flux_vT,850.0,1.9074630784988402,322.0,346.0,25,25–90°N area–mass weighted,15.0
standard,BCwave_b15n6s-10,1.5,6,-10,eddy_heat_flux_vT,925.0,2.544086284637451,322.0,346.0,25,25–90°N area–mass weighted,15.0
standard,BCwave_b15n6s-10,1.5,6,-10,eddy_heat_flux_vT,975.0,2.793128938674927,322.0,346.0,25,25–90°N area–mass weighted,15.0
standard,BCwave_b15n6s-10,1.5,6,-10,eddy_heat_flux_vT,1000.0,2.8601319217681884,322.0,346.0,25,25–90°N area–mass weighted,15.0
standard,BCwave_b15n6s-5,1.5,6,-5,eddy_heat_flux_vT,10.0,0.00016876513788398976,311.0,340.0,30,25–90°N area–mass weighted,15.0
standard,BCwave_b15n6s-5,1.5,6,-5,eddy_heat_flux_vT,50.0,0.0025317660416476428,311.0,340.0,30,25–90°N area–mass weighted,15.0
standard,BCwave_b15n6s-5,1.5,6,-5,eddy_heat_flux_vT,100.0,0.018842055834829806,311.0,340.0,30,25–90°N area–mass weighted,15.0
standard,BCwave_b15n6s-5,1.5,6,-5,eddy_heat_flux_vT,150.0,-0.009702748619019985,311.0,340.0,30,25–90°N area–mass weighted,15.0
standard,BCwave_b15n6s-5,1.5,6,-5,eddy_heat_flux_vT,200.0,0.09627554938197136,311.0,340.0,30,25–90°N area–mass weighted,15.0
standard,BCwave_b15n6s-5,1.5,6,-5,eddy_heat_flux_vT,250.0,0.24163636912902195,311.0,340.0,30,25–90°N area–mass weighted,15.0
standard,BCwave_b15n6s-5,1.5,6,-5,eddy_heat_flux_vT,300.0,0.40949862202008563,311.0,340.0,30,25–90°N area–mass weighted,15.0
standard,BCwave_b15n6s-5,1.5,6,-5,eddy_heat_flux_vT,400.0,0.825299882888794,311.0,340.0,30,25–90°N area–mass weighted,15.0
standard,BCwave_b15n6s-5,1.5,6,-5,eddy_heat_flux_vT,500.0,1.3019195079803467,311.0,340.0,30,25–90°N area–mass weighted,15.0
standard,BCwave_b15n6s-5,1.5,6,-5,eddy_heat_flux_vT,600.0,1.825304098924001,311.0,340.0,30,25–90°N area–mass weighted,15.0
standard,BCwave_b15n6s-5,1.5,6,-5,eddy_heat_flux_vT,700.0,2.308713420232137,311.0,340.0,30,25–90°N area–mass weighted,15.0
standard,BCwave_b15n6s-5,1.5,6,-5,eddy_heat_flux_vT,850.0,3.5847176790237425,311.0,340.0,30,25–90°N area–mass weighted,15.0
standard,BCwave_b15n6s-5,1.5,6,-5,eddy_heat_flux_vT,925.0,4.5034443457921345,311.0,340.0,30,25–90°N area–mass weighted,15.0
standard,BCwave_b15n6s-5,1.5,6,-5,eddy_heat_flux_vT,975.0,4.916698201497396,311.0,340.0,30,25–90°N area–mass weighted,15.0
standard,BCwave_b15n6s-5,1.5,6,-5,eddy_heat_flux_vT,1000.0,5.0548174222310385,311.0,340.0,30,25–90°N area–mass weighted,15.0
standard,BCwave_b15n6,1.5,6,0,eddy_heat_flux_vT,10.0,0.0002901110069032233,300.0,338.0,39,25–90°N area–mass weighted,15.0
standard,BCwave_b15n6,1.5,6,0,eddy_heat_flux_vT,50.0,0.006047111135931351,300.0,338.0,39,25–90°N area–mass weighted,15.0
standard,BCwave_b15n6,1.5,6,0,eddy_heat_flux_vT,100.0,0.0008402185656170611,300.0,338.0,39,25–90°N area–mass weighted,15.0
standard,BCwave_b15n6,1.5,6,0,eddy_heat_flux_vT,150.0,-0.12033614095969078,300.0,338.0,39,25–90°N area–mass weighted,15.0
standard,BCwave_b15n6,1.5,6,0,eddy_heat_flux_vT,200.0,0.07252986366168046,300.0,338.0,39,25–90°N area–mass weighted,15.0
standard,BCwave_b15n6,1.5,6,0,eddy_heat_flux_vT,250.0,0.3443178572715857,300.0,338.0,39,25–90°N area–mass weighted,15.0
standard,BCwave_b15n6,1.5,6,0,eddy_heat_flux_vT,300.0,0.6589479140746288,300.0,338.0,39,25–90°N area–mass weighted,15.0
standard,BCwave_b15n6,1.5,6,0,eddy_heat_flux_vT,400.0,1.3710418847891002,300.0,338.0,39,25–90°N area–mass weighted,15.0
standard,BCwave_b15n6,1.5,6,0,eddy_heat_flux_vT,500.0,2.087155152589847,300.0,338.0,39,25–90°N area–mass weighted,15.0
standard,BCwave_b15n6,1.5,6,0,eddy_heat_flux_vT,600.0,2.7978393359062,300.0,338.0,39,25–90°N area–mass weighted,15.0
standard,BCwave_b15n6,1.5,6,0,eddy_heat_flux_vT,700.0,3.583457812284812,300.0,338.0,39,25–90°N area–mass weighted,15.0
standard,BCwave_b15n6,1.5,6,0,eddy_heat_flux_vT,850.0,5.890324983841333,300.0,338.0,39,25–90°N area–mass weighted,15.0
standard,BCwave_b15n6,1.5,6,0,eddy_heat_flux_vT,925.0,7.057966232299805,300.0,338.0,39,25–90°N area–mass weighted,15.0
standard,BCwave_b15n6,1.5,6,0,eddy_heat_flux_vT,975.0,7.524064406370505,300.0,338.0,39,25–90°N area–mass weighted,15.0
standard,BCwave_b15n6,1.5,6,0,eddy_heat_flux_vT,1000.0,7.455064785786164,300.0,338.0,39,25–90°N area–mass weighted,15.0
standard,BCwave_b15n6s5,1.5,6,5,eddy_heat_flux_vT,10.0,0.00041908891546691573,293.0,335.0,43,25–90°N area–mass weighted,15.0
standard,BCwave_b15n6s5,1.5,6,5,eddy_heat_flux_vT,50.0,0.009185603928080825,293.0,335.0,43,25–90°N area–mass weighted,15.0
standard,BCwave_b15n6s5,1.5,6,5,eddy_heat_flux_vT,100.0,-0.032458556426125905,293.0,335.0,43,25–90°N area–mass weighted,15.0
standard,BCwave_b15n6s5,1.5,6,5,eddy_heat_flux_vT,150.0,-0.2737021834351296,293.0,335.0,43,25–90°N area–mass weighted,15.0
standard,BCwave_b15n6s5,1.5,6,5,eddy_heat_flux_vT,200.0,0.01074061602852199,293.0,335.0,43,25–90°N area–mass weighted,15.0
standard,BCwave_b15n6s5,1.5,6,5,eddy_heat_flux_vT,250.0,0.4352470795775569,293.0,335.0,43,25–90°N area–mass weighted,15.0
standard,BCwave_b15n6s5,1.5,6,5,eddy_heat_flux_vT,300.0,0.9151086765666341,293.0,335.0,43,25–90°N area–mass weighted,15.0
standard,BCwave_b15n6s5,1.5,6,5,eddy_heat_flux_vT,400.0,1.8917073427244675,293.0,335.0,43,25–90°N area–mass weighted,15.0
standard,BCwave_b15n6s5,1.5,6,5,eddy_heat_flux_vT,500.0,2.7955175222352495,293.0,335.0,43,25–90°N area–mass weighted,15.0
standard,BCwave_b15n6s5,1.5,6,5,eddy_heat_flux_vT,600.0,3.781169847000477,293.0,335.0,43,25–90°N area–mass weighted,15.0
standard,BCwave_b15n6s5,1.5,6,5,eddy_heat_flux_vT,700.0,5.102970278540323,293.0,335.0,43,25–90°N area–mass weighted,15.0
standard,BCwave_b15n6s5,1.5,6,5,eddy_heat_flux_vT,850.0,8.649763317995292,293.0,335.0,43,25–90°N area–mass weighted,15.0
standard,BCwave_b15n6s5,1.5,6,5,eddy_heat_flux_vT,925.0,9.868102805559026,293.0,335.0,43,25–90°N area–mass weighted,15.0
standard,BCwave_b15n6s5,1.5,6,5,eddy_heat_flux_vT,975.0,10.142858305642772,293.0,335.0,43,25–90°N area–mass weighted,15.0
standard,BCwave_b15n6s5,1.5,6,5,eddy_heat_flux_vT,1000.0,9.936117238776628,293.0,335.0,43,25–90°N area–mass weighted,15.0
standard,BCwave_b15n6s10,1.5,6,10,eddy_heat_flux_vT,10.0,0.0005913573400991992,270.0,310.0,41,25–90°N area–mass weighted,15.0
standard,BCwave_b15n6s10,1.5,6,10,eddy_heat_flux_vT,50.0,0.010806738035526217,270.0,310.0,41,25–90°N area–mass weighted,15.0
standard,BCwave_b15n6s10,1.5,6,10,eddy_heat_flux_vT,100.0,-0.06311488669456505,270.0,310.0,41,25–90°N area–mass weighted,15.0
standard,BCwave_b15n6s10,1.5,6,10,eddy_heat_flux_vT,150.0,-0.3472280182489535,270.0,310.0,41,25–90°N area–mass weighted,15.0
standard,BCwave_b15n6s10,1.5,6,10,eddy_heat_flux_vT,200.0,-0.08582586640628373,270.0,310.0,41,25–90°N area–mass weighted,15.0
standard,BCwave_b15n6s10,1.5,6,10,eddy_heat_flux_vT,250.0,0.3639504291662356,270.0,310.0,41,25–90°N area–mass weighted,15.0
standard,BCwave_b15n6s10,1.5,6,10,eddy_heat_flux_vT,300.0,0.9048117064848179,270.0,310.0,41,25–90°N area–mass weighted,15.0
standard,BCwave_b15n6s10,1.5,6,10,eddy_heat_flux_vT,400.0,2.059181983877973,270.0,310.0,41,25–90°N area–mass weighted,15.0
standard,BCwave_b15n6s10,1.5,6,10,eddy_heat_flux_vT,500.0,3.1168656116578637,270.0,310.0,41,25–90°N area–mass weighted,15.0
standard,BCwave_b15n6s10,1.5,6,10,eddy_heat_flux_vT,600.0,4.17562611510114,270.0,310.0,41,25–90°N area–mass weighted,15.0
standard,BCwave_b15n6s10,1.5,6,10,eddy_heat_flux_vT,700.0,5.668560353721061,270.0,310.0,41,25–90°N area–mass weighted,15.0
standard,BCwave_b15n6s10,1.5,6,10,eddy_heat_flux_vT,850.0,9.267422327181189,270.0,310.0,41,25–90°N area–mass weighted,15.0
standard,BCwave_b15n6s10,1.5,6,10,eddy_heat_flux_vT,925.0,10.34781265258789,270.0,310.0,41,25–90°N area–mass weighted,15.0
standard,BCwave_b15n6s10,1.5,6,10,eddy_heat_flux_vT,975.0,10.642178837845965,270.0,310.0,41,25–90°N area–mass weighted,15.0
standard,BCwave_b15n6s10,1.5,6,10,eddy_heat_flux_vT,1000.0,10.427386993315162,270.0,310.0,41,25–90°N area–mass weighted,15.0
standard,BCwave_b2n1s-10,2.0,1,-10,eddy_heat_flux_vT,10.0,0.0006861839812093725,313.0,342.0,30,25–90°N area–mass weighted,15.0
standard,BCwave_b2n1s-10,2.0,1,-10,eddy_heat_flux_vT,50.0,0.2501012826959292,313.0,342.0,30,25–90°N area–mass weighted,15.0
standard,BCwave_b2n1s-10,2.0,1,-10,eddy_heat_flux_vT,100.0,0.34064963509639107,313.0,342.0,30,25–90°N area–mass weighted,15.0
standard,BCwave_b2n1s-10,2.0,1,-10,eddy_heat_flux_vT,150.0,0.3409497698148092,313.0,342.0,30,25–90°N area–mass weighted,15.0
standard,BCwave_b2n1s-10,2.0,1,-10,eddy_heat_flux_vT,200.0,0.6763136784235636,313.0,342.0,30,25–90°N area–mass weighted,15.0
standard,BCwave_b2n1s-10,2.0,1,-10,eddy_heat_flux_vT,250.0,1.1504602054754893,313.0,342.0,30,25–90°N area–mass weighted,15.0
standard,BCwave_b2n1s-10,2.0,1,-10,eddy_heat_flux_vT,300.0,1.6758810838063558,313.0,342.0,30,25–90°N area–mass weighted,15.0
standard,BCwave_b2n1s-10,2.0,1,-10,eddy_heat_flux_vT,400.0,2.7830092906951904,313.0,342.0,30,25–90°N area–mass weighted,15.0
standard,BCwave_b2n1s-10,2.0,1,-10,eddy_heat_flux_vT,500.0,4.047087319691976,313.0,342.0,30,25–90°N area–mass weighted,15.0
standard,BCwave_b2n1s-10,2.0,1,-10,eddy_heat_flux_vT,600.0,5.3852454344431555,313.0,342.0,30,25–90°N area–mass weighted,15.0
standard,BCwave_b2n1s-10,2.0,1,-10,eddy_heat_flux_vT,700.0,7.339365037282308,313.0,342.0,30,25–90°N area–mass weighted,15.0
standard,BCwave_b2n1s-10,2.0,1,-10,eddy_heat_flux_vT,850.0,13.152639516194661,313.0,342.0,30,25–90°N area–mass weighted,15.0
standard,BCwave_b2n1s-10,2.0,1,-10,eddy_heat_flux_vT,925.0,16.64796848297119,313.0,342.0,30,25–90°N area–mass weighted,15.0
standard,BCwave_b2n1s-10,2.0,1,-10,eddy_heat_flux_vT,975.0,18.285538132985433,313.0,342.0,30,25–90°N area–mass weighted,15.0
standard,BCwave_b2n1s-10,2.0,1,-10,eddy_heat_flux_vT,1000.0,18.282688585917153,313.0,342.0,30,25–90°N area–mass weighted,15.0
standard,BCwave_b2n1s-5,2.0,1,-5,eddy_heat_flux_vT,10.0,0.0022438070489883876,306.0,338.0,33,25–90°N area–mass weighted,15.0
standard,BCwave_b2n1s-5,2.0,1,-5,eddy_heat_flux_vT,50.0,0.4495847180034175,306.0,338.0,33,25–90°N area–mass weighted,15.0
standard,BCwave_b2n1s-5,2.0,1,-5,eddy_heat_flux_vT,100.0,0.5588409927758303,306.0,338.0,33,25–90°N area–mass weighted,15.0
standard,BCwave_b2n1s-5,2.0,1,-5,eddy_heat_flux_vT,150.0,0.7189981630354216,306.0,338.0,33,25–90°N area–mass weighted,15.0
standard,BCwave_b2n1s-5,2.0,1,-5,eddy_heat_flux_vT,200.0,1.684662836970705,306.0,338.0,33,25–90°N area–mass weighted,15.0
standard,BCwave_b2n1s-5,2.0,1,-5,eddy_heat_flux_vT,250.0,2.877006183971058,306.0,338.0,33,25–90°N area–mass weighted,15.0
standard,BCwave_b2n1s-5,2.0,1,-5,eddy_heat_flux_vT,300.0,3.9799151203849097,306.0,338.0,33,25–90°N area–mass weighted,15.0
standard,BCwave_b2n1s-5,2.0,1,-5,eddy_heat_flux_vT,400.0,5.900150819258257,306.0,338.0,33,25–90°N area–mass weighted,15.0
standard,BCwave_b2n1s-5,2.0,1,-5,eddy_heat_flux_vT,500.0,7.991689378565008,306.0,338.0,33,25–90°N area–mass weighted,15.0
standard,BCwave_b2n1s-5,2.0,1,-5,eddy_heat_flux_vT,600.0,10.356050086743904,306.0,338.0,33,25–90°N area–mass weighted,15.0
standard,BCwave_b2n1s-5,2.0,1,-5,eddy_heat_flux_vT,700.0,14.119739243478486,306.0,338.0,33,25–90°N area–mass weighted,15.0
standard,BCwave_b2n1s-5,2.0,1,-5,eddy_heat_flux_vT,850.0,23.782370422825668,306.0,338.0,33,25–90°N area–mass weighted,15.0
standard,BCwave_b2n1s-5,2.0,1,-5,eddy_heat_flux_vT,925.0,27.14890971328273,306.0,338.0,33,25–90°N area–mass weighted,15.0
standard,BCwave_b2n1s-5,2.0,1,-5,eddy_heat_flux_vT,975.0,27.6877265698982,306.0,338.0,33,25–90°N area–mass weighted,15.0
standard,BCwave_b2n1s-5,2.0,1,-5,eddy_heat_flux_vT,1000.0,27.756075309984613,306.0,338.0,33,25–90°N area–mass weighted,15.0
standard,BCwave_b2n1,2.0,1,0,eddy_heat_flux_vT,10.0,0.003655188161158754,284.0,314.0,31,25–90°N area–mass weighted,15.0
standard,BCwave_b2n1,2.0,1,0,eddy_heat_flux_vT,50.0,0.32568763965560543,284.0,314.0,31,25–90°N area–mass weighted,15.0
standard,BCwave_b2n1,2.0,1,0,eddy_heat_flux_vT,100.0,0.42653171958461883,284.0,314.0,31,25–90°N area–mass weighted,15.0
standard,BCwave_b2n1,2.0,1,0,eddy_heat_flux_vT,150.0,0.8411251921807567,284.0,314.0,31,25–90°N area–mass weighted,15.0
standard,BCwave_b2n1,2.0,1,0,eddy_heat_flux_vT,200.0,2.3417731561968402,284.0,314.0,31,25–90°N area–mass weighted,15.0
standard,BCwave_b2n1,2.0,1,0,eddy_heat_flux_vT,250.0,4.079092864067324,284.0,314.0,31,25–90°N area–mass weighted,15.0
standard,BCwave_b2n1,2.0,1,0,eddy_heat_flux_vT,300.0,5.628366224227413,284.0,314.0,31,25–90°N area–mass weighted,15.0
standard,BCwave_b2n1,2.0,1,0,eddy_heat_flux_vT,400.0,8.497433877760365,284.0,314.0,31,25–90°N area–mass weighted,15.0
standard,BCwave_b2n1,2.0,1,0,eddy_heat_flux_vT,500.0,11.095682359510853,284.0,314.0,31,25–90°N area–mass weighted,15.0
standard,BCwave_b2n1,2.0,1,0,eddy_heat_flux_vT,600.0,13.707310707338396,284.0,314.0,31,25–90°N area–mass weighted,15.0
standard,BCwave_b2n1,2.0,1,0,eddy_heat_flux_vT,700.0,18.285968965099705,284.0,314.0,31,25–90°N area–mass weighted,15.0
standard,BCwave_b2n1,2.0,1,0,eddy_heat_flux_vT,850.0,29.391678225609564,284.0,314.0,31,25–90°N area–mass weighted,15.0
standard,BCwave_b2n1,2.0,1,0,eddy_heat_flux_vT,925.0,31.51638412475586,284.0,314.0,31,25–90°N area–mass weighted,15.0
standard,BCwave_b2n1,2.0,1,0,eddy_heat_flux_vT,975.0,31.956585914857925,284.0,314.0,31,25–90°N area–mass weighted,15.0
standard,BCwave_b2n1,2.0,1,0,eddy_heat_flux_vT,1000.0,32.79582035926081,284.0,314.0,31,25–90°N area–mass weighted,15.0
standard,BCwave_b2n1s5,2.0,1,5,eddy_heat_flux_vT,10.0,0.007104392043714013,261.0,295.0,35,25–90°N area–mass weighted,15.0
standard,BCwave_b2n1s5,2.0,1,5,eddy_heat_flux_vT,50.0,0.18041761666536332,261.0,295.0,35,25–90°N area–mass weighted,15.0
standard,BCwave_b2n1s5,2.0,1,5,eddy_heat_flux_vT,100.0,0.19775953590869905,261.0,295.0,35,25–90°N area–mass weighted,15.0
standard,BCwave_b2n1s5,2.0,1,5,eddy_heat_flux_vT,150.0,0.6400069585868291,261.0,295.0,35,25–90°N area–mass weighted,15.0
standard,BCwave_b2n1s5,2.0,1,5,eddy_heat_flux_vT,200.0,2.13389436176845,261.0,295.0,35,25–90°N area–mass weighted,15.0
standard,BCwave_b2n1s5,2.0,1,5,eddy_heat_flux_vT,250.0,3.991040543147496,261.0,295.0,35,25–90°N area–mass weighted,15.0
standard,BCwave_b2n1s5,2.0,1,5,eddy_heat_flux_vT,300.0,5.819679914202009,261.0,295.0,35,25–90°N area–mass weighted,15.0
standard,BCwave_b2n1s5,2.0,1,5,eddy_heat_flux_vT,400.0,8.97389726638794,261.0,295.0,35,25–90°N area–mass weighted,15.0
standard,BCwave_b2n1s5,2.0,1,5,eddy_heat_flux_vT,500.0,10.95154492514474,261.0,295.0,35,25–90°N area–mass weighted,15.0
standard,BCwave_b2n1s5,2.0,1,5,eddy_heat_flux_vT,600.0,13.497014263698032,261.0,295.0,35,25–90°N area–mass weighted,15.0
standard,BCwave_b2n1s5,2.0,1,5,eddy_heat_flux_vT,700.0,18.685380690438407,261.0,295.0,35,25–90°N area–mass weighted,15.0
standard,BCwave_b2n1s5,2.0,1,5,eddy_heat_flux_vT,850.0,29.732563727242606,261.0,295.0,35,25–90°N area–mass weighted,15.0
standard,BCwave_b2n1s5,2.0,1,5,eddy_heat_flux_vT,925.0,31.490656879970004,261.0,295.0,35,25–90°N area–mass weighted,15.0
standard,BCwave_b2n1s5,2.0,1,5,eddy_heat_flux_vT,975.0,33.03519799368722,261.0,295.0,35,25–90°N area–mass weighted,15.0
standard,BCwave_b2n1s5,2.0,1,5,eddy_heat_flux_vT,1000.0,35.58823585510254,261.0,295.0,35,25–90°N area–mass weighted,15.0
standard,BCwave_b2n1s10,2.0,1,10,eddy_heat_flux_vT,10.0,0.013162475983228753,256.0,323.0,68,25–90°N area–mass weighted,15.0
standard,BCwave_b2n1s10,2.0,1,10,eddy_heat_flux_vT,50.0,0.11138991170617588,256.0,323.0,68,25–90°N area–mass weighted,15.0
standard,BCwave_b2n1s10,2.0,1,10,eddy_heat_flux_vT,100.0,-0.3344538746511235,256.0,323.0,68,25–90°N area–mass weighted,15.0
standard,BCwave_b2n1s10,2.0,1,10,eddy_heat_flux_vT,150.0,0.23903417127097354,256.0,323.0,68,25–90°N area–mass weighted,15.0
standard,BCwave_b2n1s10,2.0,1,10,eddy_heat_flux_vT,200.0,1.6272674413288342,256.0,323.0,68,25–90°N area–mass weighted,15.0
standard,BCwave_b2n1s10,2.0,1,10,eddy_heat_flux_vT,250.0,3.157433849923751,256.0,323.0,68,25–90°N area–mass weighted,15.0
standard,BCwave_b2n1s10,2.0,1,10,eddy_heat_flux_vT,300.0,4.790839314460754,256.0,323.0,68,25–90°N area–mass weighted,15.0
standard,BCwave_b2n1s10,2.0,1,10,eddy_heat_flux_vT,400.0,7.416677040212295,256.0,323.0,68,25–90°N area–mass weighted,15.0
standard,BCwave_b2n1s10,2.0,1,10,eddy_heat_flux_vT,500.0,8.471955313402063,256.0,323.0,68,25–90°N area–mass weighted,15.0
standard,BCwave_b2n1s10,2.0,1,10,eddy_heat_flux_vT,600.0,10.827674136442297,256.0,323.0,68,25–90°N area–mass weighted,15.0
standard,BCwave_b2n1s10,2.0,1,10,eddy_heat_flux_vT,700.0,15.100917058832506,256.0,323.0,68,25–90°N area–mass weighted,15.0
standard,BCwave_b2n1s10,2.0,1,10,eddy_heat_flux_vT,850.0,21.67111043369069,256.0,323.0,68,25–90°N area–mass weighted,15.0
standard,BCwave_b2n1s10,2.0,1,10,eddy_heat_flux_vT,925.0,23.239630558911493,256.0,323.0,68,25–90°N area–mass weighted,15.0
standard,BCwave_b2n1s10,2.0,1,10,eddy_heat_flux_vT,975.0,26.19537404004265,256.0,323.0,68,25–90°N area–mass weighted,15.0
standard,BCwave_b2n1s10,2.0,1,10,eddy_heat_flux_vT,1000.0,29.335166426265943,256.0,323.0,68,25–90°N area–mass weighted,15.0
standard,BCwave_b2n3s-10,2.0,3,-10,eddy_heat_flux_vT,10.0,0.00020339862443506716,321.0,345.0,25,25–90°N area–mass weighted,15.0
standard,BCwave_b2n3s-10,2.0,3,-10,eddy_heat_flux_vT,50.0,0.07608678564429283,321.0,345.0,25,25–90°N area–mass weighted,15.0
standard,BCwave_b2n3s-10,2.0,3,-10,eddy_heat_flux_vT,100.0,0.14305071890354157,321.0,345.0,25,25–90°N area–mass weighted,15.0
standard,BCwave_b2n3s-10,2.0,3,-10,eddy_heat_flux_vT,150.0,0.14661579310894013,321.0,345.0,25,25–90°N area–mass weighted,15.0
standard,BCwave_b2n3s-10,2.0,3,-10,eddy_heat_flux_vT,200.0,0.2742729544639587,321.0,345.0,25,25–90°N area–mass weighted,15.0
standard,BCwave_b2n3s-10,2.0,3,-10,eddy_heat_flux_vT,250.0,0.4600767970085144,321.0,345.0,25,25–90°N area–mass weighted,15.0
standard,BCwave_b2n3s-10,2.0,3,-10,eddy_heat_flux_vT,300.0,0.6804331088066101,321.0,345.0,25,25–90°N area–mass weighted,15.0
standard,BCwave_b2n3s-10,2.0,3,-10,eddy_heat_flux_vT,400.0,1.2232572793960572,321.0,345.0,25,25–90°N area–mass weighted,15.0
standard,BCwave_b2n3s-10,2.0,3,-10,eddy_heat_flux_vT,500.0,1.8762953090667724,321.0,345.0,25,25–90°N area–mass weighted,15.0
standard,BCwave_b2n3s-10,2.0,3,-10,eddy_heat_flux_vT,600.0,2.640964460372925,321.0,345.0,25,25–90°N area–mass weighted,15.0
standard,BCwave_b2n3s-10,2.0,3,-10,eddy_heat_flux_vT,700.0,3.413005895614624,321.0,345.0,25,25–90°N area–mass weighted,15.0
standard,BCwave_b2n3s-10,2.0,3,-10,eddy_heat_flux_vT,850.0,5.458274402618408,321.0,345.0,25,25–90°N area–mass weighted,15.0
standard,BCwave_b2n3s-10,2.0,3,-10,eddy_heat_flux_vT,925.0,6.957927780151367,321.0,345.0,25,25–90°N area–mass weighted,15.0
standard,BCwave_b2n3s-10,2.0,3,-10,eddy_heat_flux_vT,975.0,7.639631252288819,321.0,345.0,25,25–90°N area–mass weighted,15.0
standard,BCwave_b2n3s-10,2.0,3,-10,eddy_heat_flux_vT,1000.0,7.844059715270996,321.0,345.0,25,25–90°N area–mass weighted,15.0
standard,BCwave_b2n3s-5,2.0,3,-5,eddy_heat_flux_vT,10.0,0.000593960303707387,308.0,340.0,33,25–90°N area–mass weighted,15.0
standard,BCwave_b2n3s-5,2.0,3,-5,eddy_heat_flux_vT,50.0,0.16517176614566284,308.0,340.0,33,25–90°N area–mass weighted,15.0
standard,BCwave_b2n3s-5,2.0,3,-5,eddy_heat_flux_vT,100.0,0.2833339951255105,308.0,340.0,33,25–90°N area–mass weighted,15.0
standard,BCwave_b2n3s-5,2.0,3,-5,eddy_heat_flux_vT,150.0,0.31721930250977026,308.0,340.0,33,25–90°N area–mass weighted,15.0
standard,BCwave_b2n3s-5,2.0,3,-5,eddy_heat_flux_vT,200.0,0.6443316159826337,308.0,340.0,33,25–90°N area–mass weighted,15.0
standard,BCwave_b2n3s-5,2.0,3,-5,eddy_heat_flux_vT,250.0,1.0868037397211248,308.0,340.0,33,25–90°N area–mass weighted,15.0
standard,BCwave_b2n3s-5,2.0,3,-5,eddy_heat_flux_vT,300.0,1.5692491675868179,308.0,340.0,33,25–90°N area–mass weighted,15.0
standard,BCwave_b2n3s-5,2.0,3,-5,eddy_heat_flux_vT,400.0,2.563532561966867,308.0,340.0,33,25–90°N area–mass weighted,15.0
standard,BCwave_b2n3s-5,2.0,3,-5,eddy_heat_flux_vT,500.0,3.59057354927063,308.0,340.0,33,25–90°N area–mass weighted,15.0
standard,BCwave_b2n3s-5,2.0,3,-5,eddy_heat_flux_vT,600.0,4.6475385897087325,308.0,340.0,33,25–90°N area–mass weighted,15.0
standard,BCwave_b2n3s-5,2.0,3,-5,eddy_heat_flux_vT,700.0,5.95550402727994,308.0,340.0,33,25–90°N area–mass weighted,15.0
standard,BCwave_b2n3s-5,2.0,3,-5,eddy_heat_flux_vT,850.0,9.6972274202289,308.0,340.0,33,25–90°N area–mass weighted,15.0
standard,BCwave_b2n3s-5,2.0,3,-5,eddy_heat_flux_vT,925.0,11.678227598016912,308.0,340.0,33,25–90°N area–mass weighted,15.0
standard,BCwave_b2n3s-5,2.0,3,-5,eddy_heat_flux_vT,975.0,12.68835163116455,308.0,340.0,33,25–90°N area–mass weighted,15.0
standard,BCwave_b2n3s-5,2.0,3,-5,eddy_heat_flux_vT,1000.0,12.65925288922859,308.0,340.0,33,25–90°N area–mass weighted,15.0
standard,BCwave_b2n3,2.0,3,0,eddy_heat_flux_vT,10.0,0.0012631968158530072,303.0,342.0,40,25–90°N area–mass weighted,15.0
standard,BCwave_b2n3,2.0,3,0,eddy_heat_flux_vT,50.0,0.3124917533248663,303.0,342.0,40,25–90°N area–mass weighted,15.0
standard,BCwave_b2n3,2.0,3,0,eddy_heat_flux_vT,100.0,0.4931444339454174,303.0,342.0,40,25–90°N area–mass weighted,15.0
standard,BCwave_b2n3,2.0,3,0,eddy_heat_flux_vT,150.0,0.6566824018955231,303.0,342.0,40,25–90°N area–mass weighted,15.0
standard,BCwave_b2n3,2.0,3,0,eddy_heat_flux_vT,200.0,1.4455527290701866,303.0,342.0,40,25–90°N area–mass weighted,15.0
standard,BCwave_b2n3,2.0,3,0,eddy_heat_flux_vT,250.0,2.3974539071321486,303.0,342.0,40,25–90°N area–mass weighted,15.0
standard,BCwave_b2n3,2.0,3,0,eddy_heat_flux_vT,300.0,3.2910570383071898,303.0,342.0,40,25–90°N area–mass weighted,15.0
standard,BCwave_b2n3,2.0,3,0,eddy_heat_flux_vT,400.0,4.739024984836578,303.0,342.0,40,25–90°N area–mass weighted,15.0
standard,BCwave_b2n3,2.0,3,0,eddy_heat_flux_vT,500.0,6.145068156719208,303.0,342.0,40,25–90°N area–mass weighted,15.0
standard,BCwave_b2n3,2.0,3,0,eddy_heat_flux_vT,600.0,7.863164758682251,303.0,342.0,40,25–90°N area–mass weighted,15.0
standard,BCwave_b2n3,2.0,3,0,eddy_heat_flux_vT,700.0,10.343220853805542,303.0,342.0,40,25–90°N area–mass weighted,15.0
standard,BCwave_b2n3,2.0,3,0,eddy_heat_flux_vT,850.0,16.98808009624481,303.0,342.0,40,25–90°N area–mass weighted,15.0
standard,BCwave_b2n3,2.0,3,0,eddy_heat_flux_vT,925.0,19.342633962631226,303.0,342.0,40,25–90°N area–mass weighted,15.0
standard,BCwave_b2n3,2.0,3,0,eddy_heat_flux_vT,975.0,19.823930311203004,303.0,342.0,40,25–90°N area–mass weighted,15.0
standard,BCwave_b2n3,2.0,3,0,eddy_heat_flux_vT,1000.0,19.497875356674193,303.0,342.0,40,25–90°N area–mass weighted,15.0
standard,BCwave_b2n3s5,2.0,3,5,eddy_heat_flux_vT,10.0,0.0017327134111455005,286.0,323.0,38,25–90°N area–mass weighted,15.0
standard,BCwave_b2n3s5,2.0,3,5,eddy_heat_flux_vT,50.0,0.27210057605254023,286.0,323.0,38,25–90°N area–mass weighted,15.0
standard,BCwave_b2n3s5,2.0,3,5,eddy_heat_flux_vT,100.0,0.4392931210367303,286.0,323.0,38,25–90°N area–mass weighted,15.0
standard,BCwave_b2n3s5,2.0,3,5,eddy_heat_flux_vT,150.0,0.8270640012465025,286.0,323.0,38,25–90°N area–mass weighted,15.0
standard,BCwave_b2n3s5,2.0,3,5,eddy_heat_flux_vT,200.0,2.1567990811247575,286.0,323.0,38,25–90°N area–mass weighted,15.0
standard,BCwave_b2n3s5,2.0,3,5,eddy_heat_flux_vT,250.0,3.6553545249135873,286.0,323.0,38,25–90°N area–mass weighted,15.0
standard,BCwave_b2n3s5,2.0,3,5,eddy_heat_flux_vT,300.0,4.921159204683806,286.0,323.0,38,25–90°N area–mass weighted,15.0
standard,BCwave_b2n3s5,2.0,3,5,eddy_heat_flux_vT,400.0,6.685979491785953,286.0,323.0,38,25–90°N area–mass weighted,15.0
standard,BCwave_b2n3s5,2.0,3,5,eddy_heat_flux_vT,500.0,8.323393508007651,286.0,323.0,38,25–90°N area–mass weighted,15.0
standard,BCwave_b2n3s5,2.0,3,5,eddy_heat_flux_vT,600.0,10.360705225091232,286.0,323.0,38,25–90°N area–mass weighted,15.0
standard,BCwave_b2n3s5,2.0,3,5,eddy_heat_flux_vT,700.0,13.738944806550679,286.0,323.0,38,25–90°N area–mass weighted,15.0
standard,BCwave_b2n3s5,2.0,3,5,eddy_heat_flux_vT,850.0,21.507708599692897,286.0,323.0,38,25–90°N area–mass weighted,15.0
standard,BCwave_b2n3s5,2.0,3,5,eddy_heat_flux_vT,925.0,23.528359814694053,286.0,323.0,38,25–90°N area–mass weighted,15.0
standard,BCwave_b2n3s5,2.0,3,5,eddy_heat_flux_vT,975.0,24.181233606840436,286.0,323.0,38,25–90°N area–mass weighted,15.0
standard,BCwave_b2n3s5,2.0,3,5,eddy_heat_flux_vT,1000.0,24.165195665861432,286.0,323.0,38,25–90°N area–mass weighted,15.0
standard,BCwave_b2n3s10,2.0,3,10,eddy_heat_flux_vT,10.0,0.002670755669650798,254.0,290.0,37,25–90°N area–mass weighted,15.0
standard,BCwave_b2n3s10,2.0,3,10,eddy_heat_flux_vT,50.0,0.13166915605197083,254.0,290.0,37,25–90°N area–mass weighted,15.0
standard,BCwave_b2n3s10,2.0,3,10,eddy_heat_flux_vT,100.0,0.167307259061852,254.0,290.0,37,25–90°N area–mass weighted,15.0
standard,BCwave_b2n3s10,2.0,3,10,eddy_heat_flux_vT,150.0,0.5086278319358826,254.0,290.0,37,25–90°N area–mass weighted,15.0
standard,BCwave_b2n3s10,2.0,3,10,eddy_heat_flux_vT,200.0,1.6776712858999097,254.0,290.0,37,25–90°N area–mass weighted,15.0
standard,BCwave_b2n3s10,2.0,3,10,eddy_heat_flux_vT,250.0,3.070351648975063,254.0,290.0,37,25–90°N area–mass weighted,15.0
standard,BCwave_b2n3s10,2.0,3,10,eddy_heat_flux_vT,300.0,4.392346678553401,254.0,290.0,37,25–90°N area–mass weighted,15.0
standard,BCwave_b2n3s10,2.0,3,10,eddy_heat_flux_vT,400.0,6.664846961562698,254.0,290.0,37,25–90°N area–mass weighted,15.0
standard,BCwave_b2n3s10,2.0,3,10,eddy_heat_flux_vT,500.0,8.29860970780656,254.0,290.0,37,25–90°N area–mass weighted,15.0
standard,BCwave_b2n3s10,2.0,3,10,eddy_heat_flux_vT,600.0,10.34254384685207,254.0,290.0,37,25–90°N area–mass weighted,15.0
standard,BCwave_b2n3s10,2.0,3,10,eddy_heat_flux_vT,700.0,13.785611693923538,254.0,290.0,37,25–90°N area–mass weighted,15.0
standard,BCwave_b2n3s10,2.0,3,10,eddy_heat_flux_vT,850.0,20.89640622525602,254.0,290.0,37,25–90°N area–mass weighted,15.0
standard,BCwave_b2n3s10,2.0,3,10,eddy_heat_flux_vT,925.0,22.967054263965505,254.0,290.0,37,25–90°N area–mass weighted,15.0
standard,BCwave_b2n3s10,2.0,3,10,eddy_heat_flux_vT,975.0,24.246325312434017,254.0,290.0,37,25–90°N area–mass weighted,15.0
standard,BCwave_b2n3s10,2.0,3,10,eddy_heat_flux_vT,1000.0,24.316125302701384,254.0,290.0,37,25–90°N area–mass weighted,15.0
standard,BCwave_b2n6s-10,2.0,6,-10,eddy_heat_flux_vT,10.0,9.533982592984103e-05,323.0,347.0,25,25–90°N area–mass weighted,15.0
standard,BCwave_b2n6s-10,2.0,6,-10,eddy_heat_flux_vT,50.0,0.04102656200528145,323.0,347.0,25,25–90°N area–mass weighted,15.0
standard,BCwave_b2n6s-10,2.0,6,-10,eddy_heat_flux_vT,100.0,0.07770963951945305,323.0,347.0,25,25–90°N area–mass weighted,15.0
standard,BCwave_b2n6s-10,2.0,6,-10,eddy_heat_flux_vT,150.0,0.06863960593938828,323.0,347.0,25,25–90°N area–mass weighted,15.0
standard,BCwave_b2n6s-10,2.0,6,-10,eddy_heat_flux_vT,200.0,0.11763653814792634,323.0,347.0,25,25–90°N area–mass weighted,15.0
standard,BCwave_b2n6s-10,2.0,6,-10,eddy_heat_flux_vT,250.0,0.19194940268993377,323.0,347.0,25,25–90°N area–mass weighted,15.0
standard,BCwave_b2n6s-10,2.0,6,-10,eddy_heat_flux_vT,300.0,0.2819928699731827,323.0,347.0,25,25–90°N area–mass weighted,15.0
standard,BCwave_b2n6s-10,2.0,6,-10,eddy_heat_flux_vT,400.0,0.5175975835323334,323.0,347.0,25,25–90°N area–mass weighted,15.0
standard,BCwave_b2n6s-10,2.0,6,-10,eddy_heat_flux_vT,500.0,0.8435054230690002,323.0,347.0,25,25–90°N area–mass weighted,15.0
standard,BCwave_b2n6s-10,2.0,6,-10,eddy_heat_flux_vT,600.0,1.2655020809173585,323.0,347.0,25,25–90°N area–mass weighted,15.0
standard,BCwave_b2n6s-10,2.0,6,-10,eddy_heat_flux_vT,700.0,1.7225937032699585,323.0,347.0,25,25–90°N area–mass weighted,15.0
standard,BCwave_b2n6s-10,2.0,6,-10,eddy_heat_flux_vT,850.0,2.7992841148376466,323.0,347.0,25,25–90°N area–mass weighted,15.0
standard,BCwave_b2n6s-10,2.0,6,-10,eddy_heat_flux_vT,925.0,3.6343264770507813,323.0,347.0,25,25–90°N area–mass weighted,15.0
standard,BCwave_b2n6s-10,2.0,6,-10,eddy_heat_flux_vT,975.0,3.9144525051116945,323.0,347.0,25,25–90°N area–mass weighted,15.0
standard,BCwave_b2n6s-10,2.0,6,-10,eddy_heat_flux_vT,1000.0,3.966669588088989,323.0,347.0,25,25–90°N area–mass weighted,15.0
standard,BCwave_b2n6s-5,2.0,6,-5,eddy_heat_flux_vT,10.0,0.00029834878271988905,312.0,341.0,30,25–90°N area–mass weighted,15.0
standard,BCwave_b2n6s-5,2.0,6,-5,eddy_heat_flux_vT,50.0,0.097635189195474,312.0,341.0,30,25–90°N area–mass weighted,15.0
standard,BCwave_b2n6s-5,2.0,6,-5,eddy_heat_flux_vT,100.0,0.1675105298558871,312.0,341.0,30,25–90°N area–mass weighted,15.0
standard,BCwave_b2n6s-5,2.0,6,-5,eddy_heat_flux_vT,150.0,0.1519344851374626,312.0,341.0,30,25–90°N area–mass weighted,15.0
standard,BCwave_b2n6s-5,2.0,6,-5,eddy_heat_flux_vT,200.0,0.2945065503319105,312.0,341.0,30,25–90°N area–mass weighted,15.0
standard,BCwave_b2n6s-5,2.0,6,-5,eddy_heat_flux_vT,250.0,0.4984525461991628,312.0,341.0,30,25–90°N area–mass weighted,15.0
standard,BCwave_b2n6s-5,2.0,6,-5,eddy_heat_flux_vT,300.0,0.736152732372284,312.0,341.0,30,25–90°N area–mass weighted,15.0
standard,BCwave_b2n6s-5,2.0,6,-5,eddy_heat_flux_vT,400.0,1.2975983063379923,312.0,341.0,30,25–90°N area–mass weighted,15.0
standard,BCwave_b2n6s-5,2.0,6,-5,eddy_heat_flux_vT,500.0,1.9413869539896647,312.0,341.0,30,25–90°N area–mass weighted,15.0
standard,BCwave_b2n6s-5,2.0,6,-5,eddy_heat_flux_vT,600.0,2.7073957522710166,312.0,341.0,30,25–90°N area–mass weighted,15.0
standard,BCwave_b2n6s-5,2.0,6,-5,eddy_heat_flux_vT,700.0,3.5687569697697956,312.0,341.0,30,25–90°N area–mass weighted,15.0
standard,BCwave_b2n6s-5,2.0,6,-5,eddy_heat_flux_vT,850.0,5.767802906036377,312.0,341.0,30,25–90°N area–mass weighted,15.0
standard,BCwave_b2n6s-5,2.0,6,-5,eddy_heat_flux_vT,925.0,6.964099677403768,312.0,341.0,30,25–90°N area–mass weighted,15.0
standard,BCwave_b2n6s-5,2.0,6,-5,eddy_heat_flux_vT,975.0,7.5141329606374105,312.0,341.0,30,25–90°N area–mass weighted,15.0
standard,BCwave_b2n6s-5,2.0,6,-5,eddy_heat_flux_vT,1000.0,7.637352005640666,312.0,341.0,30,25–90°N area–mass weighted,15.0
standard,BCwave_b2n6,2.0,6,0,eddy_heat_flux_vT,10.0,0.0007686986232568559,303.0,340.0,38,25–90°N area–mass weighted,15.0
standard,BCwave_b2n6,2.0,6,0,eddy_heat_flux_vT,50.0,0.18406857805032478,303.0,340.0,38,25–90°N area–mass weighted,15.0
standard,BCwave_b2n6,2.0,6,0,eddy_heat_flux_vT,100.0,0.28618526890089635,303.0,340.0,38,25–90°N area–mass weighted,15.0
standard,BCwave_b2n6,2.0,6,0,eddy_heat_flux_vT,150.0,0.2988781658442397,303.0,340.0,38,25–90°N area–mass weighted,15.0
standard,BCwave_b2n6,2.0,6,0,eddy_heat_flux_vT,200.0,0.6313244112228092,303.0,340.0,38,25–90°N area–mass weighted,15.0
standard,BCwave_b2n6,2.0,6,0,eddy_heat_flux_vT,250.0,1.0635358032427336,303.0,340.0,38,25–90°N area–mass weighted,15.0
standard,BCwave_b2n6,2.0,6,0,eddy_heat_flux_vT,300.0,1.5149309823387547,303.0,340.0,38,25–90°N area–mass weighted,15.0
standard,BCwave_b2n6,2.0,6,0,eddy_heat_flux_vT,400.0,2.4001952911678113,303.0,340.0,38,25–90°N area–mass weighted,15.0
standard,BCwave_b2n6,2.0,6,0,eddy_heat_flux_vT,500.0,3.355125144908303,303.0,340.0,38,25–90°N area–mass weighted,15.0
standard,BCwave_b2n6,2.0,6,0,eddy_heat_flux_vT,600.0,4.48873203679135,303.0,340.0,38,25–90°N area–mass weighted,15.0
standard,BCwave_b2n6,2.0,6,0,eddy_heat_flux_vT,700.0,6.003810142215929,303.0,340.0,38,25–90°N area–mass weighted,15.0
standard,BCwave_b2n6,2.0,6,0,eddy_heat_flux_vT,850.0,9.986735143159565,303.0,340.0,38,25–90°N area–mass weighted,15.0
standard,BCwave_b2n6,2.0,6,0,eddy_heat_flux_vT,925.0,11.478097112555252,303.0,340.0,38,25–90°N area–mass weighted,15.0
standard,BCwave_b2n6,2.0,6,0,eddy_heat_flux_vT,975.0,11.984955586885151,303.0,340.0,38,25–90°N area–mass weighted,15.0
standard,BCwave_b2n6,2.0,6,0,eddy_heat_flux_vT,1000.0,11.752372515828986,303.0,340.0,38,25–90°N area–mass weighted,15.0
standard,BCwave_b2n6s5,2.0,6,5,eddy_heat_flux_vT,10.0,0.001754185946827585,291.0,334.0,44,25–90°N area–mass weighted,15.0
standard,BCwave_b2n6s5,2.0,6,5,eddy_heat_flux_vT,50.0,0.24282158572565427,291.0,334.0,44,25–90°N area–mass weighted,15.0
standard,BCwave_b2n6s5,2.0,6,5,eddy_heat_flux_vT,100.0,0.3679978759451346,291.0,334.0,44,25–90°N area–mass weighted,15.0
standard,BCwave_b2n6s5,2.0,6,5,eddy_heat_flux_vT,150.0,0.4718829115683382,291.0,334.0,44,25–90°N area–mass weighted,15.0
standard,BCwave_b2n6s5,2.0,6,5,eddy_heat_flux_vT,200.0,1.1135340211066334,291.0,334.0,44,25–90°N area–mass weighted,15.0
standard,BCwave_b2n6s5,2.0,6,5,eddy_heat_flux_vT,250.0,1.8812042691490867,291.0,334.0,44,25–90°N area–mass weighted,15.0
standard,BCwave_b2n6s5,2.0,6,5,eddy_heat_flux_vT,300.0,2.5874137824231926,291.0,334.0,44,25–90°N area–mass weighted,15.0
standard,BCwave_b2n6s5,2.0,6,5,eddy_heat_flux_vT,400.0,3.7023826349865305,291.0,334.0,44,25–90°N area–mass weighted,15.0
standard,BCwave_b2n6s5,2.0,6,5,eddy_heat_flux_vT,500.0,4.7970440712842075,291.0,334.0,44,25–90°N area–mass weighted,15.0
standard,BCwave_b2n6s5,2.0,6,5,eddy_heat_flux_vT,600.0,6.2944111173803154,291.0,334.0,44,25–90°N area–mass weighted,15.0
standard,BCwave_b2n6s5,2.0,6,5,eddy_heat_flux_vT,700.0,8.520696249875156,291.0,334.0,44,25–90°N area–mass weighted,15.0
standard,BCwave_b2n6s5,2.0,6,5,eddy_heat_flux_vT,850.0,13.668119777332652,291.0,334.0,44,25–90°N area–mass weighted,15.0
standard,BCwave_b2n6s5,2.0,6,5,eddy_heat_flux_vT,925.0,14.92042951150374,291.0,334.0,44,25–90°N area–mass weighted,15.0
standard,BCwave_b2n6s5,2.0,6,5,eddy_heat_flux_vT,975.0,15.083562590859152,291.0,334.0,44,25–90°N area–mass weighted,15.0
standard,BCwave_b2n6s5,2.0,6,5,eddy_heat_flux_vT,1000.0,14.736485502936624,291.0,334.0,44,25–90°N area–mass weighted,15.0
standard,BCwave_b2n6s10,2.0,6,10,eddy_heat_flux_vT,10.0,0.002214450264609484,266.0,308.0,43,25–90°N area–mass weighted,15.0
standard,BCwave_b2n6s10,2.0,6,10,eddy_heat_flux_vT,50.0,0.166497987716697,266.0,308.0,43,25–90°N area–mass weighted,15.0
standard,BCwave_b2n6s10,2.0,6,10,eddy_heat_flux_vT,100.0,0.22383232761261074,266.0,308.0,43,25–90°N area–mass weighted,15.0
standard,BCwave_b2n6s10,2.0,6,10,eddy_heat_flux_vT,150.0,0.4185274070085481,266.0,308.0,43,25–90°N area–mass weighted,15.0
standard,BCwave_b2n6s10,2.0,6,10,eddy_heat_flux_vT,200.0,1.2276010943013569,266.0,308.0,43,25–90°N area–mass weighted,15.0
standard,BCwave_b2n6s10,2.0,6,10,eddy_heat_flux_vT,250.0,2.1522303043409834,266.0,308.0,43,25–90°N area–mass weighted,15.0
standard,BCwave_b2n6s10,2.0,6,10,eddy_heat_flux_vT,300.0,2.976943520612495,266.0,308.0,43,25–90°N area–mass weighted,15.0
standard,BCwave_b2n6s10,2.0,6,10,eddy_heat_flux_vT,400.0,4.264140933058982,266.0,308.0,43,25–90°N area–mass weighted,15.0
standard,BCwave_b2n6s10,2.0,6,10,eddy_heat_flux_vT,500.0,5.535312209018441,266.0,308.0,43,25–90°N area–mass weighted,15.0
standard,BCwave_b2n6s10,2.0,6,10,eddy_heat_flux_vT,600.0,7.169327680454698,266.0,308.0,43,25–90°N area–mass weighted,15.0
standard,BCwave_b2n6s10,2.0,6,10,eddy_heat_flux_vT,700.0,9.67575230709342,266.0,308.0,43,25–90°N area–mass weighted,15.0
standard,BCwave_b2n6s10,2.0,6,10,eddy_heat_flux_vT,850.0,14.72049143148023,266.0,308.0,43,25–90°N area–mass weighted,15.0
standard,BCwave_b2n6s10,2.0,6,10,eddy_heat_flux_vT,925.0,16.0776103707247,266.0,308.0,43,25–90°N area–mass weighted,15.0
standard,BCwave_b2n6s10,2.0,6,10,eddy_heat_flux_vT,975.0,16.51776229503543,266.0,308.0,43,25–90°N area–mass weighted,15.0
standard,BCwave_b2n6s10,2.0,6,10,eddy_heat_flux_vT,1000.0,16.231662151425382,266.0,308.0,43,25–90°N area–mass weighted,15.0
u30,BCwave_b1_u30_n1_s-10,1.0,1,-10,eddy_heat_flux_vT,10.0,0.023693513357518556,241.0,299.0,59,25–90°N area–mass weighted,15.0
u30,BCwave_b1_u30_n1_s-10,1.0,1,-10,eddy_heat_flux_vT,50.0,0.23810621868755857,241.0,299.0,59,25–90°N area–mass weighted,15.0
u30,BCwave_b1_u30_n1_s-10,1.0,1,-10,eddy_heat_flux_vT,100.0,0.9107737228021784,241.0,299.0,59,25–90°N area–mass weighted,15.0
u30,BCwave_b1_u30_n1_s-10,1.0,1,-10,eddy_heat_flux_vT,150.0,-1.0424470618619757,241.0,299.0,59,25–90°N area–mass weighted,15.0
u30,BCwave_b1_u30_n1_s-10,1.0,1,-10,eddy_heat_flux_vT,200.0,-3.4137823339235984,241.0,299.0,59,25–90°N area–mass weighted,15.0
u30,BCwave_b1_u30_n1_s-10,1.0,1,-10,eddy_heat_flux_vT,250.0,-3.2920836553735247,241.0,299.0,59,25–90°N area–mass weighted,15.0
u30,BCwave_b1_u30_n1_s-10,1.0,1,-10,eddy_heat_flux_vT,300.0,-1.2623562817856417,241.0,299.0,59,25–90°N area–mass weighted,15.0
u30,BCwave_b1_u30_n1_s-10,1.0,1,-10,eddy_heat_flux_vT,400.0,3.8938133878222967,241.0,299.0,59,25–90°N area–mass weighted,15.0
u30,BCwave_b1_u30_n1_s-10,1.0,1,-10,eddy_heat_flux_vT,500.0,7.31229697243642,241.0,299.0,59,25–90°N area–mass weighted,15.0
u30,BCwave_b1_u30_n1_s-10,1.0,1,-10,eddy_heat_flux_vT,600.0,13.209080970893472,241.0,299.0,59,25–90°N area–mass weighted,15.0
u30,BCwave_b1_u30_n1_s-10,1.0,1,-10,eddy_heat_flux_vT,700.0,21.37368515790519,241.0,299.0,59,25–90°N area–mass weighted,15.0
u30,BCwave_b1_u30_n1_s-10,1.0,1,-10,eddy_heat_flux_vT,850.0,34.774746652376855,241.0,299.0,59,25–90°N area–mass weighted,15.0
u30,BCwave_b1_u30_n1_s-10,1.0,1,-10,eddy_heat_flux_vT,925.0,43.68452317835921,241.0,299.0,59,25–90°N area–mass weighted,15.0
u30,BCwave_b1_u30_n1_s-10,1.0,1,-10,eddy_heat_flux_vT,975.0,48.048918384616655,241.0,299.0,59,25–90°N area–mass weighted,15.0
u30,BCwave_b1_u30_n1_s-10,1.0,1,-10,eddy_heat_flux_vT,1000.0,49.26928044981876,241.0,299.0,59,25–90°N area–mass weighted,15.0
u30,BCwave_b1_u30_n1_s-5,1.0,1,-5,eddy_heat_flux_vT,10.0,0.007876866991864517,232.0,291.0,60,25–90°N area–mass weighted,15.0
u30,BCwave_b1_u30_n1_s-5,1.0,1,-5,eddy_heat_flux_vT,50.0,0.44148583884040515,232.0,291.0,60,25–90°N area–mass weighted,15.0
u30,BCwave_b1_u30_n1_s-5,1.0,1,-5,eddy_heat_flux_vT,100.0,2.355928538242976,232.0,291.0,60,25–90°N area–mass weighted,15.0
u30,BCwave_b1_u30_n1_s-5,1.0,1,-5,eddy_heat_flux_vT,150.0,-3.6095034023125967,232.0,291.0,60,25–90°N area–mass weighted,15.0
u30,BCwave_b1_u30_n1_s-5,1.0,1,-5,eddy_heat_flux_vT,200.0,-8.543470398585002,232.0,291.0,60,25–90°N area–mass weighted,15.0
u30,BCwave_b1_u30_n1_s-5,1.0,1,-5,eddy_heat_flux_vT,250.0,-6.247924971580505,232.0,291.0,60,25–90°N area–mass weighted,15.0
u30,BCwave_b1_u30_n1_s-5,1.0,1,-5,eddy_heat_flux_vT,300.0,-0.7654634616027276,232.0,291.0,60,25–90°N area–mass weighted,15.0
u30,BCwave_b1_u30_n1_s-5,1.0,1,-5,eddy_heat_flux_vT,400.0,9.683323585987091,232.0,291.0,60,25–90°N area–mass weighted,15.0
u30,BCwave_b1_u30_n1_s-5,1.0,1,-5,eddy_heat_flux_vT,500.0,14.005441959698995,232.0,291.0,60,25–90°N area–mass weighted,15.0
u30,BCwave_b1_u30_n1_s-5,1.0,1,-5,eddy_heat_flux_vT,600.0,21.821240123112997,232.0,291.0,60,25–90°N area–mass weighted,15.0
u30,BCwave_b1_u30_n1_s-5,1.0,1,-5,eddy_heat_flux_vT,700.0,36.57960551579793,232.0,291.0,60,25–90°N area–mass weighted,15.0
u30,BCwave_b1_u30_n1_s-5,1.0,1,-5,eddy_heat_flux_vT,850.0,61.08267008463542,232.0,291.0,60,25–90°N area–mass weighted,15.0
u30,BCwave_b1_u30_n1_s-5,1.0,1,-5,eddy_heat_flux_vT,925.0,75.14601039886475,232.0,291.0,60,25–90°N area–mass weighted,15.0
u30,BCwave_b1_u30_n1_s-5,1.0,1,-5,eddy_heat_flux_vT,975.0,80.08745028177897,232.0,291.0,60,25–90°N area–mass weighted,15.0
u30,BCwave_b1_u30_n1_s-5,1.0,1,-5,eddy_heat_flux_vT,1000.0,75.00217164357504,232.0,291.0,60,25–90°N area–mass weighted,15.0
u30,BCwave_b1_u30_n1_s0,1.0,1,0,eddy_heat_flux_vT,10.0,0.12049317727279332,243.0,314.0,72,25–90°N area–mass weighted,15.0
u30,BCwave_b1_u30_n1_s0,1.0,1,0,eddy_heat_flux_vT,50.0,1.0468751506672964,243.0,314.0,72,25–90°N area–mass weighted,15.0
u30,BCwave_b1_u30_n1_s0,1.0,1,0,eddy_heat_flux_vT,100.0,0.7279438456235867,243.0,314.0,72,25–90°N area–mass weighted,15.0
u30,BCwave_b1_u30_n1_s0,1.0,1,0,eddy_heat_flux_vT,150.0,-7.392692036098904,243.0,314.0,72,25–90°N area–mass weighted,15.0
u30,BCwave_b1_u30_n1_s0,1.0,1,0,eddy_heat_flux_vT,200.0,-10.953119330936008,243.0,314.0,72,25–90°N area–mass weighted,15.0
u30,BCwave_b1_u30_n1_s0,1.0,1,0,eddy_heat_flux_vT,250.0,-9.189621143870884,243.0,314.0,72,25–90°N area–mass weighted,15.0
u30,BCwave_b1_u30_n1_s0,1.0,1,0,eddy_heat_flux_vT,300.0,-5.34382198088699,243.0,314.0,72,25–90°N area–mass weighted,15.0
u30,BCwave_b1_u30_n1_s0,1.0,1,0,eddy_heat_flux_vT,400.0,6.618566638065709,243.0,314.0,72,25–90°N area–mass weighted,15.0
u30,BCwave_b1_u30_n1_s0,1.0,1,0,eddy_heat_flux_vT,500.0,14.738387160831028,243.0,314.0,72,25–90°N area–mass weighted,15.0
u30,BCwave_b1_u30_n1_s0,1.0,1,0,eddy_heat_flux_vT,600.0,26.001695076624554,243.0,314.0,72,25–90°N area–mass weighted,15.0
u30,BCwave_b1_u30_n1_s0,1.0,1,0,eddy_heat_flux_vT,700.0,41.09476894802518,243.0,314.0,72,25–90°N area–mass weighted,15.0
u30,BCwave_b1_u30_n1_s0,1.0,1,0,eddy_heat_flux_vT,850.0,64.70536597569783,243.0,314.0,72,25–90°N area–mass weighted,15.0
u30,BCwave_b1_u30_n1_s0,1.0,1,0,eddy_heat_flux_vT,925.0,79.4071667989095,243.0,314.0,72,25–90°N area–mass weighted,15.0
u30,BCwave_b1_u30_n1_s0,1.0,1,0,eddy_heat_flux_vT,975.0,86.15334267086453,243.0,314.0,72,25–90°N area–mass weighted,15.0
u30,BCwave_b1_u30_n1_s0,1.0,1,0,eddy_heat_flux_vT,1000.0,85.52280733320448,243.0,314.0,72,25–90°N area–mass weighted,15.0
u30,BCwave_b1_u30_n1_s5,1.0,1,5,eddy_heat_flux_vT,10.0,0.06568322821361262,255.0,295.0,41,25–90°N area–mass weighted,15.0
u30,BCwave_b1_u30_n1_s5,1.0,1,5,eddy_heat_flux_vT,50.0,1.7665503984544335,255.0,295.0,41,25–90°N area–mass weighted,15.0
u30,BCwave_b1_u30_n1_s5,1.0,1,5,eddy_heat_flux_vT,100.0,-1.1296491917313598,255.0,295.0,41,25–90°N area–mass weighted,15.0
u30,BCwave_b1_u30_n1_s5,1.0,1,5,eddy_heat_flux_vT,150.0,-19.26328233393227,255.0,295.0,41,25–90°N area–mass weighted,15.0
u30,BCwave_b1_u30_n1_s5,1.0,1,5,eddy_heat_flux_vT,200.0,-32.25805929230481,255.0,295.0,41,25–90°N area–mass weighted,15.0
u30,BCwave_b1_u30_n1_s5,1.0,1,5,eddy_heat_flux_vT,250.0,-35.69083888356278,255.0,295.0,41,25–90°N area–mass weighted,15.0
u30,BCwave_b1_u30_n1_s5,1.0,1,5,eddy_heat_flux_vT,300.0,-34.298555978914585,255.0,295.0,41,25–90°N area–mass weighted,15.0
u30,BCwave_b1_u30_n1_s5,1.0,1,5,eddy_heat_flux_vT,400.0,-10.81317027531019,255.0,295.0,41,25–90°N area–mass weighted,15.0
u30,BCwave_b1_u30_n1_s5,1.0,1,5,eddy_heat_flux_vT,500.0,20.527155341171635,255.0,295.0,41,25–90°N area–mass weighted,15.0
u30,BCwave_b1_u30_n1_s5,1.0,1,5,eddy_heat_flux_vT,600.0,50.22366807518936,255.0,295.0,41,25–90°N area–mass weighted,15.0
u30,BCwave_b1_u30_n1_s5,1.0,1,5,eddy_heat_flux_vT,700.0,77.52428138546827,255.0,295.0,41,25–90°N area–mass weighted,15.0
u30,BCwave_b1_u30_n1_s5,1.0,1,5,eddy_heat_flux_vT,850.0,116.65754662490473,255.0,295.0,41,25–90°N area–mass weighted,15.0
u30,BCwave_b1_u30_n1_s5,1.0,1,5,eddy_heat_flux_vT,925.0,134.3909802320527,255.0,295.0,41,25–90°N area–mass weighted,15.0
u30,BCwave_b1_u30_n1_s5,1.0,1,5,eddy_heat_flux_vT,975.0,135.4380169380002,255.0,295.0,41,25–90°N area–mass weighted,15.0
u30,BCwave_b1_u30_n1_s5,1.0,1,5,eddy_heat_flux_vT,1000.0,130.49097684534584,255.0,295.0,41,25–90°N area–mass weighted,15.0
u30,BCwave_b1_u30_n1_s10,1.0,1,10,eddy_heat_flux_vT,10.0,0.09836056006365809,229.0,286.0,58,25–90°N area–mass weighted,15.0
u30,BCwave_b1_u30_n1_s10,1.0,1,10,eddy_heat_flux_vT,50.0,1.9001578811941475,229.0,286.0,58,25–90°N area–mass weighted,15.0
u30,BCwave_b1_u30_n1_s10,1.0,1,10,eddy_heat_flux_vT,100.0,-2.0360276961121064,229.0,286.0,58,25–90°N area–mass weighted,15.0
u30,BCwave_b1_u30_n1_s10,1.0,1,10,eddy_heat_flux_vT,150.0,-12.731532507929309,229.0,286.0,58,25–90°N area–mass weighted,15.0
u30,BCwave_b1_u30_n1_s10,1.0,1,10,eddy_heat_flux_vT,200.0,-17.533772813862768,229.0,286.0,58,25–90°N area–mass weighted,15.0
u30,BCwave_b1_u30_n1_s10,1.0,1,10,eddy_heat_flux_vT,250.0,-18.041611391922523,229.0,286.0,58,25–90°N area–mass weighted,15.0
u30,BCwave_b1_u30_n1_s10,1.0,1,10,eddy_heat_flux_vT,300.0,-15.265107816663281,229.0,286.0,58,25–90°N area–mass weighted,15.0
u30,BCwave_b1_u30_n1_s10,1.0,1,10,eddy_heat_flux_vT,400.0,1.7365810388121112,229.0,286.0,58,25–90°N area–mass weighted,15.0
u30,BCwave_b1_u30_n1_s10,1.0,1,10,eddy_heat_flux_vT,500.0,29.396016088025323,229.0,286.0,58,25–90°N area–mass weighted,15.0
u30,BCwave_b1_u30_n1_s10,1.0,1,10,eddy_heat_flux_vT,600.0,42.79267117072796,229.0,286.0,58,25–90°N area–mass weighted,15.0
u30,BCwave_b1_u30_n1_s10,1.0,1,10,eddy_heat_flux_vT,700.0,54.36228015505034,229.0,286.0,58,25–90°N area–mass weighted,15.0
u30,BCwave_b1_u30_n1_s10,1.0,1,10,eddy_heat_flux_vT,850.0,74.99550089342841,229.0,286.0,58,25–90°N area–mass weighted,15.0
u30,BCwave_b1_u30_n1_s10,1.0,1,10,eddy_heat_flux_vT,925.0,71.91387347517342,229.0,286.0,58,25–90°N area–mass weighted,15.0
u30,BCwave_b1_u30_n1_s10,1.0,1,10,eddy_heat_flux_vT,975.0,62.49576608065901,229.0,286.0,58,25–90°N area–mass weighted,15.0
u30,BCwave_b1_u30_n1_s10,1.0,1,10,eddy_heat_flux_vT,1000.0,52.76399092838682,229.0,286.0,58,25–90°N area–mass weighted,15.0
u30,BCwave_b1_u30_n3_s-10,1.0,3,-10,eddy_heat_flux_vT,10.0,0.0029559413326621454,244.0,327.0,84,25–90°N area–mass weighted,15.0
u30,BCwave_b1_u30_n3_s-10,1.0,3,-10,eddy_heat_flux_vT,50.0,0.010224634073286628,244.0,327.0,84,25–90°N area–mass weighted,15.0
u30,BCwave_b1_u30_n3_s-10,1.0,3,-10,eddy_heat_flux_vT,100.0,0.06715788532580648,244.0,327.0,84,25–90°N area–mass weighted,15.0
u30,BCwave_b1_u30_n3_s-10,1.0,3,-10,eddy_heat_flux_vT,150.0,0.02910377528695833,244.0,327.0,84,25–90°N area–mass weighted,15.0
u30,BCwave_b1_u30_n3_s-10,1.0,3,-10,eddy_heat_flux_vT,200.0,-0.3590254039459285,244.0,327.0,84,25–90°N area–mass weighted,15.0
u30,BCwave_b1_u30_n3_s-10,1.0,3,-10,eddy_heat_flux_vT,250.0,-0.3430300497982119,244.0,327.0,84,25–90°N area–mass weighted,15.0
u30,BCwave_b1_u30_n3_s-10,1.0,3,-10,eddy_heat_flux_vT,300.0,0.5166344026968416,244.0,327.0,84,25–90°N area–mass weighted,15.0
u30,BCwave_b1_u30_n3_s-10,1.0,3,-10,eddy_heat_flux_vT,400.0,2.8949350267648697,244.0,327.0,84,25–90°N area–mass weighted,15.0
u30,BCwave_b1_u30_n3_s-10,1.0,3,-10,eddy_heat_flux_vT,500.0,3.7120300346896764,244.0,327.0,84,25–90°N area–mass weighted,15.0
u30,BCwave_b1_u30_n3_s-10,1.0,3,-10,eddy_heat_flux_vT,600.0,5.816005139123826,244.0,327.0,84,25–90°N area–mass weighted,15.0
u30,BCwave_b1_u30_n3_s-10,1.0,3,-10,eddy_heat_flux_vT,700.0,8.69733552705674,244.0,327.0,84,25–90°N area–mass weighted,15.0
u30,BCwave_b1_u30_n3_s-10,1.0,3,-10,eddy_heat_flux_vT,850.0,13.544901768366495,244.0,327.0,84,25–90°N area–mass weighted,15.0
u30,BCwave_b1_u30_n3_s-10,1.0,3,-10,eddy_heat_flux_vT,925.0,16.91714077904111,244.0,327.0,84,25–90°N area–mass weighted,15.0
u30,BCwave_b1_u30_n3_s-10,1.0,3,-10,eddy_heat_flux_vT,975.0,21.136600290025985,244.0,327.0,84,25–90°N area–mass weighted,15.0
u30,BCwave_b1_u30_n3_s-10,1.0,3,-10,eddy_heat_flux_vT,1000.0,14.278457868666877,244.0,327.0,84,25–90°N area–mass weighted,15.0
u30,BCwave_b1_u30_n3_s-5,1.0,3,-5,eddy_heat_flux_vT,10.0,0.008709402784945504,270.0,331.0,62,25–90°N area–mass weighted,15.0
u30,BCwave_b1_u30_n3_s-5,1.0,3,-5,eddy_heat_flux_vT,50.0,0.06674795228266908,270.0,331.0,62,25–90°N area–mass weighted,15.0
u30,BCwave_b1_u30_n3_s-5,1.0,3,-5,eddy_heat_flux_vT,100.0,0.34377965331077576,270.0,331.0,62,25–90°N area–mass weighted,15.0
u30,BCwave_b1_u30_n3_s-5,1.0,3,-5,eddy_heat_flux_vT,150.0,-0.37241017241631785,270.0,331.0,62,25–90°N area–mass weighted,15.0
u30,BCwave_b1_u30_n3_s-5,1.0,3,-5,eddy_heat_flux_vT,200.0,-2.479328034385558,270.0,331.0,62,25–90°N area–mass weighted,15.0
u30,BCwave_b1_u30_n3_s-5,1.0,3,-5,eddy_heat_flux_vT,250.0,-2.4459244858834053,270.0,331.0,62,25–90°N area–mass weighted,15.0
u30,BCwave_b1_u30_n3_s-5,1.0,3,-5,eddy_heat_flux_vT,300.0,-0.9052250755410041,270.0,331.0,62,25–90°N area–mass weighted,15.0
u30,BCwave_b1_u30_n3_s-5,1.0,3,-5,eddy_heat_flux_vT,400.0,3.9064157451352766,270.0,331.0,62,25–90°N area–mass weighted,15.0
u30,BCwave_b1_u30_n3_s-5,1.0,3,-5,eddy_heat_flux_vT,500.0,5.628486810191985,270.0,331.0,62,25–90°N area–mass weighted,15.0
u30,BCwave_b1_u30_n3_s-5,1.0,3,-5,eddy_heat_flux_vT,600.0,10.27394127076672,270.0,331.0,62,25–90°N area–mass weighted,15.0
u30,BCwave_b1_u30_n3_s-5,1.0,3,-5,eddy_heat_flux_vT,700.0,15.229548992649201,270.0,331.0,62,25–90°N area–mass weighted,15.0
u30,BCwave_b1_u30_n3_s-5,1.0,3,-5,eddy_heat_flux_vT,850.0,25.181792566853186,270.0,331.0,62,25–90°N area–mass weighted,15.0
u30,BCwave_b1_u30_n3_s-5,1.0,3,-5,eddy_heat_flux_vT,925.0,29.577250234542355,270.0,331.0,62,25–90°N area–mass weighted,15.0
u30,BCwave_b1_u30_n3_s-5,1.0,3,-5,eddy_heat_flux_vT,975.0,30.99504344694076,270.0,331.0,62,25–90°N area–mass weighted,15.0
u30,BCwave_b1_u30_n3_s-5,1.0,3,-5,eddy_heat_flux_vT,1000.0,23.93731237226917,270.0,331.0,62,25–90°N area–mass weighted,15.0
u30,BCwave_b1_u30_n3_s0,1.0,3,0,eddy_heat_flux_vT,10.0,0.007092806009145884,270.0,321.0,52,25–90°N area–mass weighted,15.0
u30,BCwave_b1_u30_n3_s0,1.0,3,0,eddy_heat_flux_vT,50.0,0.07103400591474313,270.0,321.0,52,25–90°N area–mass weighted,15.0
u30,BCwave_b1_u30_n3_s0,1.0,3,0,eddy_heat_flux_vT,100.0,0.34484023973345757,270.0,321.0,52,25–90°N area–mass weighted,15.0
u30,BCwave_b1_u30_n3_s0,1.0,3,0,eddy_heat_flux_vT,150.0,-1.4935913980007172,270.0,321.0,52,25–90°N area–mass weighted,15.0
u30,BCwave_b1_u30_n3_s0,1.0,3,0,eddy_heat_flux_vT,200.0,-4.303251440708454,270.0,321.0,52,25–90°N area–mass weighted,15.0
u30,BCwave_b1_u30_n3_s0,1.0,3,0,eddy_heat_flux_vT,250.0,-5.34175213942161,270.0,321.0,52,25–90°N area–mass weighted,15.0
u30,BCwave_b1_u30_n3_s0,1.0,3,0,eddy_heat_flux_vT,300.0,-4.536247647725618,270.0,321.0,52,25–90°N area–mass weighted,15.0
u30,BCwave_b1_u30_n3_s0,1.0,3,0,eddy_heat_flux_vT,400.0,1.2641104499881084,270.0,321.0,52,25–90°N area–mass weighted,15.0
u30,BCwave_b1_u30_n3_s0,1.0,3,0,eddy_heat_flux_vT,500.0,7.5543440121870775,270.0,321.0,52,25–90°N area–mass weighted,15.0
u30,BCwave_b1_u30_n3_s0,1.0,3,0,eddy_heat_flux_vT,600.0,15.441954924510075,270.0,321.0,52,25–90°N area–mass weighted,15.0
u30,BCwave_b1_u30_n3_s0,1.0,3,0,eddy_heat_flux_vT,700.0,23.331072642252995,270.0,321.0,52,25–90°N area–mass weighted,15.0
u30,BCwave_b1_u30_n3_s0,1.0,3,0,eddy_heat_flux_vT,850.0,35.45997362870436,270.0,321.0,52,25–90°N area–mass weighted,15.0
u30,BCwave_b1_u30_n3_s0,1.0,3,0,eddy_heat_flux_vT,925.0,41.69878057333139,270.0,321.0,52,25–90°N area–mass weighted,15.0
u30,BCwave_b1_u30_n3_s0,1.0,3,0,eddy_heat_flux_vT,975.0,45.91769878680889,270.0,321.0,52,25–90°N area–mass weighted,15.0
u30,BCwave_b1_u30_n3_s0,1.0,3,0,eddy_heat_flux_vT,1000.0,43.42987651091356,270.0,321.0,52,25–90°N area–mass weighted,15.0
u30,BCwave_b1_u30_n3_s5,1.0,3,5,eddy_heat_flux_vT,10.0,0.024260113982913587,278.0,329.0,52,25–90°N area–mass weighted,15.0
u30,BCwave_b1_u30_n3_s5,1.0,3,5,eddy_heat_flux_vT,50.0,0.3634978297811288,278.0,329.0,52,25–90°N area–mass weighted,15.0
u30,BCwave_b1_u30_n3_s5,1.0,3,5,eddy_heat_flux_vT,100.0,0.9317924930499151,278.0,329.0,52,25–90°N area–mass weighted,15.0
u30,BCwave_b1_u30_n3_s5,1.0,3,5,eddy_heat_flux_vT,150.0,-5.476845076450934,278.0,329.0,52,25–90°N area–mass weighted,15.0
u30,BCwave_b1_u30_n3_s5,1.0,3,5,eddy_heat_flux_vT,200.0,-13.408347863417406,278.0,329.0,52,25–90°N area–mass weighted,15.0
u30,BCwave_b1_u30_n3_s5,1.0,3,5,eddy_heat_flux_vT,250.0,-14.805182163531963,278.0,329.0,52,25–90°N area–mass weighted,15.0
u30,BCwave_b1_u30_n3_s5,1.0,3,5,eddy_heat_flux_vT,300.0,-11.67067030759958,278.0,329.0,52,25–90°N area–mass weighted,15.0
u30,BCwave_b1_u30_n3_s5,1.0,3,5,eddy_heat_flux_vT,400.0,0.3849337368917007,278.0,329.0,52,25–90°N area–mass weighted,15.0
u30,BCwave_b1_u30_n3_s5,1.0,3,5,eddy_heat_flux_vT,500.0,11.354605124546932,278.0,329.0,52,25–90°N area–mass weighted,15.0
u30,BCwave_b1_u30_n3_s5,1.0,3,5,eddy_heat_flux_vT,600.0,22.668730332301212,278.0,329.0,52,25–90°N area–mass weighted,15.0
u30,BCwave_b1_u30_n3_s5,1.0,3,5,eddy_heat_flux_vT,700.0,39.05405858846811,278.0,329.0,52,25–90°N area–mass weighted,15.0
u30,BCwave_b1_u30_n3_s5,1.0,3,5,eddy_heat_flux_vT,850.0,64.69831598722018,278.0,329.0,52,25–90°N area–mass weighted,15.0
u30,BCwave_b1_u30_n3_s5,1.0,3,5,eddy_heat_flux_vT,925.0,70.75319070082445,278.0,329.0,52,25–90°N area–mass weighted,15.0
u30,BCwave_b1_u30_n3_s5,1.0,3,5,eddy_heat_flux_vT,975.0,64.50231962937575,278.0,329.0,52,25–90°N area–mass weighted,15.0
u30,BCwave_b1_u30_n3_s5,1.0,3,5,eddy_heat_flux_vT,1000.0,59.013796732975884,278.0,329.0,52,25–90°N area–mass weighted,15.0
u30,BCwave_b1_u30_n3_s10,1.0,3,10,eddy_heat_flux_vT,10.0,0.036877661043862725,257.0,300.0,44,25–90°N area–mass weighted,15.0
u30,BCwave_b1_u30_n3_s10,1.0,3,10,eddy_heat_flux_vT,50.0,-0.05535021327258702,257.0,300.0,44,25–90°N area–mass weighted,15.0
u30,BCwave_b1_u30_n3_s10,1.0,3,10,eddy_heat_flux_vT,100.0,-0.23121132745026526,257.0,300.0,44,25–90°N area–mass weighted,15.0
u30,BCwave_b1_u30_n3_s10,1.0,3,10,eddy_heat_flux_vT,150.0,-3.5457081577994605,257.0,300.0,44,25–90°N area–mass weighted,15.0
u30,BCwave_b1_u30_n3_s10,1.0,3,10,eddy_heat_flux_vT,200.0,-7.765486132014882,257.0,300.0,44,25–90°N area–mass weighted,15.0
u30,BCwave_b1_u30_n3_s10,1.0,3,10,eddy_heat_flux_vT,250.0,-8.754370873624628,257.0,300.0,44,25–90°N area–mass weighted,15.0
u30,BCwave_b1_u30_n3_s10,1.0,3,10,eddy_heat_flux_vT,300.0,-7.030936739661477,257.0,300.0,44,25–90°N area–mass weighted,15.0
u30,BCwave_b1_u30_n3_s10,1.0,3,10,eddy_heat_flux_vT,400.0,3.286632125011899,257.0,300.0,44,25–90°N area–mass weighted,15.0
u30,BCwave_b1_u30_n3_s10,1.0,3,10,eddy_heat_flux_vT,500.0,13.93573860688643,257.0,300.0,44,25–90°N area–mass weighted,15.0
u30,BCwave_b1_u30_n3_s10,1.0,3,10,eddy_heat_flux_vT,600.0,22.962217005816374,257.0,300.0,44,25–90°N area–mass weighted,15.0
u30,BCwave_b1_u30_n3_s10,1.0,3,10,eddy_heat_flux_vT,700.0,32.26356623389504,257.0,300.0,44,25–90°N area–mass weighted,15.0
u30,BCwave_b1_u30_n3_s10,1.0,3,10,eddy_heat_flux_vT,850.0,48.73322322151878,257.0,300.0,44,25–90°N area–mass weighted,15.0
u30,BCwave_b1_u30_n3_s10,1.0,3,10,eddy_heat_flux_vT,925.0,57.085649663751774,257.0,300.0,44,25–90°N area–mass weighted,15.0
u30,BCwave_b1_u30_n3_s10,1.0,3,10,eddy_heat_flux_vT,975.0,58.03563057292592,257.0,300.0,44,25–90°N area–mass weighted,15.0
u30,BCwave_b1_u30_n3_s10,1.0,3,10,eddy_heat_flux_vT,1000.0,50.799681663513184,257.0,300.0,44,25–90°N area–mass weighted,15.0
u30,BCwave_b1_u30_n6_s-10,1.0,6,-10,eddy_heat_flux_vT,10.0,0.00021952168990537757,239.0,278.0,40,25–90°N area–mass weighted,15.0
u30,BCwave_b1_u30_n6_s-10,1.0,6,-10,eddy_heat_flux_vT,50.0,0.0027693675365298986,239.0,278.0,40,25–90°N area–mass weighted,15.0
u30,BCwave_b1_u30_n6_s-10,1.0,6,-10,eddy_heat_flux_vT,100.0,0.019698915490880608,239.0,278.0,40,25–90°N area–mass weighted,15.0
u30,BCwave_b1_u30_n6_s-10,1.0,6,-10,eddy_heat_flux_vT,150.0,0.02426135237328708,239.0,278.0,40,25–90°N area–mass weighted,15.0
u30,BCwave_b1_u30_n6_s-10,1.0,6,-10,eddy_heat_flux_vT,200.0,-0.04424684755504131,239.0,278.0,40,25–90°N area–mass weighted,15.0
u30,BCwave_b1_u30_n6_s-10,1.0,6,-10,eddy_heat_flux_vT,250.0,-0.014171168964821845,239.0,278.0,40,25–90°N area–mass weighted,15.0
u30,BCwave_b1_u30_n6_s-10,1.0,6,-10,eddy_heat_flux_vT,300.0,0.4109655864536762,239.0,278.0,40,25–90°N area–mass weighted,15.0
u30,BCwave_b1_u30_n6_s-10,1.0,6,-10,eddy_heat_flux_vT,400.0,1.663709858059883,239.0,278.0,40,25–90°N area–mass weighted,15.0
u30,BCwave_b1_u30_n6_s-10,1.0,6,-10,eddy_heat_flux_vT,500.0,2.371012109518051,239.0,278.0,40,25–90°N area–mass weighted,15.0
u30,BCwave_b1_u30_n6_s-10,1.0,6,-10,eddy_heat_flux_vT,600.0,3.5642145395278932,239.0,278.0,40,25–90°N area–mass weighted,15.0
u30,BCwave_b1_u30_n6_s-10,1.0,6,-10,eddy_heat_flux_vT,700.0,5.390698897838592,239.0,278.0,40,25–90°N area–mass weighted,15.0
u30,BCwave_b1_u30_n6_s-10,1.0,6,-10,eddy_heat_flux_vT,850.0,8.64763514995575,239.0,278.0,40,25–90°N area–mass weighted,15.0
u30,BCwave_b1_u30_n6_s-10,1.0,6,-10,eddy_heat_flux_vT,925.0,11.229454612731933,239.0,278.0,40,25–90°N area–mass weighted,15.0
u30,BCwave_b1_u30_n6_s-10,1.0,6,-10,eddy_heat_flux_vT,975.0,14.115673732757568,239.0,278.0,40,25–90°N area–mass weighted,15.0
u30,BCwave_b1_u30_n6_s-10,1.0,6,-10,eddy_heat_flux_vT,1000.0,10.344633448123933,239.0,278.0,40,25–90°N area–mass weighted,15.0
u30,BCwave_b1_u30_n6_s-5,1.0,6,-5,eddy_heat_flux_vT,10.0,0.0011969593784620833,245.0,281.0,37,25–90°N area–mass weighted,15.0
u30,BCwave_b1_u30_n6_s-5,1.0,6,-5,eddy_heat_flux_vT,50.0,0.011849615496356745,245.0,281.0,37,25–90°N area–mass weighted,15.0
u30,BCwave_b1_u30_n6_s-5,1.0,6,-5,eddy_heat_flux_vT,100.0,0.09339923562633025,245.0,281.0,37,25–90°N area–mass weighted,15.0
u30,BCwave_b1_u30_n6_s-5,1.0,6,-5,eddy_heat_flux_vT,150.0,-0.03580696905359022,245.0,281.0,37,25–90°N area–mass weighted,15.0
u30,BCwave_b1_u30_n6_s-5,1.0,6,-5,eddy_heat_flux_vT,200.0,-0.631314194685704,245.0,281.0,37,25–90°N area–mass weighted,15.0
u30,BCwave_b1_u30_n6_s-5,1.0,6,-5,eddy_heat_flux_vT,250.0,-0.8812419957405812,245.0,281.0,37,25–90°N area–mass weighted,15.0
u30,BCwave_b1_u30_n6_s-5,1.0,6,-5,eddy_heat_flux_vT,300.0,-0.04476597709140766,245.0,281.0,37,25–90°N area–mass weighted,15.0
u30,BCwave_b1_u30_n6_s-5,1.0,6,-5,eddy_heat_flux_vT,400.0,2.772698550610929,245.0,281.0,37,25–90°N area–mass weighted,15.0
u30,BCwave_b1_u30_n6_s-5,1.0,6,-5,eddy_heat_flux_vT,500.0,4.5274359213339315,245.0,281.0,37,25–90°N area–mass weighted,15.0
u30,BCwave_b1_u30_n6_s-5,1.0,6,-5,eddy_heat_flux_vT,600.0,7.369679051476556,245.0,281.0,37,25–90°N area–mass weighted,15.0
u30,BCwave_b1_u30_n6_s-5,1.0,6,-5,eddy_heat_flux_vT,700.0,10.761136776692158,245.0,281.0,37,25–90°N area–mass weighted,15.0
u30,BCwave_b1_u30_n6_s-5,1.0,6,-5,eddy_heat_flux_vT,850.0,16.292530936163825,245.0,281.0,37,25–90°N area–mass weighted,15.0
u30,BCwave_b1_u30_n6_s-5,1.0,6,-5,eddy_heat_flux_vT,925.0,18.78530656969225,245.0,281.0,37,25–90°N area–mass weighted,15.0
u30,BCwave_b1_u30_n6_s-5,1.0,6,-5,eddy_heat_flux_vT,975.0,19.736966829042178,245.0,281.0,37,25–90°N area–mass weighted,15.0
u30,BCwave_b1_u30_n6_s-5,1.0,6,-5,eddy_heat_flux_vT,1000.0,15.918853244265994,245.0,281.0,37,25–90°N area–mass weighted,15.0
u30,BCwave_b1_u30_n6_s0,1.0,6,0,eddy_heat_flux_vT,10.0,0.004335823747775673,281.0,328.0,48,25–90°N area–mass weighted,15.0
u30,BCwave_b1_u30_n6_s0,1.0,6,0,eddy_heat_flux_vT,50.0,0.09649831848219037,281.0,328.0,48,25–90°N area–mass weighted,15.0
u30,BCwave_b1_u30_n6_s0,1.0,6,0,eddy_heat_flux_vT,100.0,0.6531791208932797,281.0,328.0,48,25–90°N area–mass weighted,15.0
u30,BCwave_b1_u30_n6_s0,1.0,6,0,eddy_heat_flux_vT,150.0,-0.3629883594500522,281.0,328.0,48,25–90°N area–mass weighted,15.0
u30,BCwave_b1_u30_n6_s0,1.0,6,0,eddy_heat_flux_vT,200.0,-2.359914014736811,281.0,328.0,48,25–90°N area–mass weighted,15.0
u30,BCwave_b1_u30_n6_s0,1.0,6,0,eddy_heat_flux_vT,250.0,-2.3924225494265556,281.0,328.0,48,25–90°N area–mass weighted,15.0
u30,BCwave_b1_u30_n6_s0,1.0,6,0,eddy_heat_flux_vT,300.0,-0.5162261509394739,281.0,328.0,48,25–90°N area–mass weighted,15.0
u30,BCwave_b1_u30_n6_s0,1.0,6,0,eddy_heat_flux_vT,400.0,4.728161285320918,281.0,328.0,48,25–90°N area–mass weighted,15.0
u30,BCwave_b1_u30_n6_s0,1.0,6,0,eddy_heat_flux_vT,500.0,7.346152901649475,281.0,328.0,48,25–90°N area–mass weighted,15.0
u30,BCwave_b1_u30_n6_s0,1.0,6,0,eddy_heat_flux_vT,600.0,11.570481340090433,281.0,328.0,48,25–90°N area–mass weighted,15.0
u30,BCwave_b1_u30_n6_s0,1.0,6,0,eddy_heat_flux_vT,700.0,17.56408663590749,281.0,328.0,48,25–90°N area–mass weighted,15.0
u30,BCwave_b1_u30_n6_s0,1.0,6,0,eddy_heat_flux_vT,850.0,30.985323031743366,281.0,328.0,48,25–90°N area–mass weighted,15.0
u30,BCwave_b1_u30_n6_s0,1.0,6,0,eddy_heat_flux_vT,925.0,37.511426051457725,281.0,328.0,48,25–90°N area–mass weighted,15.0
u30,BCwave_b1_u30_n6_s0,1.0,6,0,eddy_heat_flux_vT,975.0,38.122013767560325,281.0,328.0,48,25–90°N area–mass weighted,15.0
u30,BCwave_b1_u30_n6_s0,1.0,6,0,eddy_heat_flux_vT,1000.0,32.90123152732849,281.0,328.0,48,25–90°N area–mass weighted,15.0
u30,BCwave_b1_u30_n6_s5,1.0,6,5,eddy_heat_flux_vT,10.0,0.04242658540606499,283.0,327.0,45,25–90°N area–mass weighted,15.0
u30,BCwave_b1_u30_n6_s5,1.0,6,5,eddy_heat_flux_vT,50.0,0.3035625841882494,283.0,327.0,45,25–90°N area–mass weighted,15.0
u30,BCwave_b1_u30_n6_s5,1.0,6,5,eddy_heat_flux_vT,100.0,1.1920094993379382,283.0,327.0,45,25–90°N area–mass weighted,15.0
u30,BCwave_b1_u30_n6_s5,1.0,6,5,eddy_heat_flux_vT,150.0,-2.6740287886725533,283.0,327.0,45,25–90°N area–mass weighted,15.0
u30,BCwave_b1_u30_n6_s5,1.0,6,5,eddy_heat_flux_vT,200.0,-7.679114405314127,283.0,327.0,45,25–90°N area–mass weighted,15.0
u30,BCwave_b1_u30_n6_s5,1.0,6,5,eddy_heat_flux_vT,250.0,-9.04109427134196,283.0,327.0,45,25–90°N area–mass weighted,15.0
u30,BCwave_b1_u30_n6_s5,1.0,6,5,eddy_heat_flux_vT,300.0,-7.623961162567139,283.0,327.0,45,25–90°N area–mass weighted,15.0
u30,BCwave_b1_u30_n6_s5,1.0,6,5,eddy_heat_flux_vT,400.0,-0.09946638368484047,283.0,327.0,45,25–90°N area–mass weighted,15.0
u30,BCwave_b1_u30_n6_s5,1.0,6,5,eddy_heat_flux_vT,500.0,8.292393811543782,283.0,327.0,45,25–90°N area–mass weighted,15.0
u30,BCwave_b1_u30_n6_s5,1.0,6,5,eddy_heat_flux_vT,600.0,16.144165102640788,283.0,327.0,45,25–90°N area–mass weighted,15.0
u30,BCwave_b1_u30_n6_s5,1.0,6,5,eddy_heat_flux_vT,700.0,25.605093002319336,283.0,327.0,45,25–90°N area–mass weighted,15.0
u30,BCwave_b1_u30_n6_s5,1.0,6,5,eddy_heat_flux_vT,850.0,39.77540630764432,283.0,327.0,45,25–90°N area–mass weighted,15.0
u30,BCwave_b1_u30_n6_s5,1.0,6,5,eddy_heat_flux_vT,925.0,44.54209569295247,283.0,327.0,45,25–90°N area–mass weighted,15.0
u30,BCwave_b1_u30_n6_s5,1.0,6,5,eddy_heat_flux_vT,975.0,38.94500630696614,283.0,327.0,45,25–90°N area–mass weighted,15.0
u30,BCwave_b1_u30_n6_s5,1.0,6,5,eddy_heat_flux_vT,1000.0,31.234477021959094,283.0,327.0,45,25–90°N area–mass weighted,15.0
u30,BCwave_b1_u30_n6_s10,1.0,6,10,eddy_heat_flux_vT,10.0,0.013812013421556912,278.0,325.0,48,25–90°N area–mass weighted,15.0
u30,BCwave_b1_u30_n6_s10,1.0,6,10,eddy_heat_flux_vT,50.0,0.2535394951701164,278.0,325.0,48,25–90°N area–mass weighted,15.0
u30,BCwave_b1_u30_n6_s10,1.0,6,10,eddy_heat_flux_vT,100.0,0.33999809017404914,278.0,325.0,48,25–90°N area–mass weighted,15.0
u30,BCwave_b1_u30_n6_s10,1.0,6,10,eddy_heat_flux_vT,150.0,-3.020198628306389,278.0,325.0,48,25–90°N area–mass weighted,15.0
u30,BCwave_b1_u30_n6_s10,1.0,6,10,eddy_heat_flux_vT,200.0,-9.096108873685202,278.0,325.0,48,25–90°N area–mass weighted,15.0
u30,BCwave_b1_u30_n6_s10,1.0,6,10,eddy_heat_flux_vT,250.0,-11.485536595185598,278.0,325.0,48,25–90°N area–mass weighted,15.0
u30,BCwave_b1_u30_n6_s10,1.0,6,10,eddy_heat_flux_vT,300.0,-9.084973315397898,278.0,325.0,48,25–90°N area–mass weighted,15.0
u30,BCwave_b1_u30_n6_s10,1.0,6,10,eddy_heat_flux_vT,400.0,2.3956967828562483,278.0,325.0,48,25–90°N area–mass weighted,15.0
u30,BCwave_b1_u30_n6_s10,1.0,6,10,eddy_heat_flux_vT,500.0,13.28026341398557,278.0,325.0,48,25–90°N area–mass weighted,15.0
u30,BCwave_b1_u30_n6_s10,1.0,6,10,eddy_heat_flux_vT,600.0,20.65469100077947,278.0,325.0,48,25–90°N area–mass weighted,15.0
u30,BCwave_b1_u30_n6_s10,1.0,6,10,eddy_heat_flux_vT,700.0,31.594245394070942,278.0,325.0,48,25–90°N area–mass weighted,15.0
u30,BCwave_b1_u30_n6_s10,1.0,6,10,eddy_heat_flux_vT,850.0,59.333582719167076,278.0,325.0,48,25–90°N area–mass weighted,15.0
u30,BCwave_b1_u30_n6_s10,1.0,6,10,eddy_heat_flux_vT,925.0,65.78974056243896,278.0,325.0,48,25–90°N area–mass weighted,15.0
u30,BCwave_b1_u30_n6_s10,1.0,6,10,eddy_heat_flux_vT,975.0,57.74639423688253,278.0,325.0,48,25–90°N area–mass weighted,15.0
u30,BCwave_b1_u30_n6_s10,1.0,6,10,eddy_heat_flux_vT,1000.0,49.450689236323036,278.0,325.0,48,25–90°N area–mass weighted,15.0
u30,BCwave_b15_u30_n1_s-10,1.5,1,-10,eddy_heat_flux_vT,10.0,0.0009251034758618158,302.0,334.0,33,25–90°N area–mass weighted,15.0
u30,BCwave_b15_u30_n1_s-10,1.5,1,-10,eddy_heat_flux_vT,50.0,0.12384329171794833,302.0,334.0,33,25–90°N area–mass weighted,15.0
u30,BCwave_b15_u30_n1_s-10,1.5,1,-10,eddy_heat_flux_vT,100.0,-0.00488119863792125,302.0,334.0,33,25–90°N area–mass weighted,15.0
u30,BCwave_b15_u30_n1_s-10,1.5,1,-10,eddy_heat_flux_vT,150.0,-1.2962203441244182,302.0,334.0,33,25–90°N area–mass weighted,15.0
u30,BCwave_b15_u30_n1_s-10,1.5,1,-10,eddy_heat_flux_vT,200.0,0.32952142484260327,302.0,334.0,33,25–90°N area–mass weighted,15.0
u30,BCwave_b15_u30_n1_s-10,1.5,1,-10,eddy_heat_flux_vT,250.0,2.5984707312150435,302.0,334.0,33,25–90°N area–mass weighted,15.0
u30,BCwave_b15_u30_n1_s-10,1.5,1,-10,eddy_heat_flux_vT,300.0,4.825516440651634,302.0,334.0,33,25–90°N area–mass weighted,15.0
u30,BCwave_b15_u30_n1_s-10,1.5,1,-10,eddy_heat_flux_vT,400.0,8.994357672604648,302.0,334.0,33,25–90°N area–mass weighted,15.0
u30,BCwave_b15_u30_n1_s-10,1.5,1,-10,eddy_heat_flux_vT,500.0,12.499516544920025,302.0,334.0,33,25–90°N area–mass weighted,15.0
u30,BCwave_b15_u30_n1_s-10,1.5,1,-10,eddy_heat_flux_vT,600.0,14.600859815424139,302.0,334.0,33,25–90°N area–mass weighted,15.0
u30,BCwave_b15_u30_n1_s-10,1.5,1,-10,eddy_heat_flux_vT,700.0,18.267324303135727,302.0,334.0,33,25–90°N area–mass weighted,15.0
u30,BCwave_b15_u30_n1_s-10,1.5,1,-10,eddy_heat_flux_vT,850.0,30.161374641187262,302.0,334.0,33,25–90°N area–mass weighted,15.0
u30,BCwave_b15_u30_n1_s-10,1.5,1,-10,eddy_heat_flux_vT,925.0,38.137465159098305,302.0,334.0,33,25–90°N area–mass weighted,15.0
u30,BCwave_b15_u30_n1_s-10,1.5,1,-10,eddy_heat_flux_vT,975.0,40.05199455492424,302.0,334.0,33,25–90°N area–mass weighted,15.0
u30,BCwave_b15_u30_n1_s-10,1.5,1,-10,eddy_heat_flux_vT,1000.0,36.25215056448272,302.0,334.0,33,25–90°N area–mass weighted,15.0
u30,BCwave_b15_u30_n1_s-5,1.5,1,-5,eddy_heat_flux_vT,10.0,0.007980326868386732,288.0,332.0,45,25–90°N area–mass weighted,15.0
u30,BCwave_b15_u30_n1_s-5,1.5,1,-5,eddy_heat_flux_vT,50.0,0.23234466032849418,288.0,332.0,45,25–90°N area–mass weighted,15.0
u30,BCwave_b15_u30_n1_s-5,1.5,1,-5,eddy_heat_flux_vT,100.0,-0.722706103987164,288.0,332.0,45,25–90°N area–mass weighted,15.0
u30,BCwave_b15_u30_n1_s-5,1.5,1,-5,eddy_heat_flux_vT,150.0,-2.697287318441603,288.0,332.0,45,25–90°N area–mass weighted,15.0
u30,BCwave_b15_u30_n1_s-5,1.5,1,-5,eddy_heat_flux_vT,200.0,-0.17672708787851862,288.0,332.0,45,25–90°N area–mass weighted,15.0
u30,BCwave_b15_u30_n1_s-5,1.5,1,-5,eddy_heat_flux_vT,250.0,3.8310152477688257,288.0,332.0,45,25–90°N area–mass weighted,15.0
u30,BCwave_b15_u30_n1_s-5,1.5,1,-5,eddy_heat_flux_vT,300.0,7.744420475429958,288.0,332.0,45,25–90°N area–mass weighted,15.0
u30,BCwave_b15_u30_n1_s-5,1.5,1,-5,eddy_heat_flux_vT,400.0,14.853069284227159,288.0,332.0,45,25–90°N area–mass weighted,15.0
u30,BCwave_b15_u30_n1_s-5,1.5,1,-5,eddy_heat_flux_vT,500.0,19.82266722785102,288.0,332.0,45,25–90°N area–mass weighted,15.0
u30,BCwave_b15_u30_n1_s-5,1.5,1,-5,eddy_heat_flux_vT,600.0,21.65042938656277,288.0,332.0,45,25–90°N area–mass weighted,15.0
u30,BCwave_b15_u30_n1_s-5,1.5,1,-5,eddy_heat_flux_vT,700.0,25.162535646226672,288.0,332.0,45,25–90°N area–mass weighted,15.0
u30,BCwave_b15_u30_n1_s-5,1.5,1,-5,eddy_heat_flux_vT,850.0,36.88769976298014,288.0,332.0,45,25–90°N area–mass weighted,15.0
u30,BCwave_b15_u30_n1_s-5,1.5,1,-5,eddy_heat_flux_vT,925.0,46.65088450113932,288.0,332.0,45,25–90°N area–mass weighted,15.0
u30,BCwave_b15_u30_n1_s-5,1.5,1,-5,eddy_heat_flux_vT,975.0,48.55171381632487,288.0,332.0,45,25–90°N area–mass weighted,15.0
u30,BCwave_b15_u30_n1_s-5,1.5,1,-5,eddy_heat_flux_vT,1000.0,44.29255099826389,288.0,332.0,45,25–90°N area–mass weighted,15.0
u30,BCwave_b15_u30_n1_s0,1.5,1,0,eddy_heat_flux_vT,10.0,0.009286284721123852,262.0,331.0,70,25–90°N area–mass weighted,15.0
u30,BCwave_b15_u30_n1_s0,1.5,1,0,eddy_heat_flux_vT,50.0,0.16110564970544405,262.0,331.0,70,25–90°N area–mass weighted,15.0
u30,BCwave_b15_u30_n1_s0,1.5,1,0,eddy_heat_flux_vT,100.0,-0.9730317816138268,262.0,331.0,70,25–90°N area–mass weighted,15.0
u30,BCwave_b15_u30_n1_s0,1.5,1,0,eddy_heat_flux_vT,150.0,-2.6215107985905237,262.0,331.0,70,25–90°N area–mass weighted,15.0
u30,BCwave_b15_u30_n1_s0,1.5,1,0,eddy_heat_flux_vT,200.0,-0.010472398144858223,262.0,331.0,70,25–90°N area–mass weighted,15.0
u30,BCwave_b15_u30_n1_s0,1.5,1,0,eddy_heat_flux_vT,250.0,3.5174229621887205,262.0,331.0,70,25–90°N area–mass weighted,15.0
u30,BCwave_b15_u30_n1_s0,1.5,1,0,eddy_heat_flux_vT,300.0,7.156277615683419,262.0,331.0,70,25–90°N area–mass weighted,15.0
u30,BCwave_b15_u30_n1_s0,1.5,1,0,eddy_heat_flux_vT,400.0,13.074564266204835,262.0,331.0,70,25–90°N area–mass weighted,15.0
u30,BCwave_b15_u30_n1_s0,1.5,1,0,eddy_heat_flux_vT,500.0,16.065934562683104,262.0,331.0,70,25–90°N area–mass weighted,15.0
u30,BCwave_b15_u30_n1_s0,1.5,1,0,eddy_heat_flux_vT,600.0,18.269479070390975,262.0,331.0,70,25–90°N area–mass weighted,15.0
u30,BCwave_b15_u30_n1_s0,1.5,1,0,eddy_heat_flux_vT,700.0,22.638256699698314,262.0,331.0,70,25–90°N area–mass weighted,15.0
u30,BCwave_b15_u30_n1_s0,1.5,1,0,eddy_heat_flux_vT,850.0,32.8189106804984,262.0,331.0,70,25–90°N area–mass weighted,15.0
u30,BCwave_b15_u30_n1_s0,1.5,1,0,eddy_heat_flux_vT,925.0,37.65350592476981,262.0,331.0,70,25–90°N area–mass weighted,15.0
u30,BCwave_b15_u30_n1_s0,1.5,1,0,eddy_heat_flux_vT,975.0,35.04105815887451,262.0,331.0,70,25–90°N area–mass weighted,15.0
u30,BCwave_b15_u30_n1_s0,1.5,1,0,eddy_heat_flux_vT,1000.0,32.89015110560826,262.0,331.0,70,25–90°N area–mass weighted,15.0
u30,BCwave_b15_u30_n1_s5,1.5,1,5,eddy_heat_flux_vT,10.0,0.016322174017246158,251.0,338.0,88,25–90°N area–mass weighted,15.0
u30,BCwave_b15_u30_n1_s5,1.5,1,5,eddy_heat_flux_vT,50.0,0.18101177614351566,251.0,338.0,88,25–90°N area–mass weighted,15.0
u30,BCwave_b15_u30_n1_s5,1.5,1,5,eddy_heat_flux_vT,100.0,-1.9697686745361849,251.0,338.0,88,25–90°N area–mass weighted,15.0
u30,BCwave_b15_u30_n1_s5,1.5,1,5,eddy_heat_flux_vT,150.0,-3.1584871953183953,251.0,338.0,88,25–90°N area–mass weighted,15.0
u30,BCwave_b15_u30_n1_s5,1.5,1,5,eddy_heat_flux_vT,200.0,-1.2488179879093713,251.0,338.0,88,25–90°N area–mass weighted,15.0
u30,BCwave_b15_u30_n1_s5,1.5,1,5,eddy_heat_flux_vT,250.0,2.1189882514828984,251.0,338.0,88,25–90°N area–mass weighted,15.0
u30,BCwave_b15_u30_n1_s5,1.5,1,5,eddy_heat_flux_vT,300.0,5.871139797297391,251.0,338.0,88,25–90°N area–mass weighted,15.0
u30,BCwave_b15_u30_n1_s5,1.5,1,5,eddy_heat_flux_vT,400.0,11.53991648825732,251.0,338.0,88,25–90°N area–mass weighted,15.0
u30,BCwave_b15_u30_n1_s5,1.5,1,5,eddy_heat_flux_vT,500.0,13.96434770930897,251.0,338.0,88,25–90°N area–mass weighted,15.0
u30,BCwave_b15_u30_n1_s5,1.5,1,5,eddy_heat_flux_vT,600.0,17.316524278033864,251.0,338.0,88,25–90°N area–mass weighted,15.0
u30,BCwave_b15_u30_n1_s5,1.5,1,5,eddy_heat_flux_vT,700.0,24.044453946026888,251.0,338.0,88,25–90°N area–mass weighted,15.0
u30,BCwave_b15_u30_n1_s5,1.5,1,5,eddy_heat_flux_vT,850.0,39.00126283819025,251.0,338.0,88,25–90°N area–mass weighted,15.0
u30,BCwave_b15_u30_n1_s5,1.5,1,5,eddy_heat_flux_vT,925.0,47.02364908565175,251.0,338.0,88,25–90°N area–mass weighted,15.0
u30,BCwave_b15_u30_n1_s5,1.5,1,5,eddy_heat_flux_vT,975.0,50.26665696230802,251.0,338.0,88,25–90°N area–mass weighted,15.0
u30,BCwave_b15_u30_n1_s5,1.5,1,5,eddy_heat_flux_vT,1000.0,51.17950439453125,251.0,338.0,88,25–90°N area–mass weighted,15.0
u30,BCwave_b15_u30_n1_s10,1.5,1,10,eddy_heat_flux_vT,10.0,0.0721899838342021,275.0,322.0,48,25–90°N area–mass weighted,15.0
u30,BCwave_b15_u30_n1_s10,1.5,1,10,eddy_heat_flux_vT,50.0,0.16997739005212983,275.0,322.0,48,25–90°N area–mass weighted,15.0
u30,BCwave_b15_u30_n1_s10,1.5,1,10,eddy_heat_flux_vT,100.0,-6.994523257017136,275.0,322.0,48,25–90°N area–mass weighted,15.0
u30,BCwave_b15_u30_n1_s10,1.5,1,10,eddy_heat_flux_vT,150.0,-12.040642450253168,275.0,322.0,48,25–90°N area–mass weighted,15.0
u30,BCwave_b15_u30_n1_s10,1.5,1,10,eddy_heat_flux_vT,200.0,-7.53206526239713,275.0,322.0,48,25–90°N area–mass weighted,15.0
u30,BCwave_b15_u30_n1_s10,1.5,1,10,eddy_heat_flux_vT,250.0,-1.9331667199730873,275.0,322.0,48,25–90°N area–mass weighted,15.0
u30,BCwave_b15_u30_n1_s10,1.5,1,10,eddy_heat_flux_vT,300.0,3.538931074241797,275.0,322.0,48,25–90°N area–mass weighted,15.0
u30,BCwave_b15_u30_n1_s10,1.5,1,10,eddy_heat_flux_vT,400.0,13.55297847588857,275.0,322.0,48,25–90°N area–mass weighted,15.0
u30,BCwave_b15_u30_n1_s10,1.5,1,10,eddy_heat_flux_vT,500.0,19.273397823174793,275.0,322.0,48,25–90°N area–mass weighted,15.0
u30,BCwave_b15_u30_n1_s10,1.5,1,10,eddy_heat_flux_vT,600.0,22.390848596890766,275.0,322.0,48,25–90°N area–mass weighted,15.0
u30,BCwave_b15_u30_n1_s10,1.5,1,10,eddy_heat_flux_vT,700.0,27.758429010709126,275.0,322.0,48,25–90°N area–mass weighted,15.0
u30,BCwave_b15_u30_n1_s10,1.5,1,10,eddy_heat_flux_vT,850.0,40.58897614479065,275.0,322.0,48,25–90°N area–mass weighted,15.0
u30,BCwave_b15_u30_n1_s10,1.5,1,10,eddy_heat_flux_vT,925.0,46.17676401138306,275.0,322.0,48,25–90°N area–mass weighted,15.0
u30,BCwave_b15_u30_n1_s10,1.5,1,10,eddy_heat_flux_vT,975.0,47.221943616867065,275.0,322.0,48,25–90°N area–mass weighted,15.0
u30,BCwave_b15_u30_n1_s10,1.5,1,10,eddy_heat_flux_vT,1000.0,47.770630757013954,275.0,322.0,48,25–90°N area–mass weighted,15.0
u30,BCwave_b15_u30_n3_s-10,1.5,3,-10,eddy_heat_flux_vT,10.0,0.00037709965035901403,301.0,340.0,40,25–90°N area–mass weighted,15.0
u30,BCwave_b15_u30_n3_s-10,1.5,3,-10,eddy_heat_flux_vT,50.0,0.014706375007517637,301.0,340.0,40,25–90°N area–mass weighted,15.0
u30,BCwave_b15_u30_n3_s-10,1.5,3,-10,eddy_heat_flux_vT,100.0,0.09147215746343136,301.0,340.0,40,25–90°N area–mass weighted,15.0
u30,BCwave_b15_u30_n3_s-10,1.5,3,-10,eddy_heat_flux_vT,150.0,-0.23822410479187967,301.0,340.0,40,25–90°N area–mass weighted,15.0
u30,BCwave_b15_u30_n3_s-10,1.5,3,-10,eddy_heat_flux_vT,200.0,0.36517025902867317,301.0,340.0,40,25–90°N area–mass weighted,15.0
u30,BCwave_b15_u30_n3_s-10,1.5,3,-10,eddy_heat_flux_vT,250.0,1.0484161138534547,301.0,340.0,40,25–90°N area–mass weighted,15.0
u30,BCwave_b15_u30_n3_s-10,1.5,3,-10,eddy_heat_flux_vT,300.0,1.751125741004944,301.0,340.0,40,25–90°N area–mass weighted,15.0
u30,BCwave_b15_u30_n3_s-10,1.5,3,-10,eddy_heat_flux_vT,400.0,3.1785330533981324,301.0,340.0,40,25–90°N area–mass weighted,15.0
u30,BCwave_b15_u30_n3_s-10,1.5,3,-10,eddy_heat_flux_vT,500.0,4.544172835350037,301.0,340.0,40,25–90°N area–mass weighted,15.0
u30,BCwave_b15_u30_n3_s-10,1.5,3,-10,eddy_heat_flux_vT,600.0,5.730365467071533,301.0,340.0,40,25–90°N area–mass weighted,15.0
u30,BCwave_b15_u30_n3_s-10,1.5,3,-10,eddy_heat_flux_vT,700.0,7.2796378374099735,301.0,340.0,40,25–90°N area–mass weighted,15.0
u30,BCwave_b15_u30_n3_s-10,1.5,3,-10,eddy_heat_flux_vT,850.0,12.427235507965088,301.0,340.0,40,25–90°N area–mass weighted,15.0
u30,BCwave_b15_u30_n3_s-10,1.5,3,-10,eddy_heat_flux_vT,925.0,16.309807968139648,301.0,340.0,40,25–90°N area–mass weighted,15.0
u30,BCwave_b15_u30_n3_s-10,1.5,3,-10,eddy_heat_flux_vT,975.0,17.930454397201537,301.0,340.0,40,25–90°N area–mass weighted,15.0
u30,BCwave_b15_u30_n3_s-10,1.5,3,-10,eddy_heat_flux_vT,1000.0,16.11204090118408,301.0,340.0,40,25–90°N area–mass weighted,15.0
u30,BCwave_b15_u30_n3_s-5,1.5,3,-5,eddy_heat_flux_vT,10.0,0.0005668450069827708,301.0,337.0,37,25–90°N area–mass weighted,15.0
u30,BCwave_b15_u30_n3_s-5,1.5,3,-5,eddy_heat_flux_vT,50.0,0.05966343861576673,301.0,337.0,37,25–90°N area–mass weighted,15.0
u30,BCwave_b15_u30_n3_s-5,1.5,3,-5,eddy_heat_flux_vT,100.0,-0.06533147186171452,301.0,337.0,37,25–90°N area–mass weighted,15.0
u30,BCwave_b15_u30_n3_s-5,1.5,3,-5,eddy_heat_flux_vT,150.0,-1.0574792430207536,301.0,337.0,37,25–90°N area–mass weighted,15.0
u30,BCwave_b15_u30_n3_s-5,1.5,3,-5,eddy_heat_flux_vT,200.0,0.22775944946585475,301.0,337.0,37,25–90°N area–mass weighted,15.0
u30,BCwave_b15_u30_n3_s-5,1.5,3,-5,eddy_heat_flux_vT,250.0,1.8626340659889016,301.0,337.0,37,25–90°N area–mass weighted,15.0
u30,BCwave_b15_u30_n3_s-5,1.5,3,-5,eddy_heat_flux_vT,300.0,3.461514730711241,301.0,337.0,37,25–90°N area–mass weighted,15.0
u30,BCwave_b15_u30_n3_s-5,1.5,3,-5,eddy_heat_flux_vT,400.0,6.5394597311277645,301.0,337.0,37,25–90°N area–mass weighted,15.0
u30,BCwave_b15_u30_n3_s-5,1.5,3,-5,eddy_heat_flux_vT,500.0,9.56407032786189,301.0,337.0,37,25–90°N area–mass weighted,15.0
u30,BCwave_b15_u30_n3_s-5,1.5,3,-5,eddy_heat_flux_vT,600.0,11.777293308361157,301.0,337.0,37,25–90°N area–mass weighted,15.0
u30,BCwave_b15_u30_n3_s-5,1.5,3,-5,eddy_heat_flux_vT,700.0,14.922403567546123,301.0,337.0,37,25–90°N area–mass weighted,15.0
u30,BCwave_b15_u30_n3_s-5,1.5,3,-5,eddy_heat_flux_vT,850.0,24.675400914372624,301.0,337.0,37,25–90°N area–mass weighted,15.0
u30,BCwave_b15_u30_n3_s-5,1.5,3,-5,eddy_heat_flux_vT,925.0,30.03683853149414,301.0,337.0,37,25–90°N area–mass weighted,15.0
u30,BCwave_b15_u30_n3_s-5,1.5,3,-5,eddy_heat_flux_vT,975.0,29.805598336297113,301.0,337.0,37,25–90°N area–mass weighted,15.0
u30,BCwave_b15_u30_n3_s-5,1.5,3,-5,eddy_heat_flux_vT,1000.0,27.753852070988835,301.0,337.0,37,25–90°N area–mass weighted,15.0
u30,BCwave_b15_u30_n3_s0,1.5,3,0,eddy_heat_flux_vT,10.0,0.0018910517255255185,278.0,311.0,34,25–90°N area–mass weighted,15.0
u30,BCwave_b15_u30_n3_s0,1.5,3,0,eddy_heat_flux_vT,50.0,0.08354597089483458,278.0,311.0,34,25–90°N area–mass weighted,15.0
u30,BCwave_b15_u30_n3_s0,1.5,3,0,eddy_heat_flux_vT,100.0,-0.4989980051622671,278.0,311.0,34,25–90°N area–mass weighted,15.0
u30,BCwave_b15_u30_n3_s0,1.5,3,0,eddy_heat_flux_vT,150.0,-1.9418540035977083,278.0,311.0,34,25–90°N area–mass weighted,15.0
u30,BCwave_b15_u30_n3_s0,1.5,3,0,eddy_heat_flux_vT,200.0,-0.28731549049125,278.0,311.0,34,25–90°N area–mass weighted,15.0
u30,BCwave_b15_u30_n3_s0,1.5,3,0,eddy_heat_flux_vT,250.0,2.1318467960638157,278.0,311.0,34,25–90°N area–mass weighted,15.0
u30,BCwave_b15_u30_n3_s0,1.5,3,0,eddy_heat_flux_vT,300.0,4.789587644969716,278.0,311.0,34,25–90°N area–mass weighted,15.0
u30,BCwave_b15_u30_n3_s0,1.5,3,0,eddy_heat_flux_vT,400.0,9.897578772376566,278.0,311.0,34,25–90°N area–mass weighted,15.0
u30,BCwave_b15_u30_n3_s0,1.5,3,0,eddy_heat_flux_vT,500.0,13.82851676379933,278.0,311.0,34,25–90°N area–mass weighted,15.0
u30,BCwave_b15_u30_n3_s0,1.5,3,0,eddy_heat_flux_vT,600.0,16.47556198344511,278.0,311.0,34,25–90°N area–mass weighted,15.0
u30,BCwave_b15_u30_n3_s0,1.5,3,0,eddy_heat_flux_vT,700.0,20.85311648424934,278.0,311.0,34,25–90°N area–mass weighted,15.0
u30,BCwave_b15_u30_n3_s0,1.5,3,0,eddy_heat_flux_vT,850.0,32.662446695215564,278.0,311.0,34,25–90°N area–mass weighted,15.0
u30,BCwave_b15_u30_n3_s0,1.5,3,0,eddy_heat_flux_vT,925.0,37.39380533554975,278.0,311.0,34,25–90°N area–mass weighted,15.0
u30,BCwave_b15_u30_n3_s0,1.5,3,0,eddy_heat_flux_vT,975.0,36.70816399069393,278.0,311.0,34,25–90°N area–mass weighted,15.0
u30,BCwave_b15_u30_n3_s0,1.5,3,0,eddy_heat_flux_vT,1000.0,35.43486572714413,278.0,311.0,34,25–90°N area–mass weighted,15.0
u30,BCwave_b15_u30_n3_s5,1.5,3,5,eddy_heat_flux_vT,10.0,0.014249143190681934,280.0,336.0,57,25–90°N area–mass weighted,15.0
u30,BCwave_b15_u30_n3_s5,1.5,3,5,eddy_heat_flux_vT,50.0,0.27710914134717823,280.0,336.0,57,25–90°N area–mass weighted,15.0
u30,BCwave_b15_u30_n3_s5,1.5,3,5,eddy_heat_flux_vT,100.0,-1.0821069112995214,280.0,336.0,57,25–90°N area–mass weighted,15.0
u30,BCwave_b15_u30_n3_s5,1.5,3,5,eddy_heat_flux_vT,150.0,-2.906533772485298,280.0,336.0,57,25–90°N area–mass weighted,15.0
u30,BCwave_b15_u30_n3_s5,1.5,3,5,eddy_heat_flux_vT,200.0,-1.1903402554361444,280.0,336.0,57,25–90°N area–mass weighted,15.0
u30,BCwave_b15_u30_n3_s5,1.5,3,5,eddy_heat_flux_vT,250.0,1.1779437492389166,280.0,336.0,57,25–90°N area–mass weighted,15.0
u30,BCwave_b15_u30_n3_s5,1.5,3,5,eddy_heat_flux_vT,300.0,3.744184843280859,280.0,336.0,57,25–90°N area–mass weighted,15.0
u30,BCwave_b15_u30_n3_s5,1.5,3,5,eddy_heat_flux_vT,400.0,8.572127785599022,280.0,336.0,57,25–90°N area–mass weighted,15.0
u30,BCwave_b15_u30_n3_s5,1.5,3,5,eddy_heat_flux_vT,500.0,11.945214656361362,280.0,336.0,57,25–90°N area–mass weighted,15.0
u30,BCwave_b15_u30_n3_s5,1.5,3,5,eddy_heat_flux_vT,600.0,14.583892403987416,280.0,336.0,57,25–90°N area–mass weighted,15.0
u30,BCwave_b15_u30_n3_s5,1.5,3,5,eddy_heat_flux_vT,700.0,19.709587465252792,280.0,336.0,57,25–90°N area–mass weighted,15.0
u30,BCwave_b15_u30_n3_s5,1.5,3,5,eddy_heat_flux_vT,850.0,31.491402040448104,280.0,336.0,57,25–90°N area–mass weighted,15.0
u30,BCwave_b15_u30_n3_s5,1.5,3,5,eddy_heat_flux_vT,925.0,35.57783675612065,280.0,336.0,57,25–90°N area–mass weighted,15.0
u30,BCwave_b15_u30_n3_s5,1.5,3,5,eddy_heat_flux_vT,975.0,34.95675752874006,280.0,336.0,57,25–90°N area–mass weighted,15.0
u30,BCwave_b15_u30_n3_s5,1.5,3,5,eddy_heat_flux_vT,1000.0,32.56594457124409,280.0,336.0,57,25–90°N area–mass weighted,15.0
u30,BCwave_b15_u30_n3_s10,1.5,3,10,eddy_heat_flux_vT,10.0,0.005783114915175247,239.0,301.0,63,25–90°N area–mass weighted,15.0
u30,BCwave_b15_u30_n3_s10,1.5,3,10,eddy_heat_flux_vT,50.0,0.034513054088973955,239.0,301.0,63,25–90°N area–mass weighted,15.0
u30,BCwave_b15_u30_n3_s10,1.5,3,10,eddy_heat_flux_vT,100.0,-0.8008870472983708,239.0,301.0,63,25–90°N area–mass weighted,15.0
u30,BCwave_b15_u30_n3_s10,1.5,3,10,eddy_heat_flux_vT,150.0,-2.445317722502209,239.0,301.0,63,25–90°N area–mass weighted,15.0
u30,BCwave_b15_u30_n3_s10,1.5,3,10,eddy_heat_flux_vT,200.0,-0.9995336977262346,239.0,301.0,63,25–90°N area–mass weighted,15.0
u30,BCwave_b15_u30_n3_s10,1.5,3,10,eddy_heat_flux_vT,250.0,1.475952292245532,239.0,301.0,63,25–90°N area–mass weighted,15.0
u30,BCwave_b15_u30_n3_s10,1.5,3,10,eddy_heat_flux_vT,300.0,4.114674117830065,239.0,301.0,63,25–90°N area–mass weighted,15.0
u30,BCwave_b15_u30_n3_s10,1.5,3,10,eddy_heat_flux_vT,400.0,8.202780973343621,239.0,301.0,63,25–90°N area–mass weighted,15.0
u30,BCwave_b15_u30_n3_s10,1.5,3,10,eddy_heat_flux_vT,500.0,9.903250452071902,239.0,301.0,63,25–90°N area–mass weighted,15.0
u30,BCwave_b15_u30_n3_s10,1.5,3,10,eddy_heat_flux_vT,600.0,11.986969327169751,239.0,301.0,63,25–90°N area–mass weighted,15.0
u30,BCwave_b15_u30_n3_s10,1.5,3,10,eddy_heat_flux_vT,700.0,16.74151070912679,239.0,301.0,63,25–90°N area–mass weighted,15.0
u30,BCwave_b15_u30_n3_s10,1.5,3,10,eddy_heat_flux_vT,850.0,25.682714220077273,239.0,301.0,63,25–90°N area–mass weighted,15.0
u30,BCwave_b15_u30_n3_s10,1.5,3,10,eddy_heat_flux_vT,925.0,27.524851904975044,239.0,301.0,63,25–90°N area–mass weighted,15.0
u30,BCwave_b15_u30_n3_s10,1.5,3,10,eddy_heat_flux_vT,975.0,27.07241984776088,239.0,301.0,63,25–90°N area–mass weighted,15.0
u30,BCwave_b15_u30_n3_s10,1.5,3,10,eddy_heat_flux_vT,1000.0,26.419650123232888,239.0,301.0,63,25–90°N area–mass weighted,15.0
u30,BCwave_b15_u30_n6_s-10,1.5,6,-10,eddy_heat_flux_vT,10.0,0.00022879012179882486,303.0,344.0,42,25–90°N area–mass weighted,15.0
u30,BCwave_b15_u30_n6_s-10,1.5,6,-10,eddy_heat_flux_vT,50.0,0.006636406428047589,303.0,344.0,42,25–90°N area–mass weighted,15.0
u30,BCwave_b15_u30_n6_s-10,1.5,6,-10,eddy_heat_flux_vT,100.0,0.09758433273860387,303.0,344.0,42,25–90°N area–mass weighted,15.0
u30,BCwave_b15_u30_n6_s-10,1.5,6,-10,eddy_heat_flux_vT,150.0,0.01289179204918799,303.0,344.0,42,25–90°N area–mass weighted,15.0
u30,BCwave_b15_u30_n6_s-10,1.5,6,-10,eddy_heat_flux_vT,200.0,0.26933991589716505,303.0,344.0,42,25–90°N area–mass weighted,15.0
u30,BCwave_b15_u30_n6_s-10,1.5,6,-10,eddy_heat_flux_vT,250.0,0.5595595935980479,303.0,344.0,42,25–90°N area–mass weighted,15.0
u30,BCwave_b15_u30_n6_s-10,1.5,6,-10,eddy_heat_flux_vT,300.0,0.869285177616846,303.0,344.0,42,25–90°N area–mass weighted,15.0
u30,BCwave_b15_u30_n6_s-10,1.5,6,-10,eddy_heat_flux_vT,400.0,1.5820529262224834,303.0,344.0,42,25–90°N area–mass weighted,15.0
u30,BCwave_b15_u30_n6_s-10,1.5,6,-10,eddy_heat_flux_vT,500.0,2.3568555968148366,303.0,344.0,42,25–90°N area–mass weighted,15.0
u30,BCwave_b15_u30_n6_s-10,1.5,6,-10,eddy_heat_flux_vT,600.0,3.2715131839116416,303.0,344.0,42,25–90°N area–mass weighted,15.0
u30,BCwave_b15_u30_n6_s-10,1.5,6,-10,eddy_heat_flux_vT,700.0,4.292540692147755,303.0,344.0,42,25–90°N area–mass weighted,15.0
u30,BCwave_b15_u30_n6_s-10,1.5,6,-10,eddy_heat_flux_vT,850.0,7.192494880585444,303.0,344.0,42,25–90°N area–mass weighted,15.0
u30,BCwave_b15_u30_n6_s-10,1.5,6,-10,eddy_heat_flux_vT,925.0,9.572567031497048,303.0,344.0,42,25–90°N area–mass weighted,15.0
u30,BCwave_b15_u30_n6_s-10,1.5,6,-10,eddy_heat_flux_vT,975.0,10.62687079111735,303.0,344.0,42,25–90°N area–mass weighted,15.0
u30,BCwave_b15_u30_n6_s-10,1.5,6,-10,eddy_heat_flux_vT,1000.0,10.18037139801752,303.0,344.0,42,25–90°N area–mass weighted,15.0
u30,BCwave_b15_u30_n6_s-5,1.5,6,-5,eddy_heat_flux_vT,10.0,0.00044135372849672823,305.0,340.0,36,25–90°N area–mass weighted,15.0
u30,BCwave_b15_u30_n6_s-5,1.5,6,-5,eddy_heat_flux_vT,50.0,0.028938306857728295,305.0,340.0,36,25–90°N area–mass weighted,15.0
u30,BCwave_b15_u30_n6_s-5,1.5,6,-5,eddy_heat_flux_vT,100.0,0.08666850429856116,305.0,340.0,36,25–90°N area–mass weighted,15.0
u30,BCwave_b15_u30_n6_s-5,1.5,6,-5,eddy_heat_flux_vT,150.0,-0.36098331130213207,305.0,340.0,36,25–90°N area–mass weighted,15.0
u30,BCwave_b15_u30_n6_s-5,1.5,6,-5,eddy_heat_flux_vT,200.0,0.3354206590188874,305.0,340.0,36,25–90°N area–mass weighted,15.0
u30,BCwave_b15_u30_n6_s-5,1.5,6,-5,eddy_heat_flux_vT,250.0,1.1499979595343273,305.0,340.0,36,25–90°N area–mass weighted,15.0
u30,BCwave_b15_u30_n6_s-5,1.5,6,-5,eddy_heat_flux_vT,300.0,1.979508830441369,305.0,340.0,36,25–90°N area–mass weighted,15.0
u30,BCwave_b15_u30_n6_s-5,1.5,6,-5,eddy_heat_flux_vT,400.0,3.6816657384236655,305.0,340.0,36,25–90°N area–mass weighted,15.0
u30,BCwave_b15_u30_n6_s-5,1.5,6,-5,eddy_heat_flux_vT,500.0,5.437960359785292,305.0,340.0,36,25–90°N area–mass weighted,15.0
u30,BCwave_b15_u30_n6_s-5,1.5,6,-5,eddy_heat_flux_vT,600.0,7.151669383049011,305.0,340.0,36,25–90°N area–mass weighted,15.0
u30,BCwave_b15_u30_n6_s-5,1.5,6,-5,eddy_heat_flux_vT,700.0,9.3432553741667,305.0,340.0,36,25–90°N area–mass weighted,15.0
u30,BCwave_b15_u30_n6_s-5,1.5,6,-5,eddy_heat_flux_vT,850.0,15.871663596895006,305.0,340.0,36,25–90°N area–mass weighted,15.0
u30,BCwave_b15_u30_n6_s-5,1.5,6,-5,eddy_heat_flux_vT,925.0,19.146076069937813,305.0,340.0,36,25–90°N area–mass weighted,15.0
u30,BCwave_b15_u30_n6_s-5,1.5,6,-5,eddy_heat_flux_vT,975.0,18.827107403013443,305.0,340.0,36,25–90°N area–mass weighted,15.0
u30,BCwave_b15_u30_n6_s-5,1.5,6,-5,eddy_heat_flux_vT,1000.0,17.430618180169,305.0,340.0,36,25–90°N area–mass weighted,15.0
u30,BCwave_b15_u30_n6_s0,1.5,6,0,eddy_heat_flux_vT,10.0,0.000896753993907219,291.0,326.0,36,25–90°N area–mass weighted,15.0
u30,BCwave_b15_u30_n6_s0,1.5,6,0,eddy_heat_flux_vT,50.0,0.0663437137587203,291.0,326.0,36,25–90°N area–mass weighted,15.0
u30,BCwave_b15_u30_n6_s0,1.5,6,0,eddy_heat_flux_vT,100.0,-0.17871374316099617,291.0,326.0,36,25–90°N area–mass weighted,15.0
u30,BCwave_b15_u30_n6_s0,1.5,6,0,eddy_heat_flux_vT,150.0,-1.1759868611892064,291.0,326.0,36,25–90°N area–mass weighted,15.0
u30,BCwave_b15_u30_n6_s0,1.5,6,0,eddy_heat_flux_vT,200.0,0.12782340093205372,291.0,326.0,36,25–90°N area–mass weighted,15.0
u30,BCwave_b15_u30_n6_s0,1.5,6,0,eddy_heat_flux_vT,250.0,1.8330359127786424,291.0,326.0,36,25–90°N area–mass weighted,15.0
u30,BCwave_b15_u30_n6_s0,1.5,6,0,eddy_heat_flux_vT,300.0,3.62343528535631,291.0,326.0,36,25–90°N area–mass weighted,15.0
u30,BCwave_b15_u30_n6_s0,1.5,6,0,eddy_heat_flux_vT,400.0,7.0752041472329035,291.0,326.0,36,25–90°N area–mass weighted,15.0
u30,BCwave_b15_u30_n6_s0,1.5,6,0,eddy_heat_flux_vT,500.0,10.02690765592787,291.0,326.0,36,25–90°N area–mass weighted,15.0
u30,BCwave_b15_u30_n6_s0,1.5,6,0,eddy_heat_flux_vT,600.0,12.140657875272963,291.0,326.0,36,25–90°N area–mass weighted,15.0
u30,BCwave_b15_u30_n6_s0,1.5,6,0,eddy_heat_flux_vT,700.0,15.06199147966173,291.0,326.0,36,25–90°N area–mass weighted,15.0
u30,BCwave_b15_u30_n6_s0,1.5,6,0,eddy_heat_flux_vT,850.0,24.096133708953857,291.0,326.0,36,25–90°N area–mass weighted,15.0
u30,BCwave_b15_u30_n6_s0,1.5,6,0,eddy_heat_flux_vT,925.0,27.900520218743218,291.0,326.0,36,25–90°N area–mass weighted,15.0
u30,BCwave_b15_u30_n6_s0,1.5,6,0,eddy_heat_flux_vT,975.0,28.321301460266113,291.0,326.0,36,25–90°N area–mass weighted,15.0
u30,BCwave_b15_u30_n6_s0,1.5,6,0,eddy_heat_flux_vT,1000.0,27.054759873284233,291.0,326.0,36,25–90°N area–mass weighted,15.0
u30,BCwave_b15_u30_n6_s5,1.5,6,5,eddy_heat_flux_vT,10.0,0.005536275094974849,281.0,339.0,59,25–90°N area–mass weighted,15.0
u30,BCwave_b15_u30_n6_s5,1.5,6,5,eddy_heat_flux_vT,50.0,0.14521855494733585,281.0,339.0,59,25–90°N area–mass weighted,15.0
u30,BCwave_b15_u30_n6_s5,1.5,6,5,eddy_heat_flux_vT,100.0,-0.39332020535307416,281.0,339.0,59,25–90°N area–mass weighted,15.0
u30,BCwave_b15_u30_n6_s5,1.5,6,5,eddy_heat_flux_vT,150.0,-1.6198720285447978,281.0,339.0,59,25–90°N area–mass weighted,15.0
u30,BCwave_b15_u30_n6_s5,1.5,6,5,eddy_heat_flux_vT,200.0,-0.2871740664971077,281.0,339.0,59,25–90°N area–mass weighted,15.0
u30,BCwave_b15_u30_n6_s5,1.5,6,5,eddy_heat_flux_vT,250.0,1.722245198185161,281.0,339.0,59,25–90°N area–mass weighted,15.0
u30,BCwave_b15_u30_n6_s5,1.5,6,5,eddy_heat_flux_vT,300.0,3.903927136275728,281.0,339.0,59,25–90°N area–mass weighted,15.0
u30,BCwave_b15_u30_n6_s5,1.5,6,5,eddy_heat_flux_vT,400.0,7.671797057329598,281.0,339.0,59,25–90°N area–mass weighted,15.0
u30,BCwave_b15_u30_n6_s5,1.5,6,5,eddy_heat_flux_vT,500.0,10.459020921739482,281.0,339.0,59,25–90°N area–mass weighted,15.0
u30,BCwave_b15_u30_n6_s5,1.5,6,5,eddy_heat_flux_vT,600.0,12.268705190238306,281.0,339.0,59,25–90°N area–mass weighted,15.0
u30,BCwave_b15_u30_n6_s5,1.5,6,5,eddy_heat_flux_vT,700.0,15.571052551269531,281.0,339.0,59,25–90°N area–mass weighted,15.0
u30,BCwave_b15_u30_n6_s5,1.5,6,5,eddy_heat_flux_vT,850.0,24.140846446409064,281.0,339.0,59,25–90°N area–mass weighted,15.0
u30,BCwave_b15_u30_n6_s5,1.5,6,5,eddy_heat_flux_vT,925.0,27.84358577404992,281.0,339.0,59,25–90°N area–mass weighted,15.0
u30,BCwave_b15_u30_n6_s5,1.5,6,5,eddy_heat_flux_vT,975.0,27.589631872662043,281.0,339.0,59,25–90°N area–mass weighted,15.0
u30,BCwave_b15_u30_n6_s5,1.5,6,5,eddy_heat_flux_vT,1000.0,25.90699810092732,281.0,339.0,59,25–90°N area–mass weighted,15.0
u30,BCwave_b15_u30_n6_s10,1.5,6,10,eddy_heat_flux_vT,10.0,0.01100572925578389,266.0,337.0,72,25–90°N area–mass weighted,15.0
u30,BCwave_b15_u30_n6_s10,1.5,6,10,eddy_heat_flux_vT,50.0,0.1958086452860799,266.0,337.0,72,25–90°N area–mass weighted,15.0
u30,BCwave_b15_u30_n6_s10,1.5,6,10,eddy_heat_flux_vT,100.0,-0.629941810750299,266.0,337.0,72,25–90°N area–mass weighted,15.0
u30,BCwave_b15_u30_n6_s10,1.5,6,10,eddy_heat_flux_vT,150.0,-2.0404720422294407,266.0,337.0,72,25–90°N area–mass weighted,15.0
u30,BCwave_b15_u30_n6_s10,1.5,6,10,eddy_heat_flux_vT,200.0,-1.066654470231798,266.0,337.0,72,25–90°N area–mass weighted,15.0
u30,BCwave_b15_u30_n6_s10,1.5,6,10,eddy_heat_flux_vT,250.0,0.2801489020801253,266.0,337.0,72,25–90°N area–mass weighted,15.0
u30,BCwave_b15_u30_n6_s10,1.5,6,10,eddy_heat_flux_vT,300.0,2.057987569934792,266.0,337.0,72,25–90°N area–mass weighted,15.0
u30,BCwave_b15_u30_n6_s10,1.5,6,10,eddy_heat_flux_vT,400.0,5.6229600376553,266.0,337.0,72,25–90°N area–mass weighted,15.0
u30,BCwave_b15_u30_n6_s10,1.5,6,10,eddy_heat_flux_vT,500.0,8.085696895917257,266.0,337.0,72,25–90°N area–mass weighted,15.0
u30,BCwave_b15_u30_n6_s10,1.5,6,10,eddy_heat_flux_vT,600.0,9.74884354405933,266.0,337.0,72,25–90°N area–mass weighted,15.0
u30,BCwave_b15_u30_n6_s10,1.5,6,10,eddy_heat_flux_vT,700.0,12.57626540131039,266.0,337.0,72,25–90°N area–mass weighted,15.0
u30,BCwave_b15_u30_n6_s10,1.5,6,10,eddy_heat_flux_vT,850.0,20.224973175260757,266.0,337.0,72,25–90°N area–mass weighted,15.0
u30,BCwave_b15_u30_n6_s10,1.5,6,10,eddy_heat_flux_vT,925.0,22.460973103841145,266.0,337.0,72,25–90°N area–mass weighted,15.0
u30,BCwave_b15_u30_n6_s10,1.5,6,10,eddy_heat_flux_vT,975.0,21.918683793809677,266.0,337.0,72,25–90°N area–mass weighted,15.0
u30,BCwave_b15_u30_n6_s10,1.5,6,10,eddy_heat_flux_vT,1000.0,21.065880669487846,266.0,337.0,72,25–90°N area–mass weighted,15.0
u30,BCwave_b2_u30_n1_s-10,2.0,1,-10,eddy_heat_flux_vT,10.0,0.0008277503637752185,313.0,342.0,30,25–90°N area–mass weighted,15.0
u30,BCwave_b2_u30_n1_s-10,2.0,1,-10,eddy_heat_flux_vT,50.0,0.24889917820692062,313.0,342.0,30,25–90°N area–mass weighted,15.0
u30,BCwave_b2_u30_n1_s-10,2.0,1,-10,eddy_heat_flux_vT,100.0,0.3395392656326294,313.0,342.0,30,25–90°N area–mass weighted,15.0
u30,BCwave_b2_u30_n1_s-10,2.0,1,-10,eddy_heat_flux_vT,150.0,0.33972479303677877,313.0,342.0,30,25–90°N area–mass weighted,15.0
u30,BCwave_b2_u30_n1_s-10,2.0,1,-10,eddy_heat_flux_vT,200.0,0.6731309692064921,313.0,342.0,30,25–90°N area–mass weighted,15.0
u30,BCwave_b2_u30_n1_s-10,2.0,1,-10,eddy_heat_flux_vT,250.0,1.1445021450519561,313.0,342.0,30,25–90°N area–mass weighted,15.0
u30,BCwave_b2_u30_n1_s-10,2.0,1,-10,eddy_heat_flux_vT,300.0,1.6668341994285583,313.0,342.0,30,25–90°N area–mass weighted,15.0
u30,BCwave_b2_u30_n1_s-10,2.0,1,-10,eddy_heat_flux_vT,400.0,2.7677802006403605,313.0,342.0,30,25–90°N area–mass weighted,15.0
u30,BCwave_b2_u30_n1_s-10,2.0,1,-10,eddy_heat_flux_vT,500.0,4.024293287595113,313.0,342.0,30,25–90°N area–mass weighted,15.0
u30,BCwave_b2_u30_n1_s-10,2.0,1,-10,eddy_heat_flux_vT,600.0,5.358991416295369,313.0,342.0,30,25–90°N area–mass weighted,15.0
u30,BCwave_b2_u30_n1_s-10,2.0,1,-10,eddy_heat_flux_vT,700.0,7.304585313796997,313.0,342.0,30,25–90°N area–mass weighted,15.0
u30,BCwave_b2_u30_n1_s-10,2.0,1,-10,eddy_heat_flux_vT,850.0,13.097552553812664,313.0,342.0,30,25–90°N area–mass weighted,15.0
u30,BCwave_b2_u30_n1_s-10,2.0,1,-10,eddy_heat_flux_vT,925.0,16.56915661493937,313.0,342.0,30,25–90°N area–mass weighted,15.0
u30,BCwave_b2_u30_n1_s-10,2.0,1,-10,eddy_heat_flux_vT,975.0,18.202406787872313,313.0,342.0,30,25–90°N area–mass weighted,15.0
u30,BCwave_b2_u30_n1_s-10,2.0,1,-10,eddy_heat_flux_vT,1000.0,18.185421752929688,313.0,342.0,30,25–90°N area–mass weighted,15.0
u30,BCwave_b2_u30_n1_s-5,2.0,1,-5,eddy_heat_flux_vT,10.0,0.0024564348048332968,306.0,338.0,33,25–90°N area–mass weighted,15.0
u30,BCwave_b2_u30_n1_s-5,2.0,1,-5,eddy_heat_flux_vT,50.0,0.4473386831355817,306.0,338.0,33,25–90°N area–mass weighted,15.0
u30,BCwave_b2_u30_n1_s-5,2.0,1,-5,eddy_heat_flux_vT,100.0,0.5563120914228035,306.0,338.0,33,25–90°N area–mass weighted,15.0
u30,BCwave_b2_u30_n1_s-5,2.0,1,-5,eddy_heat_flux_vT,150.0,0.7151244047916296,306.0,338.0,33,25–90°N area–mass weighted,15.0
u30,BCwave_b2_u30_n1_s-5,2.0,1,-5,eddy_heat_flux_vT,200.0,1.6745535604881518,306.0,338.0,33,25–90°N area–mass weighted,15.0
u30,BCwave_b2_u30_n1_s-5,2.0,1,-5,eddy_heat_flux_vT,250.0,2.8602447545889653,306.0,338.0,33,25–90°N area–mass weighted,15.0
u30,BCwave_b2_u30_n1_s-5,2.0,1,-5,eddy_heat_flux_vT,300.0,3.957542657852173,306.0,338.0,33,25–90°N area–mass weighted,15.0
u30,BCwave_b2_u30_n1_s-5,2.0,1,-5,eddy_heat_flux_vT,400.0,5.8755059242248535,306.0,338.0,33,25–90°N area–mass weighted,15.0
u30,BCwave_b2_u30_n1_s-5,2.0,1,-5,eddy_heat_flux_vT,500.0,7.96756040688717,306.0,338.0,33,25–90°N area–mass weighted,15.0
u30,BCwave_b2_u30_n1_s-5,2.0,1,-5,eddy_heat_flux_vT,600.0,10.328271490154844,306.0,338.0,33,25–90°N area–mass weighted,15.0
u30,BCwave_b2_u30_n1_s-5,2.0,1,-5,eddy_heat_flux_vT,700.0,14.083210424943404,306.0,338.0,33,25–90°N area–mass weighted,15.0
u30,BCwave_b2_u30_n1_s-5,2.0,1,-5,eddy_heat_flux_vT,850.0,23.7128831690008,306.0,338.0,33,25–90°N area–mass weighted,15.0
u30,BCwave_b2_u30_n1_s-5,2.0,1,-5,eddy_heat_flux_vT,925.0,27.0805944962935,306.0,338.0,33,25–90°N area–mass weighted,15.0
u30,BCwave_b2_u30_n1_s-5,2.0,1,-5,eddy_heat_flux_vT,975.0,27.588754307140004,306.0,338.0,33,25–90°N area–mass weighted,15.0
u30,BCwave_b2_u30_n1_s-5,2.0,1,-5,eddy_heat_flux_vT,1000.0,27.626499927405156,306.0,338.0,33,25–90°N area–mass weighted,15.0
u30,BCwave_b2_u30_n1_s0,2.0,1,0,eddy_heat_flux_vT,10.0,0.003907383412062641,284.0,314.0,31,25–90°N area–mass weighted,15.0
u30,BCwave_b2_u30_n1_s0,2.0,1,0,eddy_heat_flux_vT,50.0,0.3258472988682409,284.0,314.0,31,25–90°N area–mass weighted,15.0
u30,BCwave_b2_u30_n1_s0,2.0,1,0,eddy_heat_flux_vT,100.0,0.42734681694738325,284.0,314.0,31,25–90°N area–mass weighted,15.0
u30,BCwave_b2_u30_n1_s0,2.0,1,0,eddy_heat_flux_vT,150.0,0.8454977927669403,284.0,314.0,31,25–90°N area–mass weighted,15.0
u30,BCwave_b2_u30_n1_s0,2.0,1,0,eddy_heat_flux_vT,200.0,2.3571162608362015,284.0,314.0,31,25–90°N area–mass weighted,15.0
u30,BCwave_b2_u30_n1_s0,2.0,1,0,eddy_heat_flux_vT,250.0,4.104828857606457,284.0,314.0,31,25–90°N area–mass weighted,15.0
u30,BCwave_b2_u30_n1_s0,2.0,1,0,eddy_heat_flux_vT,300.0,5.663613211724066,284.0,314.0,31,25–90°N area–mass weighted,15.0
u30,BCwave_b2_u30_n1_s0,2.0,1,0,eddy_heat_flux_vT,400.0,8.5520430995572,284.0,314.0,31,25–90°N area–mass weighted,15.0
u30,BCwave_b2_u30_n1_s0,2.0,1,0,eddy_heat_flux_vT,500.0,11.150683710652013,284.0,314.0,31,25–90°N area–mass weighted,15.0
u30,BCwave_b2_u30_n1_s0,2.0,1,0,eddy_heat_flux_vT,600.0,13.754883120136876,284.0,314.0,31,25–90°N area–mass weighted,15.0
u30,BCwave_b2_u30_n1_s0,2.0,1,0,eddy_heat_flux_vT,700.0,18.32298195746637,284.0,314.0,31,25–90°N area–mass weighted,15.0
u30,BCwave_b2_u30_n1_s0,2.0,1,0,eddy_heat_flux_vT,850.0,29.38362773772209,284.0,314.0,31,25–90°N area–mass weighted,15.0
u30,BCwave_b2_u30_n1_s0,2.0,1,0,eddy_heat_flux_vT,925.0,31.51465698980516,284.0,314.0,31,25–90°N area–mass weighted,15.0
u30,BCwave_b2_u30_n1_s0,2.0,1,0,eddy_heat_flux_vT,975.0,31.951515628445534,284.0,314.0,31,25–90°N area–mass weighted,15.0
u30,BCwave_b2_u30_n1_s0,2.0,1,0,eddy_heat_flux_vT,1000.0,32.773318752165764,284.0,314.0,31,25–90°N area–mass weighted,15.0
u30,BCwave_b2_u30_n1_s5,2.0,1,5,eddy_heat_flux_vT,10.0,0.007104651485052373,261.0,296.0,36,25–90°N area–mass weighted,15.0
u30,BCwave_b2_u30_n1_s5,2.0,1,5,eddy_heat_flux_vT,50.0,0.18136513315969044,261.0,296.0,36,25–90°N area–mass weighted,15.0
u30,BCwave_b2_u30_n1_s5,2.0,1,5,eddy_heat_flux_vT,100.0,0.198704458359215,261.0,296.0,36,25–90°N area–mass weighted,15.0
u30,BCwave_b2_u30_n1_s5,2.0,1,5,eddy_heat_flux_vT,150.0,0.6481915712356567,261.0,296.0,36,25–90°N area–mass weighted,15.0
u30,BCwave_b2_u30_n1_s5,2.0,1,5,eddy_heat_flux_vT,200.0,2.1574137575096555,261.0,296.0,36,25–90°N area–mass weighted,15.0
u30,BCwave_b2_u30_n1_s5,2.0,1,5,eddy_heat_flux_vT,250.0,4.028560605314043,261.0,296.0,36,25–90°N area–mass weighted,15.0
u30,BCwave_b2_u30_n1_s5,2.0,1,5,eddy_heat_flux_vT,300.0,5.862846612930298,261.0,296.0,36,25–90°N area–mass weighted,15.0
u30,BCwave_b2_u30_n1_s5,2.0,1,5,eddy_heat_flux_vT,400.0,9.005726999706692,261.0,296.0,36,25–90°N area–mass weighted,15.0
u30,BCwave_b2_u30_n1_s5,2.0,1,5,eddy_heat_flux_vT,500.0,10.989136338233948,261.0,296.0,36,25–90°N area–mass weighted,15.0
u30,BCwave_b2_u30_n1_s5,2.0,1,5,eddy_heat_flux_vT,600.0,13.54960330327352,261.0,296.0,36,25–90°N area–mass weighted,15.0
u30,BCwave_b2_u30_n1_s5,2.0,1,5,eddy_heat_flux_vT,700.0,18.722740120357937,261.0,296.0,36,25–90°N area–mass weighted,15.0
u30,BCwave_b2_u30_n1_s5,2.0,1,5,eddy_heat_flux_vT,850.0,29.71913464864095,261.0,296.0,36,25–90°N area–mass weighted,15.0
u30,BCwave_b2_u30_n1_s5,2.0,1,5,eddy_heat_flux_vT,925.0,31.452990267011856,261.0,296.0,36,25–90°N area–mass weighted,15.0
u30,BCwave_b2_u30_n1_s5,2.0,1,5,eddy_heat_flux_vT,975.0,33.0114172299703,261.0,296.0,36,25–90°N area–mass weighted,15.0
u30,BCwave_b2_u30_n1_s5,2.0,1,5,eddy_heat_flux_vT,1000.0,35.55593204498291,261.0,296.0,36,25–90°N area–mass weighted,15.0
u30,BCwave_b2_u30_n1_s10,2.0,1,10,eddy_heat_flux_vT,10.0,0.0118599784479517,253.0,321.0,69,25–90°N area–mass weighted,15.0
u30,BCwave_b2_u30_n1_s10,2.0,1,10,eddy_heat_flux_vT,50.0,0.10160322838287422,253.0,321.0,69,25–90°N area–mass weighted,15.0
u30,BCwave_b2_u30_n1_s10,2.0,1,10,eddy_heat_flux_vT,100.0,-0.317508060971032,253.0,321.0,69,25–90°N area–mass weighted,15.0
u30,BCwave_b2_u30_n1_s10,2.0,1,10,eddy_heat_flux_vT,150.0,0.22986012805199277,253.0,321.0,69,25–90°N area–mass weighted,15.0
u30,BCwave_b2_u30_n1_s10,2.0,1,10,eddy_heat_flux_vT,200.0,1.5652811648189158,253.0,321.0,69,25–90°N area–mass weighted,15.0
u30,BCwave_b2_u30_n1_s10,2.0,1,10,eddy_heat_flux_vT,250.0,3.0393024251080942,253.0,321.0,69,25–90°N area–mass weighted,15.0
u30,BCwave_b2_u30_n1_s10,2.0,1,10,eddy_heat_flux_vT,300.0,4.614151273948559,253.0,321.0,69,25–90°N area–mass weighted,15.0
u30,BCwave_b2_u30_n1_s10,2.0,1,10,eddy_heat_flux_vT,400.0,7.228368047354878,253.0,321.0,69,25–90°N area–mass weighted,15.0
u30,BCwave_b2_u30_n1_s10,2.0,1,10,eddy_heat_flux_vT,500.0,8.27601855043052,253.0,321.0,69,25–90°N area–mass weighted,15.0
u30,BCwave_b2_u30_n1_s10,2.0,1,10,eddy_heat_flux_vT,600.0,10.564131681469904,253.0,321.0,69,25–90°N area–mass weighted,15.0
u30,BCwave_b2_u30_n1_s10,2.0,1,10,eddy_heat_flux_vT,700.0,14.680457073709238,253.0,321.0,69,25–90°N area–mass weighted,15.0
u30,BCwave_b2_u30_n1_s10,2.0,1,10,eddy_heat_flux_vT,850.0,21.21569614133973,253.0,321.0,69,25–90°N area–mass weighted,15.0
u30,BCwave_b2_u30_n1_s10,2.0,1,10,eddy_heat_flux_vT,925.0,22.714518864949543,253.0,321.0,69,25–90°N area–mass weighted,15.0
u30,BCwave_b2_u30_n1_s10,2.0,1,10,eddy_heat_flux_vT,975.0,25.592698912689652,253.0,321.0,69,25–90°N area–mass weighted,15.0
u30,BCwave_b2_u30_n1_s10,2.0,1,10,eddy_heat_flux_vT,1000.0,28.725459693134695,253.0,321.0,69,25–90°N area–mass weighted,15.0
u30,BCwave_b2_u30_n3_s-10,2.0,3,-10,eddy_heat_flux_vT,10.0,0.00026335202041082083,321.0,345.0,25,25–90°N area–mass weighted,15.0
u30,BCwave_b2_u30_n3_s-10,2.0,3,-10,eddy_heat_flux_vT,50.0,0.07544626399874688,321.0,345.0,25,25–90°N area–mass weighted,15.0
u30,BCwave_b2_u30_n3_s-10,2.0,3,-10,eddy_heat_flux_vT,100.0,0.1417475152015686,321.0,345.0,25,25–90°N area–mass weighted,15.0
u30,BCwave_b2_u30_n3_s-10,2.0,3,-10,eddy_heat_flux_vT,150.0,0.14530635327100755,321.0,345.0,25,25–90°N area–mass weighted,15.0
u30,BCwave_b2_u30_n3_s-10,2.0,3,-10,eddy_heat_flux_vT,200.0,0.2719662523269653,321.0,345.0,25,25–90°N area–mass weighted,15.0
u30,BCwave_b2_u30_n3_s-10,2.0,3,-10,eddy_heat_flux_vT,250.0,0.4562099075317383,321.0,345.0,25,25–90°N area–mass weighted,15.0
u30,BCwave_b2_u30_n3_s-10,2.0,3,-10,eddy_heat_flux_vT,300.0,0.6748565793037414,321.0,345.0,25,25–90°N area–mass weighted,15.0
u30,BCwave_b2_u30_n3_s-10,2.0,3,-10,eddy_heat_flux_vT,400.0,1.2144232344627381,321.0,345.0,25,25–90°N area–mass weighted,15.0
u30,BCwave_b2_u30_n3_s-10,2.0,3,-10,eddy_heat_flux_vT,500.0,1.8653260803222655,321.0,345.0,25,25–90°N area–mass weighted,15.0
u30,BCwave_b2_u30_n3_s-10,2.0,3,-10,eddy_heat_flux_vT,600.0,2.628011884689331,321.0,345.0,25,25–90°N area–mass weighted,15.0
u30,BCwave_b2_u30_n3_s-10,2.0,3,-10,eddy_heat_flux_vT,700.0,3.3985963535308836,321.0,345.0,25,25–90°N area–mass weighted,15.0
u30,BCwave_b2_u30_n3_s-10,2.0,3,-10,eddy_heat_flux_vT,850.0,5.435688362121582,321.0,345.0,25,25–90°N area–mass weighted,15.0
u30,BCwave_b2_u30_n3_s-10,2.0,3,-10,eddy_heat_flux_vT,925.0,6.926000328063965,321.0,345.0,25,25–90°N area–mass weighted,15.0
u30,BCwave_b2_u30_n3_s-10,2.0,3,-10,eddy_heat_flux_vT,975.0,7.601940727233886,321.0,345.0,25,25–90°N area–mass weighted,15.0
u30,BCwave_b2_u30_n3_s-10,2.0,3,-10,eddy_heat_flux_vT,1000.0,7.801757164001465,321.0,345.0,25,25–90°N area–mass weighted,15.0
u30,BCwave_b2_u30_n3_s-5,2.0,3,-5,eddy_heat_flux_vT,10.0,0.0007134521799867578,308.0,340.0,33,25–90°N area–mass weighted,15.0
u30,BCwave_b2_u30_n3_s-5,2.0,3,-5,eddy_heat_flux_vT,50.0,0.16438692785573727,308.0,340.0,33,25–90°N area–mass weighted,15.0
u30,BCwave_b2_u30_n3_s-5,2.0,3,-5,eddy_heat_flux_vT,100.0,0.2824641687400413,308.0,340.0,33,25–90°N area–mass weighted,15.0
u30,BCwave_b2_u30_n3_s-5,2.0,3,-5,eddy_heat_flux_vT,150.0,0.3165144965504155,308.0,340.0,33,25–90°N area–mass weighted,15.0
u30,BCwave_b2_u30_n3_s-5,2.0,3,-5,eddy_heat_flux_vT,200.0,0.6435034853039365,308.0,340.0,33,25–90°N area–mass weighted,15.0
u30,BCwave_b2_u30_n3_s-5,2.0,3,-5,eddy_heat_flux_vT,250.0,1.0862373836112744,308.0,340.0,33,25–90°N area–mass weighted,15.0
u30,BCwave_b2_u30_n3_s-5,2.0,3,-5,eddy_heat_flux_vT,300.0,1.5694334254120335,308.0,340.0,33,25–90°N area–mass weighted,15.0
u30,BCwave_b2_u30_n3_s-5,2.0,3,-5,eddy_heat_flux_vT,400.0,2.567146149548617,308.0,340.0,33,25–90°N area–mass weighted,15.0
u30,BCwave_b2_u30_n3_s-5,2.0,3,-5,eddy_heat_flux_vT,500.0,3.598671291813706,308.0,340.0,33,25–90°N area–mass weighted,15.0
u30,BCwave_b2_u30_n3_s-5,2.0,3,-5,eddy_heat_flux_vT,600.0,4.659189166444721,308.0,340.0,33,25–90°N area–mass weighted,15.0
u30,BCwave_b2_u30_n3_s-5,2.0,3,-5,eddy_heat_flux_vT,700.0,5.968881332513058,308.0,340.0,33,25–90°N area–mass weighted,15.0
u30,BCwave_b2_u30_n3_s-5,2.0,3,-5,eddy_heat_flux_vT,850.0,9.703492771495473,308.0,340.0,33,25–90°N area–mass weighted,15.0
u30,BCwave_b2_u30_n3_s-5,2.0,3,-5,eddy_heat_flux_vT,925.0,11.667096282496598,308.0,340.0,33,25–90°N area–mass weighted,15.0
u30,BCwave_b2_u30_n3_s-5,2.0,3,-5,eddy_heat_flux_vT,975.0,12.672346086213082,308.0,340.0,33,25–90°N area–mass weighted,15.0
u30,BCwave_b2_u30_n3_s-5,2.0,3,-5,eddy_heat_flux_vT,1000.0,12.652270952860514,308.0,340.0,33,25–90°N area–mass weighted,15.0
u30,BCwave_b2_u30_n3_s0,2.0,3,0,eddy_heat_flux_vT,10.0,0.0013530397465309272,304.0,342.0,39,25–90°N area–mass weighted,15.0
u30,BCwave_b2_u30_n3_s0,2.0,3,0,eddy_heat_flux_vT,50.0,0.31576541448250794,304.0,342.0,39,25–90°N area–mass weighted,15.0
u30,BCwave_b2_u30_n3_s0,2.0,3,0,eddy_heat_flux_vT,100.0,0.49694850735175305,304.0,342.0,39,25–90°N area–mass weighted,15.0
u30,BCwave_b2_u30_n3_s0,2.0,3,0,eddy_heat_flux_vT,150.0,0.6614369299167242,304.0,342.0,39,25–90°N area–mass weighted,15.0
u30,BCwave_b2_u30_n3_s0,2.0,3,0,eddy_heat_flux_vT,200.0,1.4531203324978168,304.0,342.0,39,25–90°N area–mass weighted,15.0
u30,BCwave_b2_u30_n3_s0,2.0,3,0,eddy_heat_flux_vT,250.0,2.4066370756198197,304.0,342.0,39,25–90°N area–mass weighted,15.0
u30,BCwave_b2_u30_n3_s0,2.0,3,0,eddy_heat_flux_vT,300.0,3.2985657239571595,304.0,342.0,39,25–90°N area–mass weighted,15.0
u30,BCwave_b2_u30_n3_s0,2.0,3,0,eddy_heat_flux_vT,400.0,4.738997153746776,304.0,342.0,39,25–90°N area–mass weighted,15.0
u30,BCwave_b2_u30_n3_s0,2.0,3,0,eddy_heat_flux_vT,500.0,6.14388788663424,304.0,342.0,39,25–90°N area–mass weighted,15.0
u30,BCwave_b2_u30_n3_s0,2.0,3,0,eddy_heat_flux_vT,600.0,7.875286591358674,304.0,342.0,39,25–90°N area–mass weighted,15.0
u30,BCwave_b2_u30_n3_s0,2.0,3,0,eddy_heat_flux_vT,700.0,10.373190146226149,304.0,342.0,39,25–90°N area–mass weighted,15.0
u30,BCwave_b2_u30_n3_s0,2.0,3,0,eddy_heat_flux_vT,850.0,17.072769580743252,304.0,342.0,39,25–90°N area–mass weighted,15.0
u30,BCwave_b2_u30_n3_s0,2.0,3,0,eddy_heat_flux_vT,925.0,19.442337182851936,304.0,342.0,39,25–90°N area–mass weighted,15.0
u30,BCwave_b2_u30_n3_s0,2.0,3,0,eddy_heat_flux_vT,975.0,19.91828077267378,304.0,342.0,39,25–90°N area–mass weighted,15.0
u30,BCwave_b2_u30_n3_s0,2.0,3,0,eddy_heat_flux_vT,1000.0,19.598854554005158,304.0,342.0,39,25–90°N area–mass weighted,15.0
u30,BCwave_b2_u30_n3_s5,2.0,3,5,eddy_heat_flux_vT,10.0,0.0018762829131446779,286.0,323.0,38,25–90°N area–mass weighted,15.0
u30,BCwave_b2_u30_n3_s5,2.0,3,5,eddy_heat_flux_vT,50.0,0.2689291297605163,286.0,323.0,38,25–90°N area–mass weighted,15.0
u30,BCwave_b2_u30_n3_s5,2.0,3,5,eddy_heat_flux_vT,100.0,0.434730296072207,286.0,323.0,38,25–90°N area–mass weighted,15.0
u30,BCwave_b2_u30_n3_s5,2.0,3,5,eddy_heat_flux_vT,150.0,0.8178801803212417,286.0,323.0,38,25–90°N area–mass weighted,15.0
u30,BCwave_b2_u30_n3_s5,2.0,3,5,eddy_heat_flux_vT,200.0,2.1313504921762565,286.0,323.0,38,25–90°N area–mass weighted,15.0
u30,BCwave_b2_u30_n3_s5,2.0,3,5,eddy_heat_flux_vT,250.0,3.614929431363156,286.0,323.0,38,25–90°N area–mass weighted,15.0
u30,BCwave_b2_u30_n3_s5,2.0,3,5,eddy_heat_flux_vT,300.0,4.870944619178772,286.0,323.0,38,25–90°N area–mass weighted,15.0
u30,BCwave_b2_u30_n3_s5,2.0,3,5,eddy_heat_flux_vT,400.0,6.6326226309726115,286.0,323.0,38,25–90°N area–mass weighted,15.0
u30,BCwave_b2_u30_n3_s5,2.0,3,5,eddy_heat_flux_vT,500.0,8.270673325187282,286.0,323.0,38,25–90°N area–mass weighted,15.0
u30,BCwave_b2_u30_n3_s5,2.0,3,5,eddy_heat_flux_vT,600.0,10.294601415332995,286.0,323.0,38,25–90°N area–mass weighted,15.0
u30,BCwave_b2_u30_n3_s5,2.0,3,5,eddy_heat_flux_vT,700.0,13.643933195816842,286.0,323.0,38,25–90°N area–mass weighted,15.0
u30,BCwave_b2_u30_n3_s5,2.0,3,5,eddy_heat_flux_vT,850.0,21.36888483950966,286.0,323.0,38,25–90°N area–mass weighted,15.0
u30,BCwave_b2_u30_n3_s5,2.0,3,5,eddy_heat_flux_vT,925.0,23.366664233960602,286.0,323.0,38,25–90°N area–mass weighted,15.0
u30,BCwave_b2_u30_n3_s5,2.0,3,5,eddy_heat_flux_vT,975.0,23.9789107473273,286.0,323.0,38,25–90°N area–mass weighted,15.0
u30,BCwave_b2_u30_n3_s5,2.0,3,5,eddy_heat_flux_vT,1000.0,23.933163994236995,286.0,323.0,38,25–90°N area–mass weighted,15.0
u30,BCwave_b2_u30_n3_s10,2.0,3,10,eddy_heat_flux_vT,10.0,0.0027118094456252744,256.0,291.0,36,25–90°N area–mass weighted,15.0
u30,BCwave_b2_u30_n3_s10,2.0,3,10,eddy_heat_flux_vT,50.0,0.13477729778322908,256.0,291.0,36,25–90°N area–mass weighted,15.0
u30,BCwave_b2_u30_n3_s10,2.0,3,10,eddy_heat_flux_vT,100.0,0.17179062859051758,256.0,291.0,36,25–90°N area–mass weighted,15.0
u30,BCwave_b2_u30_n3_s10,2.0,3,10,eddy_heat_flux_vT,150.0,0.5289603620767593,256.0,291.0,36,25–90°N area–mass weighted,15.0
u30,BCwave_b2_u30_n3_s10,2.0,3,10,eddy_heat_flux_vT,200.0,1.7431186255481508,256.0,291.0,36,25–90°N area–mass weighted,15.0
u30,BCwave_b2_u30_n3_s10,2.0,3,10,eddy_heat_flux_vT,250.0,3.179432557688819,256.0,291.0,36,25–90°N area–mass weighted,15.0
u30,BCwave_b2_u30_n3_s10,2.0,3,10,eddy_heat_flux_vT,300.0,4.529657211568621,256.0,291.0,36,25–90°N area–mass weighted,15.0
u30,BCwave_b2_u30_n3_s10,2.0,3,10,eddy_heat_flux_vT,400.0,6.829581406381395,256.0,291.0,36,25–90°N area–mass weighted,15.0
u30,BCwave_b2_u30_n3_s10,2.0,3,10,eddy_heat_flux_vT,500.0,8.472465780046251,256.0,291.0,36,25–90°N area–mass weighted,15.0
u30,BCwave_b2_u30_n3_s10,2.0,3,10,eddy_heat_flux_vT,600.0,10.502692381540934,256.0,291.0,36,25–90°N area–mass weighted,15.0
u30,BCwave_b2_u30_n3_s10,2.0,3,10,eddy_heat_flux_vT,700.0,13.966493950949776,256.0,291.0,36,25–90°N area–mass weighted,15.0
u30,BCwave_b2_u30_n3_s10,2.0,3,10,eddy_heat_flux_vT,850.0,21.169634448157417,256.0,291.0,36,25–90°N area–mass weighted,15.0
u30,BCwave_b2_u30_n3_s10,2.0,3,10,eddy_heat_flux_vT,925.0,23.266967985365127,256.0,291.0,36,25–90°N area–mass weighted,15.0
u30,BCwave_b2_u30_n3_s10,2.0,3,10,eddy_heat_flux_vT,975.0,24.607768959469265,256.0,291.0,36,25–90°N area–mass weighted,15.0
u30,BCwave_b2_u30_n3_s10,2.0,3,10,eddy_heat_flux_vT,1000.0,24.72421137491862,256.0,291.0,36,25–90°N area–mass weighted,15.0
u30,BCwave_b2_u30_n6_s-10,2.0,6,-10,eddy_heat_flux_vT,10.0,0.00012225930026033894,323.0,347.0,25,25–90°N area–mass weighted,15.0
u30,BCwave_b2_u30_n6_s-10,2.0,6,-10,eddy_heat_flux_vT,50.0,0.040736123993992804,323.0,347.0,25,25–90°N area–mass weighted,15.0
u30,BCwave_b2_u30_n6_s-10,2.0,6,-10,eddy_heat_flux_vT,100.0,0.07706933692097664,323.0,347.0,25,25–90°N area–mass weighted,15.0
u30,BCwave_b2_u30_n6_s-10,2.0,6,-10,eddy_heat_flux_vT,150.0,0.06814231216907501,323.0,347.0,25,25–90°N area–mass weighted,15.0
u30,BCwave_b2_u30_n6_s-10,2.0,6,-10,eddy_heat_flux_vT,200.0,0.11678797215223312,323.0,347.0,25,25–90°N area–mass weighted,15.0
u30,BCwave_b2_u30_n6_s-10,2.0,6,-10,eddy_heat_flux_vT,250.0,0.19064009726047515,323.0,347.0,25,25–90°N area–mass weighted,15.0
u30,BCwave_b2_u30_n6_s-10,2.0,6,-10,eddy_heat_flux_vT,300.0,0.28025209248065946,323.0,347.0,25,25–90°N area–mass weighted,15.0
u30,BCwave_b2_u30_n6_s-10,2.0,6,-10,eddy_heat_flux_vT,400.0,0.514653536081314,323.0,347.0,25,25–90°N area–mass weighted,15.0
u30,BCwave_b2_u30_n6_s-10,2.0,6,-10,eddy_heat_flux_vT,500.0,0.8394380450248718,323.0,347.0,25,25–90°N area–mass weighted,15.0
u30,BCwave_b2_u30_n6_s-10,2.0,6,-10,eddy_heat_flux_vT,600.0,1.2606160020828248,323.0,347.0,25,25–90°N area–mass weighted,15.0
u30,BCwave_b2_u30_n6_s-10,2.0,6,-10,eddy_heat_flux_vT,700.0,1.7162789630889892,323.0,347.0,25,25–90°N area–mass weighted,15.0
u30,BCwave_b2_u30_n6_s-10,2.0,6,-10,eddy_heat_flux_vT,850.0,2.791653776168823,323.0,347.0,25,25–90°N area–mass weighted,15.0
u30,BCwave_b2_u30_n6_s-10,2.0,6,-10,eddy_heat_flux_vT,925.0,3.623384380340576,323.0,347.0,25,25–90°N area–mass weighted,15.0
u30,BCwave_b2_u30_n6_s-10,2.0,6,-10,eddy_heat_flux_vT,975.0,3.9028065967559815,323.0,347.0,25,25–90°N area–mass weighted,15.0
u30,BCwave_b2_u30_n6_s-10,2.0,6,-10,eddy_heat_flux_vT,1000.0,3.951504974365234,323.0,347.0,25,25–90°N area–mass weighted,15.0
u30,BCwave_b2_u30_n6_s-5,2.0,6,-5,eddy_heat_flux_vT,10.0,0.00037411131277873086,313.0,341.0,29,25–90°N area–mass weighted,15.0
u30,BCwave_b2_u30_n6_s-5,2.0,6,-5,eddy_heat_flux_vT,50.0,0.09820705832078538,313.0,341.0,29,25–90°N area–mass weighted,15.0
u30,BCwave_b2_u30_n6_s-5,2.0,6,-5,eddy_heat_flux_vT,100.0,0.16841834732170763,313.0,341.0,29,25–90°N area–mass weighted,15.0
u30,BCwave_b2_u30_n6_s-5,2.0,6,-5,eddy_heat_flux_vT,150.0,0.15276811605897442,313.0,341.0,29,25–90°N area–mass weighted,15.0
u30,BCwave_b2_u30_n6_s-5,2.0,6,-5,eddy_heat_flux_vT,200.0,0.2961277463312807,313.0,341.0,29,25–90°N area–mass weighted,15.0
u30,BCwave_b2_u30_n6_s-5,2.0,6,-5,eddy_heat_flux_vT,250.0,0.5009226716797928,313.0,341.0,29,25–90°N area–mass weighted,15.0
u30,BCwave_b2_u30_n6_s-5,2.0,6,-5,eddy_heat_flux_vT,300.0,0.7393171170662189,313.0,341.0,29,25–90°N area–mass weighted,15.0
u30,BCwave_b2_u30_n6_s-5,2.0,6,-5,eddy_heat_flux_vT,400.0,1.3020635555530418,313.0,341.0,29,25–90°N area–mass weighted,15.0
u30,BCwave_b2_u30_n6_s-5,2.0,6,-5,eddy_heat_flux_vT,500.0,1.9463410171969184,313.0,341.0,29,25–90°N area–mass weighted,15.0
u30,BCwave_b2_u30_n6_s-5,2.0,6,-5,eddy_heat_flux_vT,600.0,2.712583328115529,313.0,341.0,29,25–90°N area–mass weighted,15.0
u30,BCwave_b2_u30_n6_s-5,2.0,6,-5,eddy_heat_flux_vT,700.0,3.5732507294621962,313.0,341.0,29,25–90°N area–mass weighted,15.0
u30,BCwave_b2_u30_n6_s-5,2.0,6,-5,eddy_heat_flux_vT,850.0,5.7717362107901735,313.0,341.0,29,25–90°N area–mass weighted,15.0
u30,BCwave_b2_u30_n6_s-5,2.0,6,-5,eddy_heat_flux_vT,925.0,6.969464186964364,313.0,341.0,29,25–90°N area–mass weighted,15.0
u30,BCwave_b2_u30_n6_s-5,2.0,6,-5,eddy_heat_flux_vT,975.0,7.526023897631415,313.0,341.0,29,25–90°N area–mass weighted,15.0
u30,BCwave_b2_u30_n6_s-5,2.0,6,-5,eddy_heat_flux_vT,1000.0,7.65260231083837,313.0,341.0,29,25–90°N area–mass weighted,15.0
u30,BCwave_b2_u30_n6_s0,2.0,6,0,eddy_heat_flux_vT,10.0,0.0008480945467262676,303.0,340.0,38,25–90°N area–mass weighted,15.0
u30,BCwave_b2_u30_n6_s0,2.0,6,0,eddy_heat_flux_vT,50.0,0.18267943200312162,303.0,340.0,38,25–90°N area–mass weighted,15.0
u30,BCwave_b2_u30_n6_s0,2.0,6,0,eddy_heat_flux_vT,100.0,0.28403483252776296,303.0,340.0,38,25–90°N area–mass weighted,15.0
u30,BCwave_b2_u30_n6_s0,2.0,6,0,eddy_heat_flux_vT,150.0,0.2961407911620642,303.0,340.0,38,25–90°N area–mass weighted,15.0
u30,BCwave_b2_u30_n6_s0,2.0,6,0,eddy_heat_flux_vT,200.0,0.6254754356647793,303.0,340.0,38,25–90°N area–mass weighted,15.0
u30,BCwave_b2_u30_n6_s0,2.0,6,0,eddy_heat_flux_vT,250.0,1.053611258142873,303.0,340.0,38,25–90°N area–mass weighted,15.0
u30,BCwave_b2_u30_n6_s0,2.0,6,0,eddy_heat_flux_vT,300.0,1.5013776578401263,303.0,340.0,38,25–90°N area–mass weighted,15.0
u30,BCwave_b2_u30_n6_s0,2.0,6,0,eddy_heat_flux_vT,400.0,2.382044403176559,303.0,340.0,38,25–90°N area–mass weighted,15.0
u30,BCwave_b2_u30_n6_s0,2.0,6,0,eddy_heat_flux_vT,500.0,3.3347201347351074,303.0,340.0,38,25–90°N area–mass weighted,15.0
u30,BCwave_b2_u30_n6_s0,2.0,6,0,eddy_heat_flux_vT,600.0,4.467748773725409,303.0,340.0,38,25–90°N area–mass weighted,15.0
u30,BCwave_b2_u30_n6_s0,2.0,6,0,eddy_heat_flux_vT,700.0,5.979074716567993,303.0,340.0,38,25–90°N area–mass weighted,15.0
u30,BCwave_b2_u30_n6_s0,2.0,6,0,eddy_heat_flux_vT,850.0,9.938311953293649,303.0,340.0,38,25–90°N area–mass weighted,15.0
u30,BCwave_b2_u30_n6_s0,2.0,6,0,eddy_heat_flux_vT,925.0,11.436530815927606,303.0,340.0,38,25–90°N area–mass weighted,15.0
u30,BCwave_b2_u30_n6_s0,2.0,6,0,eddy_heat_flux_vT,975.0,11.960846373909398,303.0,340.0,38,25–90°N area–mass weighted,15.0
u30,BCwave_b2_u30_n6_s0,2.0,6,0,eddy_heat_flux_vT,1000.0,11.742014157144647,303.0,340.0,38,25–90°N area–mass weighted,15.0
u30,BCwave_b2_u30_n6_s5,2.0,6,5,eddy_heat_flux_vT,10.0,0.0018000580206386405,291.0,334.0,44,25–90°N area–mass weighted,15.0
u30,BCwave_b2_u30_n6_s5,2.0,6,5,eddy_heat_flux_vT,50.0,0.24112740294499832,291.0,334.0,44,25–90°N area–mass weighted,15.0
u30,BCwave_b2_u30_n6_s5,2.0,6,5,eddy_heat_flux_vT,100.0,0.3645569011569023,291.0,334.0,44,25–90°N area–mass weighted,15.0
u30,BCwave_b2_u30_n6_s5,2.0,6,5,eddy_heat_flux_vT,150.0,0.46666164831681684,291.0,334.0,44,25–90°N area–mass weighted,15.0
u30,BCwave_b2_u30_n6_s5,2.0,6,5,eddy_heat_flux_vT,200.0,1.1005824641747908,291.0,334.0,44,25–90°N area–mass weighted,15.0
u30,BCwave_b2_u30_n6_s5,2.0,6,5,eddy_heat_flux_vT,250.0,1.8596277236938477,291.0,334.0,44,25–90°N area–mass weighted,15.0
u30,BCwave_b2_u30_n6_s5,2.0,6,5,eddy_heat_flux_vT,300.0,2.5585166242989628,291.0,334.0,44,25–90°N area–mass weighted,15.0
u30,BCwave_b2_u30_n6_s5,2.0,6,5,eddy_heat_flux_vT,400.0,3.661361959847537,291.0,334.0,44,25–90°N area–mass weighted,15.0
u30,BCwave_b2_u30_n6_s5,2.0,6,5,eddy_heat_flux_vT,500.0,4.745729435573924,291.0,334.0,44,25–90°N area–mass weighted,15.0
u30,BCwave_b2_u30_n6_s5,2.0,6,5,eddy_heat_flux_vT,600.0,6.232773910869252,291.0,334.0,44,25–90°N area–mass weighted,15.0
u30,BCwave_b2_u30_n6_s5,2.0,6,5,eddy_heat_flux_vT,700.0,8.444277275692333,291.0,334.0,44,25–90°N area–mass weighted,15.0
u30,BCwave_b2_u30_n6_s5,2.0,6,5,eddy_heat_flux_vT,850.0,13.556727647781372,291.0,334.0,44,25–90°N area–mass weighted,15.0
u30,BCwave_b2_u30_n6_s5,2.0,6,5,eddy_heat_flux_vT,925.0,14.79693358594721,291.0,334.0,44,25–90°N area–mass weighted,15.0
u30,BCwave_b2_u30_n6_s5,2.0,6,5,eddy_heat_flux_vT,975.0,14.96297398480502,291.0,334.0,44,25–90°N area–mass weighted,15.0
u30,BCwave_b2_u30_n6_s5,2.0,6,5,eddy_heat_flux_vT,1000.0,14.618552229621194,291.0,334.0,44,25–90°N area–mass weighted,15.0
u30,BCwave_b2_u30_n6_s10,2.0,6,10,eddy_heat_flux_vT,10.0,0.002347929363498803,266.0,309.0,44,25–90°N area–mass weighted,15.0
u30,BCwave_b2_u30_n6_s10,2.0,6,10,eddy_heat_flux_vT,50.0,0.1664094515144825,266.0,309.0,44,25–90°N area–mass weighted,15.0
u30,BCwave_b2_u30_n6_s10,2.0,6,10,eddy_heat_flux_vT,100.0,0.22455318763174795,266.0,309.0,44,25–90°N area–mass weighted,15.0
u30,BCwave_b2_u30_n6_s10,2.0,6,10,eddy_heat_flux_vT,150.0,0.4190263998779384,266.0,309.0,44,25–90°N area–mass weighted,15.0
u30,BCwave_b2_u30_n6_s10,2.0,6,10,eddy_heat_flux_vT,200.0,1.226162938909097,266.0,309.0,44,25–90°N area–mass weighted,15.0
u30,BCwave_b2_u30_n6_s10,2.0,6,10,eddy_heat_flux_vT,250.0,2.149897117506374,266.0,309.0,44,25–90°N area–mass weighted,15.0
u30,BCwave_b2_u30_n6_s10,2.0,6,10,eddy_heat_flux_vT,300.0,2.973517878489061,266.0,309.0,44,25–90°N area–mass weighted,15.0
u30,BCwave_b2_u30_n6_s10,2.0,6,10,eddy_heat_flux_vT,400.0,4.246702080423182,266.0,309.0,44,25–90°N area–mass weighted,15.0
u30,BCwave_b2_u30_n6_s10,2.0,6,10,eddy_heat_flux_vT,500.0,5.500748027454723,266.0,309.0,44,25–90°N area–mass weighted,15.0
u30,BCwave_b2_u30_n6_s10,2.0,6,10,eddy_heat_flux_vT,600.0,7.125549164685336,266.0,309.0,44,25–90°N area–mass weighted,15.0
u30,BCwave_b2_u30_n6_s10,2.0,6,10,eddy_heat_flux_vT,700.0,9.636364178224044,266.0,309.0,44,25–90°N area–mass weighted,15.0
u30,BCwave_b2_u30_n6_s10,2.0,6,10,eddy_heat_flux_vT,850.0,14.661362886428833,266.0,309.0,44,25–90°N area–mass weighted,15.0
u30,BCwave_b2_u30_n6_s10,2.0,6,10,eddy_heat_flux_vT,925.0,15.968203176151622,266.0,309.0,44,25–90°N area–mass weighted,15.0
u30,BCwave_b2_u30_n6_s10,2.0,6,10,eddy_heat_flux_vT,975.0,16.397108944979582,266.0,309.0,44,25–90°N area–mass weighted,15.0
u30,BCwave_b2_u30_n6_s10,2.0,6,10,eddy_heat_flux_vT,1000.0,16.11807270483537,266.0,309.0,44,25–90°N area–mass weighted,15.0
