ensemble,case,b,n,s,variable,pressure_hpa,value,window_start_h,window_end_h,window_count
standard,BCwave_b1n1s-10,1.0,1,-10,eddy_heat_flux_vT,10.0,0.00016015204691312052,314.0,342.0,29
standard,BCwave_b1n1s-10,1.0,1,-10,eddy_heat_flux_vT,50.0,0.001125975612326172,314.0,342.0,29
standard,BCwave_b1n1s-10,1.0,1,-10,eddy_heat_flux_vT,100.0,0.006109017942999971,314.0,342.0,29
standard,BCwave_b1n1s-10,1.0,1,-10,eddy_heat_flux_vT,150.0,0.002890327495747599,314.0,342.0,29
standard,BCwave_b1n1s-10,1.0,1,-10,eddy_heat_flux_vT,200.0,-0.03728039113098178,314.0,342.0,29
standard,BCwave_b1n1s-10,1.0,1,-10,eddy_heat_flux_vT,250.0,-0.06269199568135984,314.0,342.0,29
standard,BCwave_b1n1s-10,1.0,1,-10,eddy_heat_flux_vT,300.0,0.05136435453234048,314.0,342.0,29
standard,BCwave_b1n1s-10,1.0,1,-10,eddy_heat_flux_vT,400.0,0.5300014132055743,314.0,342.0,29
standard,BCwave_b1n1s-10,1.0,1,-10,eddy_heat_flux_vT,500.0,1.1491550926504464,314.0,342.0,29
standard,BCwave_b1n1s-10,1.0,1,-10,eddy_heat_flux_vT,600.0,1.8218809530652802,314.0,342.0,29
standard,BCwave_b1n1s-10,1.0,1,-10,eddy_heat_flux_vT,700.0,2.449980883762754,314.0,342.0,29
standard,BCwave_b1n1s-10,1.0,1,-10,eddy_heat_flux_vT,850.0,3.9459312619834113,314.0,342.0,29
standard,BCwave_b1n1s-10,1.0,1,-10,eddy_heat_flux_vT,925.0,5.521898680719836,314.0,342.0,29
standard,BCwave_b1n1s-10,1.0,1,-10,eddy_heat_flux_vT,975.0,6.358449048009412,314.0,342.0,29
standard,BCwave_b1n1s-10,1.0,1,-10,eddy_heat_flux_vT,1000.0,6.319563158627214,314.0,342.0,29
standard,BCwave_b1n1s-10,1.0,1,-10,baroclinic_conversion_proxy,10.0,1.978748791974966e-12,314.0,342.0,29
standard,BCwave_b1n1s-10,1.0,1,-10,baroclinic_conversion_proxy,50.0,-1.118407838802146e-11,314.0,342.0,29
standard,BCwave_b1n1s-10,1.0,1,-10,baroclinic_conversion_proxy,100.0,-2.982745047121731e-09,314.0,342.0,29
standard,BCwave_b1n1s-10,1.0,1,-10,baroclinic_conversion_proxy,150.0,-5.3531456662061955e-09,314.0,342.0,29
standard,BCwave_b1n1s-10,1.0,1,-10,baroclinic_conversion_proxy,200.0,1.2754398769316295e-07,314.0,342.0,29
standard,BCwave_b1n1s-10,1.0,1,-10,baroclinic_conversion_proxy,250.0,2.9494091252061106e-07,314.0,342.0,29
standard,BCwave_b1n1s-10,1.0,1,-10,baroclinic_conversion_proxy,300.0,-2.3579417823635468e-07,314.0,342.0,29
standard,BCwave_b1n1s-10,1.0,1,-10,baroclinic_conversion_proxy,400.0,-1.7984799961627217e-06,314.0,342.0,29
standard,BCwave_b1n1s-10,1.0,1,-10,baroclinic_conversion_proxy,500.0,-4.574739170623661e-08,314.0,342.0,29
standard,BCwave_b1n1s-10,1.0,1,-10,baroclinic_conversion_proxy,600.0,6.244165339514188e-06,314.0,342.0,29
standard,BCwave_b1n1s-10,1.0,1,-10,baroclinic_conversion_proxy,700.0,1.4772788055215014e-05,314.0,342.0,29
standard,BCwave_b1n1s-10,1.0,1,-10,baroclinic_conversion_proxy,850.0,3.1568772540375557e-05,314.0,342.0,29
standard,BCwave_b1n1s-10,1.0,1,-10,baroclinic_conversion_proxy,925.0,4.511908113711578e-05,314.0,342.0,29
standard,BCwave_b1n1s-10,1.0,1,-10,baroclinic_conversion_proxy,975.0,5.0384763669391196e-05,314.0,342.0,29
standard,BCwave_b1n1s-10,1.0,1,-10,baroclinic_conversion_proxy,1000.0,4.848374838133921e-05,314.0,342.0,29
standard,BCwave_b1n1s-10,1.0,1,-10,ep_flux_vertical,10.0,-1.6823282981741017,314.0,342.0,29
standard,BCwave_b1n1s-10,1.0,1,-10,ep_flux_vertical,50.0,-16.040407509639344,314.0,342.0,29
standard,BCwave_b1n1s-10,1.0,1,-10,ep_flux_vertical,100.0,-373.35297683189657,314.0,342.0,29
standard,BCwave_b1n1s-10,1.0,1,-10,ep_flux_vertical,150.0,-512.2860328411234,314.0,342.0,29
standard,BCwave_b1n1s-10,1.0,1,-10,ep_flux_vertical,200.0,11757.746026400862,314.0,342.0,29
standard,BCwave_b1n1s-10,1.0,1,-10,ep_flux_vertical,250.0,23438.70925377155,314.0,342.0,29
standard,BCwave_b1n1s-10,1.0,1,-10,ep_flux_vertical,300.0,-19085.49542025862,314.0,342.0,29
standard,BCwave_b1n1s-10,1.0,1,-10,ep_flux_vertical,400.0,-226964.49137931035,314.0,342.0,29
standard,BCwave_b1n1s-10,1.0,1,-10,ep_flux_vertical,500.0,-564519.8221982758,314.0,342.0,29
standard,BCwave_b1n1s-10,1.0,1,-10,ep_flux_vertical,600.0,-1048447.0474137932,314.0,342.0,29
standard,BCwave_b1n1s-10,1.0,1,-10,ep_flux_vertical,700.0,-1626008.3405172413,314.0,342.0,29
standard,BCwave_b1n1s-10,1.0,1,-10,ep_flux_vertical,850.0,-3040031.474137931,314.0,342.0,29
standard,BCwave_b1n1s-10,1.0,1,-10,ep_flux_vertical,925.0,-4322261.5,314.0,342.0,29
standard,BCwave_b1n1s-10,1.0,1,-10,ep_flux_vertical,975.0,-5075383.8965517245,314.0,342.0,29
standard,BCwave_b1n1s-10,1.0,1,-10,ep_flux_vertical,1000.0,-5272697.068965517,314.0,342.0,29
standard,BCwave_b1n1s-5,1.0,1,-5,eddy_heat_flux_vT,10.0,0.00032118980722901013,307.0,341.0,35
standard,BCwave_b1n1s-5,1.0,1,-5,eddy_heat_flux_vT,50.0,0.0029034004746271032,307.0,341.0,35
standard,BCwave_b1n1s-5,1.0,1,-5,eddy_heat_flux_vT,100.0,0.014955455676785537,307.0,341.0,35
standard,BCwave_b1n1s-5,1.0,1,-5,eddy_heat_flux_vT,150.0,-0.01617350509124143,307.0,341.0,35
standard,BCwave_b1n1s-5,1.0,1,-5,eddy_heat_flux_vT,200.0,-0.16504874868052347,307.0,341.0,35
standard,BCwave_b1n1s-5,1.0,1,-5,eddy_heat_flux_vT,250.0,-0.2671984340463366,307.0,341.0,35
standard,BCwave_b1n1s-5,1.0,1,-5,eddy_heat_flux_vT,300.0,-0.08051672545926912,307.0,341.0,35
standard,BCwave_b1n1s-5,1.0,1,-5,eddy_heat_flux_vT,400.0,0.7417673315320696,307.0,341.0,35
standard,BCwave_b1n1s-5,1.0,1,-5,eddy_heat_flux_vT,500.0,1.7836674383708409,307.0,341.0,35
standard,BCwave_b1n1s-5,1.0,1,-5,eddy_heat_flux_vT,600.0,2.8554376670292445,307.0,341.0,35
standard,BCwave_b1n1s-5,1.0,1,-5,eddy_heat_flux_vT,700.0,3.539920963559832,307.0,341.0,35
standard,BCwave_b1n1s-5,1.0,1,-5,eddy_heat_flux_vT,850.0,6.141782529013497,307.0,341.0,35
standard,BCwave_b1n1s-5,1.0,1,-5,eddy_heat_flux_vT,925.0,8.515727261134556,307.0,341.0,35
standard,BCwave_b1n1s-5,1.0,1,-5,eddy_heat_flux_vT,975.0,9.53695182800293,307.0,341.0,35
standard,BCwave_b1n1s-5,1.0,1,-5,eddy_heat_flux_vT,1000.0,9.205624607631139,307.0,341.0,35
standard,BCwave_b1n1s-5,1.0,1,-5,baroclinic_conversion_proxy,10.0,6.307782185961873e-12,307.0,341.0,35
standard,BCwave_b1n1s-5,1.0,1,-5,baroclinic_conversion_proxy,50.0,-4.541545294595955e-11,307.0,341.0,35
standard,BCwave_b1n1s-5,1.0,1,-5,baroclinic_conversion_proxy,100.0,-8.399576285305394e-09,307.0,341.0,35
standard,BCwave_b1n1s-5,1.0,1,-5,baroclinic_conversion_proxy,150.0,3.184558846466449e-08,307.0,341.0,35
standard,BCwave_b1n1s-5,1.0,1,-5,baroclinic_conversion_proxy,200.0,6.099373649703921e-07,307.0,341.0,35
standard,BCwave_b1n1s-5,1.0,1,-5,baroclinic_conversion_proxy,250.0,1.309811359208522e-06,307.0,341.0,35
standard,BCwave_b1n1s-5,1.0,1,-5,baroclinic_conversion_proxy,300.0,4.1516429811443753e-07,307.0,341.0,35
standard,BCwave_b1n1s-5,1.0,1,-5,baroclinic_conversion_proxy,400.0,-2.8185798263231324e-06,307.0,341.0,35
standard,BCwave_b1n1s-5,1.0,1,-5,baroclinic_conversion_proxy,500.0,-2.9189223340608803e-07,307.0,341.0,35
standard,BCwave_b1n1s-5,1.0,1,-5,baroclinic_conversion_proxy,600.0,1.032843377158445e-05,307.0,341.0,35
standard,BCwave_b1n1s-5,1.0,1,-5,baroclinic_conversion_proxy,700.0,2.2875366422730232e-05,307.0,341.0,35
standard,BCwave_b1n1s-5,1.0,1,-5,baroclinic_conversion_proxy,850.0,5.331674276801225e-05,307.0,341.0,35
standard,BCwave_b1n1s-5,1.0,1,-5,baroclinic_conversion_proxy,925.0,7.576860766026325e-05,307.0,341.0,35
standard,BCwave_b1n1s-5,1.0,1,-5,baroclinic_conversion_proxy,975.0,8.267416976325746e-05,307.0,341.0,35
standard,BCwave_b1n1s-5,1.0,1,-5,baroclinic_conversion_proxy,1000.0,7.69589634728618e-05,307.0,341.0,35
standard,BCwave_b1n1s-5,1.0,1,-5,ep_flux_vertical,10.0,-3.385953392301287,307.0,341.0,35
standard,BCwave_b1n1s-5,1.0,1,-5,ep_flux_vertical,50.0,-41.04069649832589,307.0,341.0,35
standard,BCwave_b1n1s-5,1.0,1,-5,ep_flux_vertical,100.0,-920.5177001953125,307.0,341.0,35
standard,BCwave_b1n1s-5,1.0,1,-5,ep_flux_vertical,150.0,3064.3557512555803,307.0,341.0,35
standard,BCwave_b1n1s-5,1.0,1,-5,ep_flux_vertical,200.0,53122.157254464284,307.0,341.0,35
standard,BCwave_b1n1s-5,1.0,1,-5,ep_flux_vertical,250.0,97075.94642857143,307.0,341.0,35
standard,BCwave_b1n1s-5,1.0,1,-5,ep_flux_vertical,300.0,30175.460044642856,307.0,341.0,35
standard,BCwave_b1n1s-5,1.0,1,-5,ep_flux_vertical,400.0,-286311.9267857143,307.0,341.0,35
standard,BCwave_b1n1s-5,1.0,1,-5,ep_flux_vertical,500.0,-782229.5571428571,307.0,341.0,35
standard,BCwave_b1n1s-5,1.0,1,-5,ep_flux_vertical,600.0,-1511776.1035714287,307.0,341.0,35
standard,BCwave_b1n1s-5,1.0,1,-5,ep_flux_vertical,700.0,-2225875.8,307.0,341.0,35
standard,BCwave_b1n1s-5,1.0,1,-5,ep_flux_vertical,850.0,-4440964.571428572,307.0,341.0,35
standard,BCwave_b1n1s-5,1.0,1,-5,ep_flux_vertical,925.0,-6111221.542857143,307.0,341.0,35
standard,BCwave_b1n1s-5,1.0,1,-5,ep_flux_vertical,975.0,-7079364.985714286,307.0,341.0,35
standard,BCwave_b1n1s-5,1.0,1,-5,ep_flux_vertical,1000.0,-7451598.885714286,307.0,341.0,35
standard,BCwave_b1n1,1.0,1,0,eddy_heat_flux_vT,10.0,0.0005500940828106219,298.0,335.0,38
standard,BCwave_b1n1,1.0,1,0,eddy_heat_flux_vT,50.0,0.00656593636315512,298.0,335.0,38
standard,BCwave_b1n1,1.0,1,0,eddy_heat_flux_vT,100.0,0.020781549281979863,298.0,335.0,38
standard,BCwave_b1n1,1.0,1,0,eddy_heat_flux_vT,150.0,-0.07147212130458731,298.0,335.0,38
standard,BCwave_b1n1,1.0,1,0,eddy_heat_flux_vT,200.0,-0.38725795871333074,298.0,335.0,38
standard,BCwave_b1n1,1.0,1,0,eddy_heat_flux_vT,250.0,-0.5724631642040453,298.0,335.0,38
standard,BCwave_b1n1,1.0,1,0,eddy_heat_flux_vT,300.0,-0.33368742701254395,298.0,335.0,38
standard,BCwave_b1n1,1.0,1,0,eddy_heat_flux_vT,400.0,0.6968912388149061,298.0,335.0,38
standard,BCwave_b1n1,1.0,1,0,eddy_heat_flux_vT,500.0,2.2455736994743347,298.0,335.0,38
standard,BCwave_b1n1,1.0,1,0,eddy_heat_flux_vT,600.0,3.789116859436035,298.0,335.0,38
standard,BCwave_b1n1,1.0,1,0,eddy_heat_flux_vT,700.0,4.604800029804832,298.0,335.0,38
standard,BCwave_b1n1,1.0,1,0,eddy_heat_flux_vT,850.0,8.438738710001894,298.0,335.0,38
standard,BCwave_b1n1,1.0,1,0,eddy_heat_flux_vT,925.0,11.449222991341038,298.0,335.0,38
standard,BCwave_b1n1,1.0,1,0,eddy_heat_flux_vT,975.0,11.967722993148001,298.0,335.0,38
standard,BCwave_b1n1,1.0,1,0,eddy_heat_flux_vT,1000.0,11.81841200276425,298.0,335.0,38
standard,BCwave_b1n1,1.0,1,0,baroclinic_conversion_proxy,10.0,2.4037993532355218e-12,298.0,335.0,38
standard,BCwave_b1n1,1.0,1,0,baroclinic_conversion_proxy,50.0,-3.5323036564440916e-10,298.0,335.0,38
standard,BCwave_b1n1,1.0,1,0,baroclinic_conversion_proxy,100.0,-1.3652342344347277e-08,298.0,335.0,38
standard,BCwave_b1n1,1.0,1,0,baroclinic_conversion_proxy,150.0,1.5266676138474778e-07,298.0,335.0,38
standard,BCwave_b1n1,1.0,1,0,baroclinic_conversion_proxy,200.0,1.5268962885640672e-06,298.0,335.0,38
standard,BCwave_b1n1,1.0,1,0,baroclinic_conversion_proxy,250.0,2.9772549240940285e-06,298.0,335.0,38
standard,BCwave_b1n1,1.0,1,0,baroclinic_conversion_proxy,300.0,1.8393731812992836e-06,298.0,335.0,38
standard,BCwave_b1n1,1.0,1,0,baroclinic_conversion_proxy,400.0,-2.9309742749798092e-06,298.0,335.0,38
standard,BCwave_b1n1,1.0,1,0,baroclinic_conversion_proxy,500.0,-4.827749578819712e-07,298.0,335.0,38
standard,BCwave_b1n1,1.0,1,0,baroclinic_conversion_proxy,600.0,1.4795919038366073e-05,298.0,335.0,38
standard,BCwave_b1n1,1.0,1,0,baroclinic_conversion_proxy,700.0,3.211597064172996e-05,298.0,335.0,38
standard,BCwave_b1n1,1.0,1,0,baroclinic_conversion_proxy,850.0,7.993875452053831e-05,298.0,335.0,38
standard,BCwave_b1n1,1.0,1,0,baroclinic_conversion_proxy,925.0,0.00011215939708850591,298.0,335.0,38
standard,BCwave_b1n1,1.0,1,0,baroclinic_conversion_proxy,975.0,0.00011568929154523893,298.0,335.0,38
standard,BCwave_b1n1,1.0,1,0,baroclinic_conversion_proxy,1000.0,0.00011055502105400113,298.0,335.0,38
standard,BCwave_b1n1,1.0,1,0,ep_flux_vertical,10.0,-5.727440495240061,298.0,335.0,38
standard,BCwave_b1n1,1.0,1,0,ep_flux_vertical,50.0,-90.28088298596833,298.0,335.0,38
standard,BCwave_b1n1,1.0,1,0,ep_flux_vertical,100.0,-1243.937585127981,298.0,335.0,38
standard,BCwave_b1n1,1.0,1,0,ep_flux_vertical,150.0,13742.892912212172,298.0,335.0,38
standard,BCwave_b1n1,1.0,1,0,ep_flux_vertical,200.0,128244.71052631579,298.0,335.0,38
standard,BCwave_b1n1,1.0,1,0,ep_flux_vertical,250.0,207885.70764802632,298.0,335.0,38
standard,BCwave_b1n1,1.0,1,0,ep_flux_vertical,300.0,123637.98108552632,298.0,335.0,38
standard,BCwave_b1n1,1.0,1,0,ep_flux_vertical,400.0,-229311.81003289475,298.0,335.0,38
standard,BCwave_b1n1,1.0,1,0,ep_flux_vertical,500.0,-872707.0822368421,298.0,335.0,38
standard,BCwave_b1n1,1.0,1,0,ep_flux_vertical,600.0,-1835002.2434210526,298.0,335.0,38
standard,BCwave_b1n1,1.0,1,0,ep_flux_vertical,700.0,-2716363.013157895,298.0,335.0,38
standard,BCwave_b1n1,1.0,1,0,ep_flux_vertical,850.0,-5667996.22368421,298.0,335.0,38
standard,BCwave_b1n1,1.0,1,0,ep_flux_vertical,925.0,-7555073.605263158,298.0,335.0,38
standard,BCwave_b1n1,1.0,1,0,ep_flux_vertical,975.0,-8322915.157894737,298.0,335.0,38
standard,BCwave_b1n1,1.0,1,0,ep_flux_vertical,1000.0,-9150608.97368421,298.0,335.0,38
standard,BCwave_b1n1s5,1.0,1,5,eddy_heat_flux_vT,10.0,0.0010556264485164387,292.0,332.0,41
standard,BCwave_b1n1s5,1.0,1,5,eddy_heat_flux_vT,50.0,0.01330007274248978,292.0,332.0,41
standard,BCwave_b1n1s5,1.0,1,5,eddy_heat_flux_vT,100.0,0.014889090157272975,292.0,332.0,41
standard,BCwave_b1n1s5,1.0,1,5,eddy_heat_flux_vT,150.0,-0.14271892316457702,292.0,332.0,41
standard,BCwave_b1n1s5,1.0,1,5,eddy_heat_flux_vT,200.0,-0.5725985474702788,292.0,332.0,41
standard,BCwave_b1n1s5,1.0,1,5,eddy_heat_flux_vT,250.0,-0.7861927209830866,292.0,332.0,41
standard,BCwave_b1n1s5,1.0,1,5,eddy_heat_flux_vT,300.0,-0.533943376163157,292.0,332.0,41
standard,BCwave_b1n1s5,1.0,1,5,eddy_heat_flux_vT,400.0,0.448088254870438,292.0,332.0,41
standard,BCwave_b1n1s5,1.0,1,5,eddy_heat_flux_vT,500.0,2.3882784058408038,292.0,332.0,41
standard,BCwave_b1n1s5,1.0,1,5,eddy_heat_flux_vT,600.0,4.255381427160123,292.0,332.0,41
standard,BCwave_b1n1s5,1.0,1,5,eddy_heat_flux_vT,700.0,5.346436488919142,292.0,332.0,41
standard,BCwave_b1n1s5,1.0,1,5,eddy_heat_flux_vT,850.0,10.304696385453386,292.0,332.0,41
standard,BCwave_b1n1s5,1.0,1,5,eddy_heat_flux_vT,925.0,13.46836308735173,292.0,332.0,41
standard,BCwave_b1n1s5,1.0,1,5,eddy_heat_flux_vT,975.0,13.527538020436356,292.0,332.0,41
standard,BCwave_b1n1s5,1.0,1,5,eddy_heat_flux_vT,1000.0,13.800362377631956,292.0,332.0,41
standard,BCwave_b1n1s5,1.0,1,5,baroclinic_conversion_proxy,10.0,2.0956474657556348e-13,292.0,332.0,41
standard,BCwave_b1n1s5,1.0,1,5,baroclinic_conversion_proxy,50.0,-1.136937388408585e-09,292.0,332.0,41
standard,BCwave_b1n1s5,1.0,1,5,baroclinic_conversion_proxy,100.0,-1.183047056524795e-08,292.0,332.0,41
standard,BCwave_b1n1s5,1.0,1,5,baroclinic_conversion_proxy,150.0,3.2539069307836696e-07,292.0,332.0,41
standard,BCwave_b1n1s5,1.0,1,5,baroclinic_conversion_proxy,200.0,2.379250836716759e-06,292.0,332.0,41
standard,BCwave_b1n1s5,1.0,1,5,baroclinic_conversion_proxy,250.0,4.2961482682674214e-06,292.0,332.0,41
standard,BCwave_b1n1s5,1.0,1,5,baroclinic_conversion_proxy,300.0,3.0853628719874327e-06,292.0,332.0,41
standard,BCwave_b1n1s5,1.0,1,5,baroclinic_conversion_proxy,400.0,-2.1260608297402873e-06,292.0,332.0,41
standard,BCwave_b1n1s5,1.0,1,5,baroclinic_conversion_proxy,500.0,-3.357961422202593e-07,292.0,332.0,41
standard,BCwave_b1n1s5,1.0,1,5,baroclinic_conversion_proxy,600.0,1.8287033970232077e-05,292.0,332.0,41
standard,BCwave_b1n1s5,1.0,1,5,baroclinic_conversion_proxy,700.0,4.0316681317962346e-05,292.0,332.0,41
standard,BCwave_b1n1s5,1.0,1,5,baroclinic_conversion_proxy,850.0,0.00010681286097146435,292.0,332.0,41
standard,BCwave_b1n1s5,1.0,1,5,baroclinic_conversion_proxy,925.0,0.000145602974154782,292.0,332.0,41
standard,BCwave_b1n1s5,1.0,1,5,baroclinic_conversion_proxy,975.0,0.00014614178969456654,292.0,332.0,41
standard,BCwave_b1n1s5,1.0,1,5,baroclinic_conversion_proxy,1000.0,0.0001453809641023371,292.0,332.0,41
standard,BCwave_b1n1s5,1.0,1,5,ep_flux_vertical,10.0,-10.688179585991836,292.0,332.0,41
standard,BCwave_b1n1s5,1.0,1,5,ep_flux_vertical,50.0,-174.5622329711914,292.0,332.0,41
standard,BCwave_b1n1s5,1.0,1,5,ep_flux_vertical,100.0,-784.3850597753758,292.0,332.0,41
standard,BCwave_b1n1s5,1.0,1,5,ep_flux_vertical,150.0,27688.555926067074,292.0,332.0,41
standard,BCwave_b1n1s5,1.0,1,5,ep_flux_vertical,200.0,193916.43292682926,292.0,332.0,41
standard,BCwave_b1n1s5,1.0,1,5,ep_flux_vertical,250.0,282838.20884146343,292.0,332.0,41
standard,BCwave_b1n1s5,1.0,1,5,ep_flux_vertical,300.0,192621.76219512196,292.0,332.0,41
standard,BCwave_b1n1s5,1.0,1,5,ep_flux_vertical,400.0,-113026.90205792683,292.0,332.0,41
standard,BCwave_b1n1s5,1.0,1,5,ep_flux_vertical,500.0,-819262.056402439,292.0,332.0,41
standard,BCwave_b1n1s5,1.0,1,5,ep_flux_vertical,600.0,-1863701.649390244,292.0,332.0,41
standard,BCwave_b1n1s5,1.0,1,5,ep_flux_vertical,700.0,-2902148.1219512196,292.0,332.0,41
standard,BCwave_b1n1s5,1.0,1,5,ep_flux_vertical,850.0,-6327805.548780488,292.0,332.0,41
standard,BCwave_b1n1s5,1.0,1,5,ep_flux_vertical,925.0,-8121517.036585365,292.0,332.0,41
standard,BCwave_b1n1s5,1.0,1,5,ep_flux_vertical,975.0,-8595501.451219512,292.0,332.0,41
standard,BCwave_b1n1s5,1.0,1,5,ep_flux_vertical,1000.0,-9797072.56097561,292.0,332.0,41
standard,BCwave_b1n1s10,1.0,1,10,eddy_heat_flux_vT,10.0,0.001762008392252028,286.0,335.0,50
standard,BCwave_b1n1s10,1.0,1,10,eddy_heat_flux_vT,50.0,0.0206591903232038,286.0,335.0,50
standard,BCwave_b1n1s10,1.0,1,10,eddy_heat_flux_vT,100.0,-0.00041811499067989644,286.0,335.0,50
standard,BCwave_b1n1s10,1.0,1,10,eddy_heat_flux_vT,150.0,-0.2092631360888481,286.0,335.0,50
standard,BCwave_b1n1s10,1.0,1,10,eddy_heat_flux_vT,200.0,-0.6604620170593262,286.0,335.0,50
standard,BCwave_b1n1s10,1.0,1,10,eddy_heat_flux_vT,250.0,-0.8606113052368164,286.0,335.0,50
standard,BCwave_b1n1s10,1.0,1,10,eddy_heat_flux_vT,300.0,-0.6332502686977386,286.0,335.0,50
standard,BCwave_b1n1s10,1.0,1,10,eddy_heat_flux_vT,400.0,0.14382370680570603,286.0,335.0,50
standard,BCwave_b1n1s10,1.0,1,10,eddy_heat_flux_vT,500.0,2.0001073122024535,286.0,335.0,50
standard,BCwave_b1n1s10,1.0,1,10,eddy_heat_flux_vT,600.0,3.77811897277832,286.0,335.0,50
standard,BCwave_b1n1s10,1.0,1,10,eddy_heat_flux_vT,700.0,5.094484190940857,286.0,335.0,50
standard,BCwave_b1n1s10,1.0,1,10,eddy_heat_flux_vT,850.0,10.829939918518066,286.0,335.0,50
standard,BCwave_b1n1s10,1.0,1,10,eddy_heat_flux_vT,925.0,13.826377410888671,286.0,335.0,50
standard,BCwave_b1n1s10,1.0,1,10,eddy_heat_flux_vT,975.0,14.161047229766845,286.0,335.0,50
standard,BCwave_b1n1s10,1.0,1,10,eddy_heat_flux_vT,1000.0,14.915796966552735,286.0,335.0,50
standard,BCwave_b1n1s10,1.0,1,10,baroclinic_conversion_proxy,10.0,-5.920186584885967e-12,286.0,335.0,50
standard,BCwave_b1n1s10,1.0,1,10,baroclinic_conversion_proxy,50.0,-2.333645774399429e-09,286.0,335.0,50
standard,BCwave_b1n1s10,1.0,1,10,baroclinic_conversion_proxy,100.0,-2.2210142475165284e-09,286.0,335.0,50
standard,BCwave_b1n1s10,1.0,1,10,baroclinic_conversion_proxy,150.0,5.130645848794302e-07,286.0,335.0,50
standard,BCwave_b1n1s10,1.0,1,10,baroclinic_conversion_proxy,200.0,2.910539101321774e-06,286.0,335.0,50
standard,BCwave_b1n1s10,1.0,1,10,baroclinic_conversion_proxy,250.0,4.982306300007622e-06,286.0,335.0,50
standard,BCwave_b1n1s10,1.0,1,10,baroclinic_conversion_proxy,300.0,3.9117424921641945e-06,286.0,335.0,50
standard,BCwave_b1n1s10,1.0,1,10,baroclinic_conversion_proxy,400.0,-8.13112124546933e-07,286.0,335.0,50
standard,BCwave_b1n1s10,1.0,1,10,baroclinic_conversion_proxy,500.0,-1.3886347566050006e-07,286.0,335.0,50
standard,BCwave_b1n1s10,1.0,1,10,baroclinic_conversion_proxy,600.0,1.772867695763125e-05,286.0,335.0,50
standard,BCwave_b1n1s10,1.0,1,10,baroclinic_conversion_proxy,700.0,4.108823377464432e-05,286.0,335.0,50
standard,BCwave_b1n1s10,1.0,1,10,baroclinic_conversion_proxy,850.0,0.00012025011732475832,286.0,335.0,50
standard,BCwave_b1n1s10,1.0,1,10,baroclinic_conversion_proxy,925.0,0.00016164994915015995,286.0,335.0,50
standard,BCwave_b1n1s10,1.0,1,10,baroclinic_conversion_proxy,975.0,0.00016778719233116136,286.0,335.0,50
standard,BCwave_b1n1s10,1.0,1,10,baroclinic_conversion_proxy,1000.0,0.00017418952193111182,286.0,335.0,50
standard,BCwave_b1n1s10,1.0,1,10,ep_flux_vertical,10.0,-17.1674587059021,286.0,335.0,50
standard,BCwave_b1n1s10,1.0,1,10,ep_flux_vertical,50.0,-253.0142788696289,286.0,335.0,50
standard,BCwave_b1n1s10,1.0,1,10,ep_flux_vertical,100.0,279.07704359054566,286.0,335.0,50
standard,BCwave_b1n1s10,1.0,1,10,ep_flux_vertical,150.0,40347.46296875,286.0,335.0,50
standard,BCwave_b1n1s10,1.0,1,10,ep_flux_vertical,200.0,228788.13125,286.0,335.0,50
standard,BCwave_b1n1s10,1.0,1,10,ep_flux_vertical,250.0,301182.871875,286.0,335.0,50
standard,BCwave_b1n1s10,1.0,1,10,ep_flux_vertical,300.0,211788.3221875,286.0,335.0,50
standard,BCwave_b1n1s10,1.0,1,10,ep_flux_vertical,400.0,-12305.981668701172,286.0,335.0,50
standard,BCwave_b1n1s10,1.0,1,10,ep_flux_vertical,500.0,-575128.690625,286.0,335.0,50
standard,BCwave_b1n1s10,1.0,1,10,ep_flux_vertical,600.0,-1406320.6425,286.0,335.0,50
standard,BCwave_b1n1s10,1.0,1,10,ep_flux_vertical,700.0,-2407990.565,286.0,335.0,50
standard,BCwave_b1n1s10,1.0,1,10,ep_flux_vertical,850.0,-5859175.14,286.0,335.0,50
standard,BCwave_b1n1s10,1.0,1,10,ep_flux_vertical,925.0,-7337180.38,286.0,335.0,50
standard,BCwave_b1n1s10,1.0,1,10,ep_flux_vertical,975.0,-7691276.81,286.0,335.0,50
standard,BCwave_b1n1s10,1.0,1,10,ep_flux_vertical,1000.0,-8982761.26,286.0,335.0,50
standard,BCwave_b1n3s-10,1.0,3,-10,eddy_heat_flux_vT,10.0,0.00010098843137841738,316.0,343.0,28
standard,BCwave_b1n3s-10,1.0,3,-10,eddy_heat_flux_vT,50.0,0.0003279700046862542,316.0,343.0,28
standard,BCwave_b1n3s-10,1.0,3,-10,eddy_heat_flux_vT,100.0,0.0010347387391707993,316.0,343.0,28
standard,BCwave_b1n3s-10,1.0,3,-10,eddy_heat_flux_vT,150.0,0.0015553528958532428,316.0,343.0,28
standard,BCwave_b1n3s-10,1.0,3,-10,eddy_heat_flux_vT,200.0,-0.003926690451667777,316.0,343.0,28
standard,BCwave_b1n3s-10,1.0,3,-10,eddy_heat_flux_vT,250.0,0.0016254188043863646,316.0,343.0,28
standard,BCwave_b1n3s-10,1.0,3,-10,eddy_heat_flux_vT,300.0,0.054557954759470055,316.0,343.0,28
standard,BCwave_b1n3s-10,1.0,3,-10,eddy_heat_flux_vT,400.0,0.2306999931378024,316.0,343.0,28
standard,BCwave_b1n3s-10,1.0,3,-10,eddy_heat_flux_vT,500.0,0.449686022741454,316.0,343.0,28
standard,BCwave_b1n3s-10,1.0,3,-10,eddy_heat_flux_vT,600.0,0.7074735675539289,316.0,343.0,28
standard,BCwave_b1n3s-10,1.0,3,-10,eddy_heat_flux_vT,700.0,1.0391524753400259,316.0,343.0,28
standard,BCwave_b1n3s-10,1.0,3,-10,eddy_heat_flux_vT,850.0,1.5577427702290672,316.0,343.0,28
standard,BCwave_b1n3s-10,1.0,3,-10,eddy_heat_flux_vT,925.0,2.102901965379715,316.0,343.0,28
standard,BCwave_b1n3s-10,1.0,3,-10,eddy_heat_flux_vT,975.0,2.461796598775046,316.0,343.0,28
standard,BCwave_b1n3s-10,1.0,3,-10,eddy_heat_flux_vT,1000.0,2.5444576740264893,316.0,343.0,28
standard,BCwave_b1n3s-10,1.0,3,-10,baroclinic_conversion_proxy,10.0,8.929421484840859e-13,316.0,343.0,28
standard,BCwave_b1n3s-10,1.0,3,-10,baroclinic_conversion_proxy,50.0,-3.3368061692956187e-12,316.0,343.0,28
standard,BCwave_b1n3s-10,1.0,3,-10,baroclinic_conversion_proxy,100.0,-4.231449962247399e-10,316.0,343.0,28
standard,BCwave_b1n3s-10,1.0,3,-10,baroclinic_conversion_proxy,150.0,-2.6274076327302355e-09,316.0,343.0,28
standard,BCwave_b1n3s-10,1.0,3,-10,baroclinic_conversion_proxy,200.0,1.1333069371843862e-08,316.0,343.0,28
standard,BCwave_b1n3s-10,1.0,3,-10,baroclinic_conversion_proxy,250.0,-8.662937811543259e-09,316.0,343.0,28
standard,BCwave_b1n3s-10,1.0,3,-10,baroclinic_conversion_proxy,300.0,-2.436866277020856e-07,316.0,343.0,28
standard,BCwave_b1n3s-10,1.0,3,-10,baroclinic_conversion_proxy,400.0,-6.952961228989807e-07,316.0,343.0,28
standard,BCwave_b1n3s-10,1.0,3,-10,baroclinic_conversion_proxy,500.0,3.820608781727028e-08,316.0,343.0,28
standard,BCwave_b1n3s-10,1.0,3,-10,baroclinic_conversion_proxy,600.0,2.3505301182272627e-06,316.0,343.0,28
standard,BCwave_b1n3s-10,1.0,3,-10,baroclinic_conversion_proxy,700.0,5.971003572215393e-06,316.0,343.0,28
standard,BCwave_b1n3s-10,1.0,3,-10,baroclinic_conversion_proxy,850.0,1.1603772788605835e-05,316.0,343.0,28
standard,BCwave_b1n3s-10,1.0,3,-10,baroclinic_conversion_proxy,925.0,1.5903494808558855e-05,316.0,343.0,28
standard,BCwave_b1n3s-10,1.0,3,-10,baroclinic_conversion_proxy,975.0,1.7856343544865793e-05,316.0,343.0,28
standard,BCwave_b1n3s-10,1.0,3,-10,baroclinic_conversion_proxy,1000.0,1.781800503002679e-05,316.0,343.0,28
standard,BCwave_b1n3s-10,1.0,3,-10,ep_flux_vertical,10.0,-1.0454233161040716,316.0,343.0,28
standard,BCwave_b1n3s-10,1.0,3,-10,ep_flux_vertical,50.0,-4.6199177503585815,316.0,343.0,28
standard,BCwave_b1n3s-10,1.0,3,-10,ep_flux_vertical,100.0,-62.269165584019255,316.0,343.0,28
standard,BCwave_b1n3s-10,1.0,3,-10,ep_flux_vertical,150.0,-274.6148125784738,316.0,343.0,28
standard,BCwave_b1n3s-10,1.0,3,-10,ep_flux_vertical,200.0,1227.9757232666016,316.0,343.0,28
standard,BCwave_b1n3s-10,1.0,3,-10,ep_flux_vertical,250.0,-107.20838526317051,316.0,343.0,28
standard,BCwave_b1n3s-10,1.0,3,-10,ep_flux_vertical,300.0,-20604.689871651786,316.0,343.0,28
standard,BCwave_b1n3s-10,1.0,3,-10,ep_flux_vertical,400.0,-102511.19642857143,316.0,343.0,28
standard,BCwave_b1n3s-10,1.0,3,-10,ep_flux_vertical,500.0,-231870.9888392857,316.0,343.0,28
standard,BCwave_b1n3s-10,1.0,3,-10,ep_flux_vertical,600.0,-420673.49441964284,316.0,343.0,28
standard,BCwave_b1n3s-10,1.0,3,-10,ep_flux_vertical,700.0,-707004.6049107143,316.0,343.0,28
standard,BCwave_b1n3s-10,1.0,3,-10,ep_flux_vertical,850.0,-1275171.7767857143,316.0,343.0,28
standard,BCwave_b1n3s-10,1.0,3,-10,ep_flux_vertical,925.0,-1819575.0401785714,316.0,343.0,28
standard,BCwave_b1n3s-10,1.0,3,-10,ep_flux_vertical,975.0,-2153496.0446428573,316.0,343.0,28
standard,BCwave_b1n3s-10,1.0,3,-10,ep_flux_vertical,1000.0,-2242985.0133928573,316.0,343.0,28
standard,BCwave_b1n3s-5,1.0,3,-5,eddy_heat_flux_vT,10.0,0.00012960409538423205,304.0,337.0,34
standard,BCwave_b1n3s-5,1.0,3,-5,eddy_heat_flux_vT,50.0,0.0007605939891244121,304.0,337.0,34
standard,BCwave_b1n3s-5,1.0,3,-5,eddy_heat_flux_vT,100.0,0.0031205105992472347,304.0,337.0,34
standard,BCwave_b1n3s-5,1.0,3,-5,eddy_heat_flux_vT,150.0,0.0013327684462316992,304.0,337.0,34
standard,BCwave_b1n3s-5,1.0,3,-5,eddy_heat_flux_vT,200.0,-0.023446142454357707,304.0,337.0,34
standard,BCwave_b1n3s-5,1.0,3,-5,eddy_heat_flux_vT,250.0,-0.0486789219738806,304.0,337.0,34
standard,BCwave_b1n3s-5,1.0,3,-5,eddy_heat_flux_vT,300.0,0.035288216655745226,304.0,337.0,34
standard,BCwave_b1n3s-5,1.0,3,-5,eddy_heat_flux_vT,400.0,0.38462866492131176,304.0,337.0,34
standard,BCwave_b1n3s-5,1.0,3,-5,eddy_heat_flux_vT,500.0,0.7810264703105477,304.0,337.0,34
standard,BCwave_b1n3s-5,1.0,3,-5,eddy_heat_flux_vT,600.0,1.2036015023203457,304.0,337.0,34
standard,BCwave_b1n3s-5,1.0,3,-5,eddy_heat_flux_vT,700.0,1.6138181055293364,304.0,337.0,34
standard,BCwave_b1n3s-5,1.0,3,-5,eddy_heat_flux_vT,850.0,2.3706624507904053,304.0,337.0,34
standard,BCwave_b1n3s-5,1.0,3,-5,eddy_heat_flux_vT,925.0,3.0937054367626415,304.0,337.0,34
standard,BCwave_b1n3s-5,1.0,3,-5,eddy_heat_flux_vT,975.0,3.472464512376224,304.0,337.0,34
standard,BCwave_b1n3s-5,1.0,3,-5,eddy_heat_flux_vT,1000.0,3.5683952429715324,304.0,337.0,34
standard,BCwave_b1n3s-5,1.0,3,-5,baroclinic_conversion_proxy,10.0,2.4414207060725973e-12,304.0,337.0,34
standard,BCwave_b1n3s-5,1.0,3,-5,baroclinic_conversion_proxy,50.0,-4.645907315288073e-12,304.0,337.0,34
standard,BCwave_b1n3s-5,1.0,3,-5,baroclinic_conversion_proxy,100.0,-1.4365626596787372e-09,304.0,337.0,34
standard,BCwave_b1n3s-5,1.0,3,-5,baroclinic_conversion_proxy,150.0,-2.930300557757448e-09,304.0,337.0,34
standard,BCwave_b1n3s-5,1.0,3,-5,baroclinic_conversion_proxy,200.0,7.675934084428558e-08,304.0,337.0,34
standard,BCwave_b1n3s-5,1.0,3,-5,baroclinic_conversion_proxy,250.0,2.097573549101927e-07,304.0,337.0,34
standard,BCwave_b1n3s-5,1.0,3,-5,baroclinic_conversion_proxy,300.0,-1.928647900730512e-07,304.0,337.0,34
standard,BCwave_b1n3s-5,1.0,3,-5,baroclinic_conversion_proxy,400.0,-1.3056364175955583e-06,304.0,337.0,34
standard,BCwave_b1n3s-5,1.0,3,-5,baroclinic_conversion_proxy,500.0,2.6164965942242946e-08,304.0,337.0,34
standard,BCwave_b1n3s-5,1.0,3,-5,baroclinic_conversion_proxy,600.0,4.310062476018656e-06,304.0,337.0,34
standard,BCwave_b1n3s-5,1.0,3,-5,baroclinic_conversion_proxy,700.0,1.0057483557508985e-05,304.0,337.0,34
standard,BCwave_b1n3s-5,1.0,3,-5,baroclinic_conversion_proxy,850.0,1.9409976523414062e-05,304.0,337.0,34
standard,BCwave_b1n3s-5,1.0,3,-5,baroclinic_conversion_proxy,925.0,2.570038839835701e-05,304.0,337.0,34
standard,BCwave_b1n3s-5,1.0,3,-5,baroclinic_conversion_proxy,975.0,2.769172785038416e-05,304.0,337.0,34
standard,BCwave_b1n3s-5,1.0,3,-5,baroclinic_conversion_proxy,1000.0,2.7436719445926e-05,304.0,337.0,34
standard,BCwave_b1n3s-5,1.0,3,-5,ep_flux_vertical,10.0,-1.3583256444510292,304.0,337.0,34
standard,BCwave_b1n3s-5,1.0,3,-5,ep_flux_vertical,50.0,-10.791806669796214,304.0,337.0,34
standard,BCwave_b1n3s-5,1.0,3,-5,ep_flux_vertical,100.0,-191.2150847491096,304.0,337.0,34
standard,BCwave_b1n3s-5,1.0,3,-5,ep_flux_vertical,150.0,-247.2830083510455,304.0,337.0,34
standard,BCwave_b1n3s-5,1.0,3,-5,ep_flux_vertical,200.0,7250.075123506434,304.0,337.0,34
standard,BCwave_b1n3s-5,1.0,3,-5,ep_flux_vertical,250.0,17520.380888097425,304.0,337.0,34
standard,BCwave_b1n3s-5,1.0,3,-5,ep_flux_vertical,300.0,-13884.769071691177,304.0,337.0,34
standard,BCwave_b1n3s-5,1.0,3,-5,ep_flux_vertical,400.0,-161952.61190257352,304.0,337.0,34
standard,BCwave_b1n3s-5,1.0,3,-5,ep_flux_vertical,500.0,-371570.21783088235,304.0,337.0,34
standard,BCwave_b1n3s-5,1.0,3,-5,ep_flux_vertical,600.0,-668952.7977941176,304.0,337.0,34
standard,BCwave_b1n3s-5,1.0,3,-5,ep_flux_vertical,700.0,-1056126.0018382352,304.0,337.0,34
standard,BCwave_b1n3s-5,1.0,3,-5,ep_flux_vertical,850.0,-1901162.0147058824,304.0,337.0,34
standard,BCwave_b1n3s-5,1.0,3,-5,ep_flux_vertical,925.0,-2637198.6029411764,304.0,337.0,34
standard,BCwave_b1n3s-5,1.0,3,-5,ep_flux_vertical,975.0,-3075644.455882353,304.0,337.0,34
standard,BCwave_b1n3s-5,1.0,3,-5,ep_flux_vertical,1000.0,-3272681.8970588236,304.0,337.0,34
standard,BCwave_b1n3,1.0,3,0,eddy_heat_flux_vT,10.0,0.00014080662991286123,297.0,338.0,42
standard,BCwave_b1n3,1.0,3,0,eddy_heat_flux_vT,50.0,0.0012271716120830249,297.0,338.0,42
standard,BCwave_b1n3,1.0,3,0,eddy_heat_flux_vT,100.0,0.006980888113113386,297.0,338.0,42
standard,BCwave_b1n3,1.0,3,0,eddy_heat_flux_vT,150.0,-0.0062202897998282596,297.0,338.0,42
standard,BCwave_b1n3,1.0,3,0,eddy_heat_flux_vT,200.0,-0.08307801320084504,297.0,338.0,42
standard,BCwave_b1n3,1.0,3,0,eddy_heat_flux_vT,250.0,-0.16377495513075874,297.0,338.0,42
standard,BCwave_b1n3,1.0,3,0,eddy_heat_flux_vT,300.0,-0.0467849914871511,297.0,338.0,42
standard,BCwave_b1n3,1.0,3,0,eddy_heat_flux_vT,400.0,0.4993394457158588,297.0,338.0,42
standard,BCwave_b1n3,1.0,3,0,eddy_heat_flux_vT,500.0,1.096030878169196,297.0,338.0,42
standard,BCwave_b1n3,1.0,3,0,eddy_heat_flux_vT,600.0,1.689962699299767,297.0,338.0,42
standard,BCwave_b1n3,1.0,3,0,eddy_heat_flux_vT,700.0,2.1241467282885598,297.0,338.0,42
standard,BCwave_b1n3,1.0,3,0,eddy_heat_flux_vT,850.0,3.421179623830886,297.0,338.0,42
standard,BCwave_b1n3,1.0,3,0,eddy_heat_flux_vT,925.0,4.4171024560928345,297.0,338.0,42
standard,BCwave_b1n3,1.0,3,0,eddy_heat_flux_vT,975.0,4.836463996342251,297.0,338.0,42
standard,BCwave_b1n3,1.0,3,0,eddy_heat_flux_vT,1000.0,4.856160027640207,297.0,338.0,42
standard,BCwave_b1n3,1.0,3,0,baroclinic_conversion_proxy,10.0,7.995524511827961e-13,297.0,338.0,42
standard,BCwave_b1n3,1.0,3,0,baroclinic_conversion_proxy,50.0,-2.256350467742873e-11,297.0,338.0,42
standard,BCwave_b1n3,1.0,3,0,baroclinic_conversion_proxy,100.0,-3.6093541806130655e-09,297.0,338.0,42
standard,BCwave_b1n3,1.0,3,0,baroclinic_conversion_proxy,150.0,1.0724232729366517e-08,297.0,338.0,42
standard,BCwave_b1n3,1.0,3,0,baroclinic_conversion_proxy,200.0,2.9810639696441807e-07,297.0,338.0,42
standard,BCwave_b1n3,1.0,3,0,baroclinic_conversion_proxy,250.0,7.707614383348084e-07,297.0,338.0,42
standard,BCwave_b1n3,1.0,3,0,baroclinic_conversion_proxy,300.0,1.9571257055195886e-07,297.0,338.0,42
standard,BCwave_b1n3,1.0,3,0,baroclinic_conversion_proxy,400.0,-1.8605363260619578e-06,297.0,338.0,42
standard,BCwave_b1n3,1.0,3,0,baroclinic_conversion_proxy,500.0,-4.7349722423352064e-08,297.0,338.0,42
standard,BCwave_b1n3,1.0,3,0,baroclinic_conversion_proxy,600.0,6.392730267093395e-06,297.0,338.0,42
standard,BCwave_b1n3,1.0,3,0,baroclinic_conversion_proxy,700.0,1.4169374957245531e-05,297.0,338.0,42
standard,BCwave_b1n3,1.0,3,0,baroclinic_conversion_proxy,850.0,3.0439451967097175e-05,297.0,338.0,42
standard,BCwave_b1n3,1.0,3,0,baroclinic_conversion_proxy,925.0,3.994186278889954e-05,297.0,338.0,42
standard,BCwave_b1n3,1.0,3,0,baroclinic_conversion_proxy,975.0,4.2496398843165174e-05,297.0,338.0,42
standard,BCwave_b1n3,1.0,3,0,baroclinic_conversion_proxy,1000.0,4.131004330009178e-05,297.0,338.0,42
standard,BCwave_b1n3,1.0,3,0,ep_flux_vertical,10.0,-1.4645530538899558,297.0,338.0,42
standard,BCwave_b1n3,1.0,3,0,ep_flux_vertical,50.0,-16.90145270029704,297.0,338.0,42
standard,BCwave_b1n3,1.0,3,0,ep_flux_vertical,100.0,-423.8022976829892,297.0,338.0,42
standard,BCwave_b1n3,1.0,3,0,ep_flux_vertical,150.0,1143.0665719168526,297.0,338.0,42
standard,BCwave_b1n3,1.0,3,0,ep_flux_vertical,200.0,26293.13504464286,297.0,338.0,42
standard,BCwave_b1n3,1.0,3,0,ep_flux_vertical,250.0,59028.46168154762,297.0,338.0,42
standard,BCwave_b1n3,1.0,3,0,ep_flux_vertical,300.0,17468.028483072918,297.0,338.0,42
standard,BCwave_b1n3,1.0,3,0,ep_flux_vertical,400.0,-187734.74069940476,297.0,338.0,42
standard,BCwave_b1n3,1.0,3,0,ep_flux_vertical,500.0,-456745.70907738095,297.0,338.0,42
standard,BCwave_b1n3,1.0,3,0,ep_flux_vertical,600.0,-840764.6726190476,297.0,338.0,42
standard,BCwave_b1n3,1.0,3,0,ep_flux_vertical,700.0,-1277752.3779761905,297.0,338.0,42
standard,BCwave_b1n3,1.0,3,0,ep_flux_vertical,850.0,-2564889.898809524,297.0,338.0,42
standard,BCwave_b1n3,1.0,3,0,ep_flux_vertical,925.0,-3587367.535714286,297.0,338.0,42
standard,BCwave_b1n3,1.0,3,0,ep_flux_vertical,975.0,-4234131.69047619,297.0,338.0,42
standard,BCwave_b1n3,1.0,3,0,ep_flux_vertical,1000.0,-4538041.202380952,297.0,338.0,42
standard,BCwave_b1n3s5,1.0,3,5,eddy_heat_flux_vT,10.0,0.00017923147616107971,300.0,338.0,39
standard,BCwave_b1n3s5,1.0,3,5,eddy_heat_flux_vT,50.0,0.0014999508320425565,300.0,338.0,39
standard,BCwave_b1n3s5,1.0,3,5,eddy_heat_flux_vT,100.0,0.011701311605672041,300.0,338.0,39
standard,BCwave_b1n3s5,1.0,3,5,eddy_heat_flux_vT,150.0,-0.0395730316447906,300.0,338.0,39
standard,BCwave_b1n3s5,1.0,3,5,eddy_heat_flux_vT,200.0,-0.24447178152891305,300.0,338.0,39
standard,BCwave_b1n3s5,1.0,3,5,eddy_heat_flux_vT,250.0,-0.4126988649368286,300.0,338.0,39
standard,BCwave_b1n3s5,1.0,3,5,eddy_heat_flux_vT,300.0,-0.2671375847779788,300.0,338.0,39
standard,BCwave_b1n3s5,1.0,3,5,eddy_heat_flux_vT,400.0,0.5535503480678949,300.0,338.0,39
standard,BCwave_b1n3s5,1.0,3,5,eddy_heat_flux_vT,500.0,1.5350821109918447,300.0,338.0,39
standard,BCwave_b1n3s5,1.0,3,5,eddy_heat_flux_vT,600.0,2.39214350321354,300.0,338.0,39
standard,BCwave_b1n3s5,1.0,3,5,eddy_heat_flux_vT,700.0,3.034711458744147,300.0,338.0,39
standard,BCwave_b1n3s5,1.0,3,5,eddy_heat_flux_vT,850.0,5.446141242980957,300.0,338.0,39
standard,BCwave_b1n3s5,1.0,3,5,eddy_heat_flux_vT,925.0,6.729124619410588,300.0,338.0,39
standard,BCwave_b1n3s5,1.0,3,5,eddy_heat_flux_vT,975.0,7.21759879283416,300.0,338.0,39
standard,BCwave_b1n3s5,1.0,3,5,eddy_heat_flux_vT,1000.0,7.321039652213072,300.0,338.0,39
standard,BCwave_b1n3s5,1.0,3,5,baroclinic_conversion_proxy,10.0,1.2529601209374221e-13,300.0,338.0,39
standard,BCwave_b1n3s5,1.0,3,5,baroclinic_conversion_proxy,50.0,-3.52338680456036e-11,300.0,338.0,39
standard,BCwave_b1n3s5,1.0,3,5,baroclinic_conversion_proxy,100.0,-7.085023439729482e-09,300.0,338.0,39
standard,BCwave_b1n3s5,1.0,3,5,baroclinic_conversion_proxy,150.0,8.154467487578096e-08,300.0,338.0,39
standard,BCwave_b1n3s5,1.0,3,5,baroclinic_conversion_proxy,200.0,9.451254218453332e-07,300.0,338.0,39
standard,BCwave_b1n3s5,1.0,3,5,baroclinic_conversion_proxy,250.0,2.0776130021169174e-06,300.0,338.0,39
standard,BCwave_b1n3s5,1.0,3,5,baroclinic_conversion_proxy,300.0,1.4170733099770307e-06,300.0,338.0,39
standard,BCwave_b1n3s5,1.0,3,5,baroclinic_conversion_proxy,400.0,-2.200654963556959e-06,300.0,338.0,39
standard,BCwave_b1n3s5,1.0,3,5,baroclinic_conversion_proxy,500.0,-2.2358929003419877e-07,300.0,338.0,39
standard,BCwave_b1n3s5,1.0,3,5,baroclinic_conversion_proxy,600.0,9.360661118616685e-06,300.0,338.0,39
standard,BCwave_b1n3s5,1.0,3,5,baroclinic_conversion_proxy,700.0,2.115062059788332e-05,300.0,338.0,39
standard,BCwave_b1n3s5,1.0,3,5,baroclinic_conversion_proxy,850.0,5.08590071545675e-05,300.0,338.0,39
standard,BCwave_b1n3s5,1.0,3,5,baroclinic_conversion_proxy,925.0,6.406388974238116e-05,300.0,338.0,39
standard,BCwave_b1n3s5,1.0,3,5,baroclinic_conversion_proxy,975.0,6.727455473036315e-05,300.0,338.0,39
standard,BCwave_b1n3s5,1.0,3,5,baroclinic_conversion_proxy,1000.0,6.662962793294962e-05,300.0,338.0,39
standard,BCwave_b1n3s5,1.0,3,5,ep_flux_vertical,10.0,-1.8059321244557698,300.0,338.0,39
standard,BCwave_b1n3s5,1.0,3,5,ep_flux_vertical,50.0,-19.7373774601863,300.0,338.0,39
standard,BCwave_b1n3s5,1.0,3,5,ep_flux_vertical,100.0,-676.0906857221554,300.0,338.0,39
standard,BCwave_b1n3s5,1.0,3,5,ep_flux_vertical,150.0,7350.886380709135,300.0,338.0,39
standard,BCwave_b1n3s5,1.0,3,5,ep_flux_vertical,200.0,78133.48036858975,300.0,338.0,39
standard,BCwave_b1n3s5,1.0,3,5,ep_flux_vertical,250.0,146702.92447916666,300.0,338.0,39
standard,BCwave_b1n3s5,1.0,3,5,ep_flux_vertical,300.0,97449.50210336539,300.0,338.0,39
standard,BCwave_b1n3s5,1.0,3,5,ep_flux_vertical,400.0,-170165.77123397434,300.0,338.0,39
standard,BCwave_b1n3s5,1.0,3,5,ep_flux_vertical,500.0,-546071.5889423077,300.0,338.0,39
standard,BCwave_b1n3s5,1.0,3,5,ep_flux_vertical,600.0,-1044563.7900641026,300.0,338.0,39
standard,BCwave_b1n3s5,1.0,3,5,ep_flux_vertical,700.0,-1631795.6057692308,300.0,338.0,39
standard,BCwave_b1n3s5,1.0,3,5,ep_flux_vertical,850.0,-3655196.121794872,300.0,338.0,39
standard,BCwave_b1n3s5,1.0,3,5,ep_flux_vertical,925.0,-4932851.108974359,300.0,338.0,39
standard,BCwave_b1n3s5,1.0,3,5,ep_flux_vertical,975.0,-5836657.961538462,300.0,338.0,39
standard,BCwave_b1n3s5,1.0,3,5,ep_flux_vertical,1000.0,-6465225.166666667,300.0,338.0,39
standard,BCwave_b1n3s10,1.0,3,10,eddy_heat_flux_vT,10.0,0.00021633556503469924,291.0,325.0,35
standard,BCwave_b1n3s10,1.0,3,10,eddy_heat_flux_vT,50.0,0.002450003005963351,291.0,325.0,35
standard,BCwave_b1n3s10,1.0,3,10,eddy_heat_flux_vT,100.0,0.011999684864921228,291.0,325.0,35
standard,BCwave_b1n3s10,1.0,3,10,eddy_heat_flux_vT,150.0,-0.08717399463057518,291.0,325.0,35
standard,BCwave_b1n3s10,1.0,3,10,eddy_heat_flux_vT,200.0,-0.39783151575497216,291.0,325.0,35
standard,BCwave_b1n3s10,1.0,3,10,eddy_heat_flux_vT,250.0,-0.6244448968342372,291.0,325.0,35
standard,BCwave_b1n3s10,1.0,3,10,eddy_heat_flux_vT,300.0,-0.47829211183956694,291.0,325.0,35
standard,BCwave_b1n3s10,1.0,3,10,eddy_heat_flux_vT,400.0,0.3753451330321176,291.0,325.0,35
standard,BCwave_b1n3s10,1.0,3,10,eddy_heat_flux_vT,500.0,1.6372253894805908,291.0,325.0,35
standard,BCwave_b1n3s10,1.0,3,10,eddy_heat_flux_vT,600.0,2.83082663672311,291.0,325.0,35
standard,BCwave_b1n3s10,1.0,3,10,eddy_heat_flux_vT,700.0,3.818097312109811,291.0,325.0,35
standard,BCwave_b1n3s10,1.0,3,10,eddy_heat_flux_vT,850.0,6.964596939086914,291.0,325.0,35
standard,BCwave_b1n3s10,1.0,3,10,eddy_heat_flux_vT,925.0,8.290340941292898,291.0,325.0,35
standard,BCwave_b1n3s10,1.0,3,10,eddy_heat_flux_vT,975.0,8.824221324920654,291.0,325.0,35
standard,BCwave_b1n3s10,1.0,3,10,eddy_heat_flux_vT,1000.0,8.992379896981376,291.0,325.0,35
standard,BCwave_b1n3s10,1.0,3,10,baroclinic_conversion_proxy,10.0,8.299170210080479e-14,291.0,325.0,35
standard,BCwave_b1n3s10,1.0,3,10,baroclinic_conversion_proxy,50.0,-1.213002997649656e-10,291.0,325.0,35
standard,BCwave_b1n3s10,1.0,3,10,baroclinic_conversion_proxy,100.0,-9.12239469995159e-09,291.0,325.0,35
standard,BCwave_b1n3s10,1.0,3,10,baroclinic_conversion_proxy,150.0,1.932598422627052e-07,291.0,325.0,35
standard,BCwave_b1n3s10,1.0,3,10,baroclinic_conversion_proxy,200.0,1.6325681502036917e-06,291.0,325.0,35
standard,BCwave_b1n3s10,1.0,3,10,baroclinic_conversion_proxy,250.0,3.3525811237008644e-06,291.0,325.0,35
standard,BCwave_b1n3s10,1.0,3,10,baroclinic_conversion_proxy,300.0,2.757355858713189e-06,291.0,325.0,35
standard,BCwave_b1n3s10,1.0,3,10,baroclinic_conversion_proxy,400.0,-1.6877332102792154e-06,291.0,325.0,35
standard,BCwave_b1n3s10,1.0,3,10,baroclinic_conversion_proxy,500.0,-3.478866589087407e-07,291.0,325.0,35
standard,BCwave_b1n3s10,1.0,3,10,baroclinic_conversion_proxy,600.0,1.1938318207934831e-05,291.0,325.0,35
standard,BCwave_b1n3s10,1.0,3,10,baroclinic_conversion_proxy,700.0,2.84366978511181e-05,291.0,325.0,35
standard,BCwave_b1n3s10,1.0,3,10,baroclinic_conversion_proxy,850.0,6.900242307373056e-05,291.0,325.0,35
standard,BCwave_b1n3s10,1.0,3,10,baroclinic_conversion_proxy,925.0,8.317930208119962e-05,291.0,325.0,35
standard,BCwave_b1n3s10,1.0,3,10,baroclinic_conversion_proxy,975.0,8.663657957056006e-05,291.0,325.0,35
standard,BCwave_b1n3s10,1.0,3,10,baroclinic_conversion_proxy,1000.0,8.622987807029858e-05,291.0,325.0,35
standard,BCwave_b1n3s10,1.0,3,10,ep_flux_vertical,10.0,-2.0630680663245067,291.0,325.0,35
standard,BCwave_b1n3s10,1.0,3,10,ep_flux_vertical,50.0,-29.41830051967076,291.0,325.0,35
standard,BCwave_b1n3s10,1.0,3,10,ep_flux_vertical,100.0,-589.4546630859375,291.0,325.0,35
standard,BCwave_b1n3s10,1.0,3,10,ep_flux_vertical,150.0,15903.748744419643,291.0,325.0,35
standard,BCwave_b1n3s10,1.0,3,10,ep_flux_vertical,200.0,125548.4703125,291.0,325.0,35
standard,BCwave_b1n3s10,1.0,3,10,ep_flux_vertical,250.0,213641.6223214286,291.0,325.0,35
standard,BCwave_b1n3s10,1.0,3,10,ep_flux_vertical,300.0,164184.73839285714,291.0,325.0,35
standard,BCwave_b1n3s10,1.0,3,10,ep_flux_vertical,400.0,-83776.43995535714,291.0,325.0,35
standard,BCwave_b1n3s10,1.0,3,10,ep_flux_vertical,500.0,-503668.6008928571,291.0,325.0,35
standard,BCwave_b1n3s10,1.0,3,10,ep_flux_vertical,600.0,-1089196.0053571428,291.0,325.0,35
standard,BCwave_b1n3s10,1.0,3,10,ep_flux_vertical,700.0,-1817798.9357142858,291.0,325.0,35
standard,BCwave_b1n3s10,1.0,3,10,ep_flux_vertical,850.0,-4152504.4571428574,291.0,325.0,35
standard,BCwave_b1n3s10,1.0,3,10,ep_flux_vertical,925.0,-5464317.271428571,291.0,325.0,35
standard,BCwave_b1n3s10,1.0,3,10,ep_flux_vertical,975.0,-6560056.028571429,291.0,325.0,35
standard,BCwave_b1n3s10,1.0,3,10,ep_flux_vertical,1000.0,-7459808.328571429,291.0,325.0,35
standard,BCwave_b1n6s-10,1.0,6,-10,eddy_heat_flux_vT,10.0,8.308832436271656e-05,321.0,346.0,26
standard,BCwave_b1n6s-10,1.0,6,-10,eddy_heat_flux_vT,50.0,0.0002152014035695734,321.0,346.0,26
standard,BCwave_b1n6s-10,1.0,6,-10,eddy_heat_flux_vT,100.0,0.0003728789104990518,321.0,346.0,26
standard,BCwave_b1n6s-10,1.0,6,-10,eddy_heat_flux_vT,150.0,0.0006534076383104548,321.0,346.0,26
standard,BCwave_b1n6s-10,1.0,6,-10,eddy_heat_flux_vT,200.0,-0.00039853091360642935,321.0,346.0,26
standard,BCwave_b1n6s-10,1.0,6,-10,eddy_heat_flux_vT,250.0,0.008550747709635358,321.0,346.0,26
standard,BCwave_b1n6s-10,1.0,6,-10,eddy_heat_flux_vT,300.0,0.03881714457216171,321.0,346.0,26
standard,BCwave_b1n6s-10,1.0,6,-10,eddy_heat_flux_vT,400.0,0.13095124553029353,321.0,346.0,26
standard,BCwave_b1n6s-10,1.0,6,-10,eddy_heat_flux_vT,500.0,0.25147889382564104,321.0,346.0,26
standard,BCwave_b1n6s-10,1.0,6,-10,eddy_heat_flux_vT,600.0,0.40244695429618543,321.0,346.0,26
standard,BCwave_b1n6s-10,1.0,6,-10,eddy_heat_flux_vT,700.0,0.6048588832983604,321.0,346.0,26
standard,BCwave_b1n6s-10,1.0,6,-10,eddy_heat_flux_vT,850.0,0.9195557190821722,321.0,346.0,26
standard,BCwave_b1n6s-10,1.0,6,-10,eddy_heat_flux_vT,925.0,1.2575051692815928,321.0,346.0,26
standard,BCwave_b1n6s-10,1.0,6,-10,eddy_heat_flux_vT,975.0,1.4650239256712108,321.0,346.0,26
standard,BCwave_b1n6s-10,1.0,6,-10,eddy_heat_flux_vT,1000.0,1.5401162642699022,321.0,346.0,26
standard,BCwave_b1n6s-10,1.0,6,-10,baroclinic_conversion_proxy,10.0,5.317111330387359e-13,321.0,346.0,26
standard,BCwave_b1n6s-10,1.0,6,-10,baroclinic_conversion_proxy,50.0,-2.3327208429125257e-12,321.0,346.0,26
standard,BCwave_b1n6s-10,1.0,6,-10,baroclinic_conversion_proxy,100.0,-1.288239338921475e-10,321.0,346.0,26
standard,BCwave_b1n6s-10,1.0,6,-10,baroclinic_conversion_proxy,150.0,-9.730063464343284e-10,321.0,346.0,26
standard,BCwave_b1n6s-10,1.0,6,-10,baroclinic_conversion_proxy,200.0,9.125309418357174e-10,321.0,346.0,26
standard,BCwave_b1n6s-10,1.0,6,-10,baroclinic_conversion_proxy,250.0,-3.5611705379450925e-08,321.0,346.0,26
standard,BCwave_b1n6s-10,1.0,6,-10,baroclinic_conversion_proxy,300.0,-1.6672755647890042e-07,321.0,346.0,26
standard,BCwave_b1n6s-10,1.0,6,-10,baroclinic_conversion_proxy,400.0,-3.7232290030540474e-07,321.0,346.0,26
standard,BCwave_b1n6s-10,1.0,6,-10,baroclinic_conversion_proxy,500.0,2.513717569139719e-08,321.0,346.0,26
standard,BCwave_b1n6s-10,1.0,6,-10,baroclinic_conversion_proxy,600.0,1.2799001576870348e-06,321.0,346.0,26
standard,BCwave_b1n6s-10,1.0,6,-10,baroclinic_conversion_proxy,700.0,3.3137532944657814e-06,321.0,346.0,26
standard,BCwave_b1n6s-10,1.0,6,-10,baroclinic_conversion_proxy,850.0,6.446431003636322e-06,321.0,346.0,26
standard,BCwave_b1n6s-10,1.0,6,-10,baroclinic_conversion_proxy,925.0,8.9548113744688e-06,321.0,346.0,26
standard,BCwave_b1n6s-10,1.0,6,-10,baroclinic_conversion_proxy,975.0,9.954575874032274e-06,321.0,346.0,26
standard,BCwave_b1n6s-10,1.0,6,-10,baroclinic_conversion_proxy,1000.0,1.0100900943563409e-05,321.0,346.0,26
standard,BCwave_b1n6s-10,1.0,6,-10,ep_flux_vertical,10.0,-0.8551675493900592,321.0,346.0,26
standard,BCwave_b1n6s-10,1.0,6,-10,ep_flux_vertical,50.0,-3.0018604214374838,321.0,346.0,26
standard,BCwave_b1n6s-10,1.0,6,-10,ep_flux_vertical,100.0,-22.31346629216121,321.0,346.0,26
standard,BCwave_b1n6s-10,1.0,6,-10,ep_flux_vertical,150.0,-114.58426607572116,321.0,346.0,26
standard,BCwave_b1n6s-10,1.0,6,-10,ep_flux_vertical,200.0,138.08827708317682,321.0,346.0,26
standard,BCwave_b1n6s-10,1.0,6,-10,ep_flux_vertical,250.0,-2701.7804424579326,321.0,346.0,26
standard,BCwave_b1n6s-10,1.0,6,-10,ep_flux_vertical,300.0,-14659.739633413461,321.0,346.0,26
standard,BCwave_b1n6s-10,1.0,6,-10,ep_flux_vertical,400.0,-59262.27524038462,321.0,346.0,26
standard,BCwave_b1n6s-10,1.0,6,-10,ep_flux_vertical,500.0,-132873.61388221153,321.0,346.0,26
standard,BCwave_b1n6s-10,1.0,6,-10,ep_flux_vertical,600.0,-244088.7998798077,321.0,346.0,26
standard,BCwave_b1n6s-10,1.0,6,-10,ep_flux_vertical,700.0,-416846.73076923075,321.0,346.0,26
standard,BCwave_b1n6s-10,1.0,6,-10,ep_flux_vertical,850.0,-767626.3557692308,321.0,346.0,26
standard,BCwave_b1n6s-10,1.0,6,-10,ep_flux_vertical,925.0,-1131319.6586538462,321.0,346.0,26
standard,BCwave_b1n6s-10,1.0,6,-10,ep_flux_vertical,975.0,-1351073.0961538462,321.0,346.0,26
standard,BCwave_b1n6s-10,1.0,6,-10,ep_flux_vertical,1000.0,-1430591.451923077,321.0,346.0,26
standard,BCwave_b1n6s-5,1.0,6,-5,eddy_heat_flux_vT,10.0,0.00010211846130269189,310.0,340.0,31
standard,BCwave_b1n6s-5,1.0,6,-5,eddy_heat_flux_vT,50.0,0.0004966301034249725,310.0,340.0,31
standard,BCwave_b1n6s-5,1.0,6,-5,eddy_heat_flux_vT,100.0,0.0013987523496090885,310.0,340.0,31
standard,BCwave_b1n6s-5,1.0,6,-5,eddy_heat_flux_vT,150.0,0.0011542017549096095,310.0,340.0,31
standard,BCwave_b1n6s-5,1.0,6,-5,eddy_heat_flux_vT,200.0,-0.007564841198825067,310.0,340.0,31
standard,BCwave_b1n6s-5,1.0,6,-5,eddy_heat_flux_vT,250.0,-0.010382319680385051,310.0,340.0,31
standard,BCwave_b1n6s-5,1.0,6,-5,eddy_heat_flux_vT,300.0,0.04350473815875669,310.0,340.0,31
standard,BCwave_b1n6s-5,1.0,6,-5,eddy_heat_flux_vT,400.0,0.24839155231752702,310.0,340.0,31
standard,BCwave_b1n6s-5,1.0,6,-5,eddy_heat_flux_vT,500.0,0.5003529498654027,310.0,340.0,31
standard,BCwave_b1n6s-5,1.0,6,-5,eddy_heat_flux_vT,600.0,0.7829930340090105,310.0,340.0,31
standard,BCwave_b1n6s-5,1.0,6,-5,eddy_heat_flux_vT,700.0,1.0691894312058725,310.0,340.0,31
standard,BCwave_b1n6s-5,1.0,6,-5,eddy_heat_flux_vT,850.0,1.5151223136532692,310.0,340.0,31
standard,BCwave_b1n6s-5,1.0,6,-5,eddy_heat_flux_vT,925.0,2.021368653543534,310.0,340.0,31
standard,BCwave_b1n6s-5,1.0,6,-5,eddy_heat_flux_vT,975.0,2.269912081380044,310.0,340.0,31
standard,BCwave_b1n6s-5,1.0,6,-5,eddy_heat_flux_vT,1000.0,2.362107430734942,310.0,340.0,31
standard,BCwave_b1n6s-5,1.0,6,-5,baroclinic_conversion_proxy,10.0,1.7963119825888778e-12,310.0,340.0,31
standard,BCwave_b1n6s-5,1.0,6,-5,baroclinic_conversion_proxy,50.0,-4.019545365235317e-12,310.0,340.0,31
standard,BCwave_b1n6s-5,1.0,6,-5,baroclinic_conversion_proxy,100.0,-5.464340960001995e-10,310.0,340.0,31
standard,BCwave_b1n6s-5,1.0,6,-5,baroclinic_conversion_proxy,150.0,-2.0406218363823135e-09,310.0,340.0,31
standard,BCwave_b1n6s-5,1.0,6,-5,baroclinic_conversion_proxy,200.0,2.3806719233958106e-08,310.0,340.0,31
standard,BCwave_b1n6s-5,1.0,6,-5,baroclinic_conversion_proxy,250.0,3.8257794924887886e-08,310.0,340.0,31
standard,BCwave_b1n6s-5,1.0,6,-5,baroclinic_conversion_proxy,300.0,-2.1852005670186166e-07,310.0,340.0,31
standard,BCwave_b1n6s-5,1.0,6,-5,baroclinic_conversion_proxy,400.0,-7.938161861749259e-07,310.0,340.0,31
standard,BCwave_b1n6s-5,1.0,6,-5,baroclinic_conversion_proxy,500.0,3.462055072730201e-08,310.0,340.0,31
standard,BCwave_b1n6s-5,1.0,6,-5,baroclinic_conversion_proxy,600.0,2.682580404120193e-06,310.0,340.0,31
standard,BCwave_b1n6s-5,1.0,6,-5,baroclinic_conversion_proxy,700.0,6.325744585234544e-06,310.0,340.0,31
standard,BCwave_b1n6s-5,1.0,6,-5,baroclinic_conversion_proxy,850.0,1.1582766356079975e-05,310.0,340.0,31
standard,BCwave_b1n6s-5,1.0,6,-5,baroclinic_conversion_proxy,925.0,1.5609655424815437e-05,310.0,340.0,31
standard,BCwave_b1n6s-5,1.0,6,-5,baroclinic_conversion_proxy,975.0,1.6726325068908232e-05,310.0,340.0,31
standard,BCwave_b1n6s-5,1.0,6,-5,baroclinic_conversion_proxy,1000.0,1.6751320037010666e-05,310.0,340.0,31
standard,BCwave_b1n6s-5,1.0,6,-5,ep_flux_vertical,10.0,-1.0667403724885756,310.0,340.0,31
standard,BCwave_b1n6s-5,1.0,6,-5,ep_flux_vertical,50.0,-7.051323229266751,310.0,340.0,31
standard,BCwave_b1n6s-5,1.0,6,-5,ep_flux_vertical,100.0,-85.29990226991715,310.0,340.0,31
standard,BCwave_b1n6s-5,1.0,6,-5,ep_flux_vertical,150.0,-212.14668618479084,310.0,340.0,31
standard,BCwave_b1n6s-5,1.0,6,-5,ep_flux_vertical,200.0,2263.669744676159,310.0,340.0,31
standard,BCwave_b1n6s-5,1.0,6,-5,ep_flux_vertical,250.0,3767.4393507434474,310.0,340.0,31
standard,BCwave_b1n6s-5,1.0,6,-5,ep_flux_vertical,300.0,-17047.950825352822,310.0,340.0,31
standard,BCwave_b1n6s-5,1.0,6,-5,ep_flux_vertical,400.0,-109606.36844758065,310.0,340.0,31
standard,BCwave_b1n6s-5,1.0,6,-5,ep_flux_vertical,500.0,-252769.93397177418,310.0,340.0,31
standard,BCwave_b1n6s-5,1.0,6,-5,ep_flux_vertical,600.0,-458117.6592741936,310.0,340.0,31
standard,BCwave_b1n6s-5,1.0,6,-5,ep_flux_vertical,700.0,-727976.8830645161,310.0,340.0,31
standard,BCwave_b1n6s-5,1.0,6,-5,ep_flux_vertical,850.0,-1263617.7741935484,310.0,340.0,31
standard,BCwave_b1n6s-5,1.0,6,-5,ep_flux_vertical,925.0,-1817949.4556451612,310.0,340.0,31
standard,BCwave_b1n6s-5,1.0,6,-5,ep_flux_vertical,975.0,-2121609.75,310.0,340.0,31
standard,BCwave_b1n6s-5,1.0,6,-5,ep_flux_vertical,1000.0,-2252154.9919354836,310.0,340.0,31
standard,BCwave_b1n6,1.0,6,0,eddy_heat_flux_vT,10.0,0.00011147773674517674,300.0,337.0,38
standard,BCwave_b1n6,1.0,6,0,eddy_heat_flux_vT,50.0,0.0009014543320517987,300.0,337.0,38
standard,BCwave_b1n6,1.0,6,0,eddy_heat_flux_vT,100.0,0.0030412214109674096,300.0,337.0,38
standard,BCwave_b1n6,1.0,6,0,eddy_heat_flux_vT,150.0,-0.0003404842006459244,300.0,337.0,38
standard,BCwave_b1n6,1.0,6,0,eddy_heat_flux_vT,200.0,-0.02709676972345302,300.0,337.0,38
standard,BCwave_b1n6,1.0,6,0,eddy_heat_flux_vT,250.0,-0.06034340787875025,300.0,337.0,38
standard,BCwave_b1n6,1.0,6,0,eddy_heat_flux_vT,300.0,0.013540302819915508,300.0,337.0,38
standard,BCwave_b1n6,1.0,6,0,eddy_heat_flux_vT,400.0,0.35232300977957876,300.0,337.0,38
standard,BCwave_b1n6,1.0,6,0,eddy_heat_flux_vT,500.0,0.7464389863767122,300.0,337.0,38
standard,BCwave_b1n6,1.0,6,0,eddy_heat_flux_vT,600.0,1.1462783170373816,300.0,337.0,38
standard,BCwave_b1n6,1.0,6,0,eddy_heat_flux_vT,700.0,1.4510634855220192,300.0,337.0,38
standard,BCwave_b1n6,1.0,6,0,eddy_heat_flux_vT,850.0,2.180790581201252,300.0,337.0,38
standard,BCwave_b1n6,1.0,6,0,eddy_heat_flux_vT,925.0,2.774259774308456,300.0,337.0,38
standard,BCwave_b1n6,1.0,6,0,eddy_heat_flux_vT,975.0,3.0135818468896964,300.0,337.0,38
standard,BCwave_b1n6,1.0,6,0,eddy_heat_flux_vT,1000.0,3.0153444252516093,300.0,337.0,38
standard,BCwave_b1n6,1.0,6,0,baroclinic_conversion_proxy,10.0,5.408720624783679e-13,300.0,337.0,38
standard,BCwave_b1n6,1.0,6,0,baroclinic_conversion_proxy,50.0,-1.6830950878259016e-11,300.0,337.0,38
standard,BCwave_b1n6,1.0,6,0,baroclinic_conversion_proxy,100.0,-1.3423593216520476e-09,300.0,337.0,38
standard,BCwave_b1n6,1.0,6,0,baroclinic_conversion_proxy,150.0,1.4554304485835624e-10,300.0,337.0,38
standard,BCwave_b1n6,1.0,6,0,baroclinic_conversion_proxy,200.0,9.218861501081894e-08,300.0,337.0,38
standard,BCwave_b1n6,1.0,6,0,baroclinic_conversion_proxy,250.0,2.657185158221565e-07,300.0,337.0,38
standard,BCwave_b1n6,1.0,6,0,baroclinic_conversion_proxy,300.0,-1.0376572480795762e-07,300.0,337.0,38
standard,BCwave_b1n6,1.0,6,0,baroclinic_conversion_proxy,400.0,-1.2396656149791709e-06,300.0,337.0,38
standard,BCwave_b1n6,1.0,6,0,baroclinic_conversion_proxy,500.0,1.077851542229917e-08,300.0,337.0,38
standard,BCwave_b1n6,1.0,6,0,baroclinic_conversion_proxy,600.0,4.179934002853483e-06,300.0,337.0,38
standard,BCwave_b1n6,1.0,6,0,baroclinic_conversion_proxy,700.0,9.201764322298053e-06,300.0,337.0,38
standard,BCwave_b1n6,1.0,6,0,baroclinic_conversion_proxy,850.0,1.809292878437861e-05,300.0,337.0,38
standard,BCwave_b1n6,1.0,6,0,baroclinic_conversion_proxy,925.0,2.3215364068930382e-05,300.0,337.0,38
standard,BCwave_b1n6,1.0,6,0,baroclinic_conversion_proxy,975.0,2.4295510181553637e-05,300.0,337.0,38
standard,BCwave_b1n6,1.0,6,0,baroclinic_conversion_proxy,1000.0,2.3404347925143636e-05,300.0,337.0,38
standard,BCwave_b1n6,1.0,6,0,ep_flux_vertical,10.0,-1.1595422515743656,300.0,337.0,38
standard,BCwave_b1n6,1.0,6,0,ep_flux_vertical,50.0,-12.491018671738473,300.0,337.0,38
standard,BCwave_b1n6,1.0,6,0,ep_flux_vertical,100.0,-184.02119807193154,300.0,337.0,38
standard,BCwave_b1n6,1.0,6,0,ep_flux_vertical,150.0,52.10212998641165,300.0,337.0,38
standard,BCwave_b1n6,1.0,6,0,ep_flux_vertical,200.0,8246.509251644737,300.0,337.0,38
standard,BCwave_b1n6,1.0,6,0,ep_flux_vertical,250.0,21523.0703125,300.0,337.0,38
standard,BCwave_b1n6,1.0,6,0,ep_flux_vertical,300.0,-5404.121549907483,300.0,337.0,38
standard,BCwave_b1n6,1.0,6,0,ep_flux_vertical,400.0,-144881.00164473685,300.0,337.0,38
standard,BCwave_b1n6,1.0,6,0,ep_flux_vertical,500.0,-346047.6455592105,300.0,337.0,38
standard,BCwave_b1n6,1.0,6,0,ep_flux_vertical,600.0,-625289.4087171053,300.0,337.0,38
standard,BCwave_b1n6,1.0,6,0,ep_flux_vertical,700.0,-939315.8092105263,300.0,337.0,38
standard,BCwave_b1n6,1.0,6,0,ep_flux_vertical,850.0,-1742343.4342105263,300.0,337.0,38
standard,BCwave_b1n6,1.0,6,0,ep_flux_vertical,925.0,-2424565.8092105263,300.0,337.0,38
standard,BCwave_b1n6,1.0,6,0,ep_flux_vertical,975.0,-2797536.375,300.0,337.0,38
standard,BCwave_b1n6,1.0,6,0,ep_flux_vertical,1000.0,-2911653.4671052634,300.0,337.0,38
standard,BCwave_b1n6s5,1.0,6,5,eddy_heat_flux_vT,10.0,0.000146005230238767,294.0,337.0,44
standard,BCwave_b1n6s5,1.0,6,5,eddy_heat_flux_vT,50.0,0.0013198908974035558,294.0,337.0,44
standard,BCwave_b1n6s5,1.0,6,5,eddy_heat_flux_vT,100.0,0.005356502126563679,294.0,337.0,44
standard,BCwave_b1n6s5,1.0,6,5,eddy_heat_flux_vT,150.0,-0.00874637474771589,294.0,337.0,44
standard,BCwave_b1n6s5,1.0,6,5,eddy_heat_flux_vT,200.0,-0.07725976915522055,294.0,337.0,44
standard,BCwave_b1n6s5,1.0,6,5,eddy_heat_flux_vT,250.0,-0.15735276890071956,294.0,337.0,44
standard,BCwave_b1n6s5,1.0,6,5,eddy_heat_flux_vT,300.0,-0.06490254486826333,294.0,337.0,44
standard,BCwave_b1n6s5,1.0,6,5,eddy_heat_flux_vT,400.0,0.41444686529311264,294.0,337.0,44
standard,BCwave_b1n6s5,1.0,6,5,eddy_heat_flux_vT,500.0,0.9531439353119243,294.0,337.0,44
standard,BCwave_b1n6s5,1.0,6,5,eddy_heat_flux_vT,600.0,1.4499501938169652,294.0,337.0,44
standard,BCwave_b1n6s5,1.0,6,5,eddy_heat_flux_vT,700.0,1.832385534589941,294.0,337.0,44
standard,BCwave_b1n6s5,1.0,6,5,eddy_heat_flux_vT,850.0,3.031361850825223,294.0,337.0,44
standard,BCwave_b1n6s5,1.0,6,5,eddy_heat_flux_vT,925.0,3.742770406332883,294.0,337.0,44
standard,BCwave_b1n6s5,1.0,6,5,eddy_heat_flux_vT,975.0,3.961311020634391,294.0,337.0,44
standard,BCwave_b1n6s5,1.0,6,5,eddy_heat_flux_vT,1000.0,3.8500764153220435,294.0,337.0,44
standard,BCwave_b1n6s5,1.0,6,5,baroclinic_conversion_proxy,10.0,3.265431563628071e-14,294.0,337.0,44
standard,BCwave_b1n6s5,1.0,6,5,baroclinic_conversion_proxy,50.0,-2.599649906643247e-11,294.0,337.0,44
standard,BCwave_b1n6s5,1.0,6,5,baroclinic_conversion_proxy,100.0,-2.7191262272100144e-09,294.0,337.0,44
standard,BCwave_b1n6s5,1.0,6,5,baroclinic_conversion_proxy,150.0,1.609515619772527e-08,294.0,337.0,44
standard,BCwave_b1n6s5,1.0,6,5,baroclinic_conversion_proxy,200.0,2.8378006885790536e-07,294.0,337.0,44
standard,BCwave_b1n6s5,1.0,6,5,baroclinic_conversion_proxy,250.0,7.456896507950329e-07,294.0,337.0,44
standard,BCwave_b1n6s5,1.0,6,5,baroclinic_conversion_proxy,300.0,2.8797310265686477e-07,294.0,337.0,44
standard,BCwave_b1n6s5,1.0,6,5,baroclinic_conversion_proxy,400.0,-1.5540748589418483e-06,294.0,337.0,44
standard,BCwave_b1n6s5,1.0,6,5,baroclinic_conversion_proxy,500.0,-5.865737860584601e-08,294.0,337.0,44
standard,BCwave_b1n6s5,1.0,6,5,baroclinic_conversion_proxy,600.0,5.489510943913377e-06,294.0,337.0,44
standard,BCwave_b1n6s5,1.0,6,5,baroclinic_conversion_proxy,700.0,1.2136848185532886e-05,294.0,337.0,44
standard,BCwave_b1n6s5,1.0,6,5,baroclinic_conversion_proxy,850.0,2.6604063433214005e-05,294.0,337.0,44
standard,BCwave_b1n6s5,1.0,6,5,baroclinic_conversion_proxy,925.0,3.330935797665998e-05,294.0,337.0,44
standard,BCwave_b1n6s5,1.0,6,5,baroclinic_conversion_proxy,975.0,3.44171238463208e-05,294.0,337.0,44
standard,BCwave_b1n6s5,1.0,6,5,baroclinic_conversion_proxy,1000.0,3.234399032821371e-05,294.0,337.0,44
standard,BCwave_b1n6s5,1.0,6,5,ep_flux_vertical,10.0,-1.4607003805312244,294.0,337.0,44
standard,BCwave_b1n6s5,1.0,6,5,ep_flux_vertical,50.0,-17.334538849917326,294.0,337.0,44
standard,BCwave_b1n6s5,1.0,6,5,ep_flux_vertical,100.0,-312.6590721823952,294.0,337.0,44
standard,BCwave_b1n6s5,1.0,6,5,ep_flux_vertical,150.0,1575.2014604048295,294.0,337.0,44
standard,BCwave_b1n6s5,1.0,6,5,ep_flux_vertical,200.0,23655.00157581676,294.0,337.0,44
standard,BCwave_b1n6s5,1.0,6,5,ep_flux_vertical,250.0,55430.96004971591,294.0,337.0,44
standard,BCwave_b1n6s5,1.0,6,5,ep_flux_vertical,300.0,24314.936257102272,294.0,337.0,44
standard,BCwave_b1n6s5,1.0,6,5,ep_flux_vertical,400.0,-150885.33274147726,294.0,337.0,44
standard,BCwave_b1n6s5,1.0,6,5,ep_flux_vertical,500.0,-390328.6590909091,294.0,337.0,44
standard,BCwave_b1n6s5,1.0,6,5,ep_flux_vertical,600.0,-708052.5482954546,294.0,337.0,44
standard,BCwave_b1n6s5,1.0,6,5,ep_flux_vertical,700.0,-1073994.9616477273,294.0,337.0,44
standard,BCwave_b1n6s5,1.0,6,5,ep_flux_vertical,850.0,-2220317.3267045454,294.0,337.0,44
standard,BCwave_b1n6s5,1.0,6,5,ep_flux_vertical,925.0,-3042490.0113636362,294.0,337.0,44
standard,BCwave_b1n6s5,1.0,6,5,ep_flux_vertical,975.0,-3488078.7443181816,294.0,337.0,44
standard,BCwave_b1n6s5,1.0,6,5,ep_flux_vertical,1000.0,-3590126.9829545454,294.0,337.0,44
standard,BCwave_b1n6s10,1.0,6,10,eddy_heat_flux_vT,10.0,0.00018815147424382822,292.0,333.0,42
standard,BCwave_b1n6s10,1.0,6,10,eddy_heat_flux_vT,50.0,0.001397465075743163,292.0,333.0,42
standard,BCwave_b1n6s10,1.0,6,10,eddy_heat_flux_vT,100.0,0.005679416575557774,292.0,333.0,42
standard,BCwave_b1n6s10,1.0,6,10,eddy_heat_flux_vT,150.0,-0.027250425136160283,292.0,333.0,42
standard,BCwave_b1n6s10,1.0,6,10,eddy_heat_flux_vT,200.0,-0.15634426953537123,292.0,333.0,42
standard,BCwave_b1n6s10,1.0,6,10,eddy_heat_flux_vT,250.0,-0.2897434497163409,292.0,333.0,42
standard,BCwave_b1n6s10,1.0,6,10,eddy_heat_flux_vT,300.0,-0.1972493990546181,292.0,333.0,42
standard,BCwave_b1n6s10,1.0,6,10,eddy_heat_flux_vT,400.0,0.3905485925220308,292.0,333.0,42
standard,BCwave_b1n6s10,1.0,6,10,eddy_heat_flux_vT,500.0,1.1027977069218953,292.0,333.0,42
standard,BCwave_b1n6s10,1.0,6,10,eddy_heat_flux_vT,600.0,1.7404107281139918,292.0,333.0,42
standard,BCwave_b1n6s10,1.0,6,10,eddy_heat_flux_vT,700.0,2.2917848768688382,292.0,333.0,42
standard,BCwave_b1n6s10,1.0,6,10,eddy_heat_flux_vT,850.0,4.0600412005469915,292.0,333.0,42
standard,BCwave_b1n6s10,1.0,6,10,eddy_heat_flux_vT,925.0,4.808207977385748,292.0,333.0,42
standard,BCwave_b1n6s10,1.0,6,10,eddy_heat_flux_vT,975.0,4.957237033616929,292.0,333.0,42
standard,BCwave_b1n6s10,1.0,6,10,eddy_heat_flux_vT,1000.0,4.832764807201567,292.0,333.0,42
standard,BCwave_b1n6s10,1.0,6,10,baroclinic_conversion_proxy,10.0,1.4761438571713712e-13,292.0,333.0,42
standard,BCwave_b1n6s10,1.0,6,10,baroclinic_conversion_proxy,50.0,-3.247859576252477e-11,292.0,333.0,42
standard,BCwave_b1n6s10,1.0,6,10,baroclinic_conversion_proxy,100.0,-3.5672784408952954e-09,292.0,333.0,42
standard,BCwave_b1n6s10,1.0,6,10,baroclinic_conversion_proxy,150.0,5.5223132056610104e-08,292.0,333.0,42
standard,BCwave_b1n6s10,1.0,6,10,baroclinic_conversion_proxy,200.0,6.099911554916357e-07,292.0,333.0,42
standard,BCwave_b1n6s10,1.0,6,10,baroclinic_conversion_proxy,250.0,1.4565292433742018e-06,292.0,333.0,42
standard,BCwave_b1n6s10,1.0,6,10,baroclinic_conversion_proxy,300.0,1.0341029535322291e-06,292.0,333.0,42
standard,BCwave_b1n6s10,1.0,6,10,baroclinic_conversion_proxy,400.0,-1.5597861772134604e-06,292.0,333.0,42
standard,BCwave_b1n6s10,1.0,6,10,baroclinic_conversion_proxy,500.0,-1.6352889810532035e-07,292.0,333.0,42
standard,BCwave_b1n6s10,1.0,6,10,baroclinic_conversion_proxy,600.0,6.848112921683683e-06,292.0,333.0,42
standard,BCwave_b1n6s10,1.0,6,10,baroclinic_conversion_proxy,700.0,1.5810153659653485e-05,292.0,333.0,42
standard,BCwave_b1n6s10,1.0,6,10,baroclinic_conversion_proxy,850.0,3.7240653650120036e-05,292.0,333.0,42
standard,BCwave_b1n6s10,1.0,6,10,baroclinic_conversion_proxy,925.0,4.485637137328186e-05,292.0,333.0,42
standard,BCwave_b1n6s10,1.0,6,10,baroclinic_conversion_proxy,975.0,4.5795555879955095e-05,292.0,333.0,42
standard,BCwave_b1n6s10,1.0,6,10,baroclinic_conversion_proxy,1000.0,4.3674524671847136e-05,292.0,333.0,42
standard,BCwave_b1n6s10,1.0,6,10,ep_flux_vertical,10.0,-1.7857861462093534,292.0,333.0,42
standard,BCwave_b1n6s10,1.0,6,10,ep_flux_vertical,50.0,-17.212189776556833,292.0,333.0,42
standard,BCwave_b1n6s10,1.0,6,10,ep_flux_vertical,100.0,-302.48715064639134,292.0,333.0,42
standard,BCwave_b1n6s10,1.0,6,10,ep_flux_vertical,150.0,4821.870820545015,292.0,333.0,42
standard,BCwave_b1n6s10,1.0,6,10,ep_flux_vertical,200.0,46969.67922247024,292.0,333.0,42
standard,BCwave_b1n6s10,1.0,6,10,ep_flux_vertical,250.0,98019.17224702382,292.0,333.0,42
standard,BCwave_b1n6s10,1.0,6,10,ep_flux_vertical,300.0,69810.59095982143,292.0,333.0,42
standard,BCwave_b1n6s10,1.0,6,10,ep_flux_vertical,400.0,-117601.58668154762,292.0,333.0,42
standard,BCwave_b1n6s10,1.0,6,10,ep_flux_vertical,500.0,-388670.421875,292.0,333.0,42
standard,BCwave_b1n6s10,1.0,6,10,ep_flux_vertical,600.0,-743827.9494047619,292.0,333.0,42
standard,BCwave_b1n6s10,1.0,6,10,ep_flux_vertical,700.0,-1186812.6711309524,292.0,333.0,42
standard,BCwave_b1n6s10,1.0,6,10,ep_flux_vertical,850.0,-2645338.505952381,292.0,333.0,42
standard,BCwave_b1n6s10,1.0,6,10,ep_flux_vertical,925.0,-3483229.5178571427,292.0,333.0,42
standard,BCwave_b1n6s10,1.0,6,10,ep_flux_vertical,975.0,-3954825.3095238097,292.0,333.0,42
standard,BCwave_b1n6s10,1.0,6,10,ep_flux_vertical,1000.0,-4160235.0535714286,292.0,333.0,42
standard,BCwave_b15n1s-10,1.5,1,-10,eddy_heat_flux_vT,10.0,0.0003280125684492911,313.0,342.0,30
standard,BCwave_b15n1s-10,1.5,1,-10,eddy_heat_flux_vT,50.0,0.007212366815656424,313.0,342.0,30
standard,BCwave_b15n1s-10,1.5,1,-10,eddy_heat_flux_vT,100.0,0.03149540008356174,313.0,342.0,30
standard,BCwave_b15n1s-10,1.5,1,-10,eddy_heat_flux_vT,150.0,-0.11392780666550001,313.0,342.0,30
standard,BCwave_b15n1s-10,1.5,1,-10,eddy_heat_flux_vT,200.0,0.11771030575037003,313.0,342.0,30
standard,BCwave_b15n1s-10,1.5,1,-10,eddy_heat_flux_vT,250.0,0.4384987900654475,313.0,342.0,30
standard,BCwave_b15n1s-10,1.5,1,-10,eddy_heat_flux_vT,300.0,0.8208881676197052,313.0,342.0,30
standard,BCwave_b15n1s-10,1.5,1,-10,eddy_heat_flux_vT,400.0,1.7453259229660034,313.0,342.0,30
standard,BCwave_b15n1s-10,1.5,1,-10,eddy_heat_flux_vT,500.0,2.7567600329717,313.0,342.0,30
standard,BCwave_b15n1s-10,1.5,1,-10,eddy_heat_flux_vT,600.0,3.8066144148508707,313.0,342.0,30
standard,BCwave_b15n1s-10,1.5,1,-10,eddy_heat_flux_vT,700.0,4.772858985265096,313.0,342.0,30
standard,BCwave_b15n1s-10,1.5,1,-10,eddy_heat_flux_vT,850.0,8.493357785542806,313.0,342.0,30
standard,BCwave_b15n1s-10,1.5,1,-10,eddy_heat_flux_vT,925.0,11.289384937286377,313.0,342.0,30
standard,BCwave_b15n1s-10,1.5,1,-10,eddy_heat_flux_vT,975.0,12.645253467559815,313.0,342.0,30
standard,BCwave_b15n1s-10,1.5,1,-10,eddy_heat_flux_vT,1000.0,12.619207731882732,313.0,342.0,30
standard,BCwave_b15n1s-10,1.5,1,-10,baroclinic_conversion_proxy,10.0,1.086268422398282e-12,313.0,342.0,30
standard,BCwave_b15n1s-10,1.5,1,-10,baroclinic_conversion_proxy,50.0,-9.910671646314502e-09,313.0,342.0,30
standard,BCwave_b15n1s-10,1.5,1,-10,baroclinic_conversion_proxy,100.0,-9.556112807729278e-08,313.0,342.0,30
standard,BCwave_b15n1s-10,1.5,1,-10,baroclinic_conversion_proxy,150.0,6.085144320877589e-07,313.0,342.0,30
standard,BCwave_b15n1s-10,1.5,1,-10,baroclinic_conversion_proxy,200.0,-5.155290551783765e-07,313.0,342.0,30
standard,BCwave_b15n1s-10,1.5,1,-10,baroclinic_conversion_proxy,250.0,-1.5344167233403519e-06,313.0,342.0,30
standard,BCwave_b15n1s-10,1.5,1,-10,baroclinic_conversion_proxy,300.0,-1.5745829083850063e-06,313.0,342.0,30
standard,BCwave_b15n1s-10,1.5,1,-10,baroclinic_conversion_proxy,400.0,2.733847115147607e-06,313.0,342.0,30
standard,BCwave_b15n1s-10,1.5,1,-10,baroclinic_conversion_proxy,500.0,1.2423931760470926e-05,313.0,342.0,30
standard,BCwave_b15n1s-10,1.5,1,-10,baroclinic_conversion_proxy,600.0,2.465630095684901e-05,313.0,342.0,30
standard,BCwave_b15n1s-10,1.5,1,-10,baroclinic_conversion_proxy,700.0,3.593073743104469e-05,313.0,342.0,30
standard,BCwave_b15n1s-10,1.5,1,-10,baroclinic_conversion_proxy,850.0,6.779076769210708e-05,313.0,342.0,30
standard,BCwave_b15n1s-10,1.5,1,-10,baroclinic_conversion_proxy,925.0,8.801419268517444e-05,313.0,342.0,30
standard,BCwave_b15n1s-10,1.5,1,-10,baroclinic_conversion_proxy,975.0,9.539130696794018e-05,313.0,342.0,30
standard,BCwave_b15n1s-10,1.5,1,-10,baroclinic_conversion_proxy,1000.0,9.103181849544247e-05,313.0,342.0,30
standard,BCwave_b15n1s-10,1.5,1,-10,ep_flux_vertical,10.0,-3.47554456392924,313.0,342.0,30
standard,BCwave_b15n1s-10,1.5,1,-10,ep_flux_vertical,50.0,-102.59159240722656,313.0,342.0,30
standard,BCwave_b15n1s-10,1.5,1,-10,ep_flux_vertical,100.0,-1573.7955261230468,313.0,342.0,30
standard,BCwave_b15n1s-10,1.5,1,-10,ep_flux_vertical,150.0,20536.596321614583,313.0,342.0,30
standard,BCwave_b15n1s-10,1.5,1,-10,ep_flux_vertical,200.0,-30014.330208333333,313.0,342.0,30
standard,BCwave_b15n1s-10,1.5,1,-10,ep_flux_vertical,250.0,-127733.39895833333,313.0,342.0,30
standard,BCwave_b15n1s-10,1.5,1,-10,ep_flux_vertical,300.0,-267035.5489583333,313.0,342.0,30
standard,BCwave_b15n1s-10,1.5,1,-10,ep_flux_vertical,400.0,-706970.8083333333,313.0,342.0,30
standard,BCwave_b15n1s-10,1.5,1,-10,ep_flux_vertical,500.0,-1382168.4125,313.0,342.0,30
standard,BCwave_b15n1s-10,1.5,1,-10,ep_flux_vertical,600.0,-2324839.55,313.0,342.0,30
standard,BCwave_b15n1s-10,1.5,1,-10,ep_flux_vertical,700.0,-3381836.0166666666,313.0,342.0,30
standard,BCwave_b15n1s-10,1.5,1,-10,ep_flux_vertical,850.0,-6371790.383333334,313.0,342.0,30
standard,BCwave_b15n1s-10,1.5,1,-10,ep_flux_vertical,925.0,-8143593.25,313.0,342.0,30
standard,BCwave_b15n1s-10,1.5,1,-10,ep_flux_vertical,975.0,-9236253.8,313.0,342.0,30
standard,BCwave_b15n1s-10,1.5,1,-10,ep_flux_vertical,1000.0,-9696964.933333334,313.0,342.0,30
standard,BCwave_b15n1s-5,1.5,1,-5,eddy_heat_flux_vT,10.0,0.0005365676444136735,307.0,339.0,33
standard,BCwave_b15n1s-5,1.5,1,-5,eddy_heat_flux_vT,50.0,0.01640408757058057,307.0,339.0,33
standard,BCwave_b15n1s-5,1.5,1,-5,eddy_heat_flux_vT,100.0,-0.04124659062786536,307.0,339.0,33
standard,BCwave_b15n1s-5,1.5,1,-5,eddy_heat_flux_vT,150.0,-0.3978521173650568,307.0,339.0,33
standard,BCwave_b15n1s-5,1.5,1,-5,eddy_heat_flux_vT,200.0,0.02622654503493598,307.0,339.0,33
standard,BCwave_b15n1s-5,1.5,1,-5,eddy_heat_flux_vT,250.0,0.6866527597109476,307.0,339.0,33
standard,BCwave_b15n1s-5,1.5,1,-5,eddy_heat_flux_vT,300.0,1.4658989003210356,307.0,339.0,33
standard,BCwave_b15n1s-5,1.5,1,-5,eddy_heat_flux_vT,400.0,3.1278689413359673,307.0,339.0,33
standard,BCwave_b15n1s-5,1.5,1,-5,eddy_heat_flux_vT,500.0,4.831723646684126,307.0,339.0,33
standard,BCwave_b15n1s-5,1.5,1,-5,eddy_heat_flux_vT,600.0,6.390659693515662,307.0,339.0,33
standard,BCwave_b15n1s-5,1.5,1,-5,eddy_heat_flux_vT,700.0,8.341066924008457,307.0,339.0,33
standard,BCwave_b15n1s-5,1.5,1,-5,eddy_heat_flux_vT,850.0,14.860044248176344,307.0,339.0,33
standard,BCwave_b15n1s-5,1.5,1,-5,eddy_heat_flux_vT,925.0,18.44523909597686,307.0,339.0,33
standard,BCwave_b15n1s-5,1.5,1,-5,eddy_heat_flux_vT,975.0,19.27335346106327,307.0,339.0,33
standard,BCwave_b15n1s-5,1.5,1,-5,eddy_heat_flux_vT,1000.0,18.8943033507376,307.0,339.0,33
standard,BCwave_b15n1s-5,1.5,1,-5,baroclinic_conversion_proxy,10.0,2.6147053184104312e-12,307.0,339.0,33
standard,BCwave_b15n1s-5,1.5,1,-5,baroclinic_conversion_proxy,50.0,-2.3952843964173444e-08,307.0,339.0,33
standard,BCwave_b15n1s-5,1.5,1,-5,baroclinic_conversion_proxy,100.0,2.242240522277963e-07,307.0,339.0,33
standard,BCwave_b15n1s-5,1.5,1,-5,baroclinic_conversion_proxy,150.0,2.1480528651161213e-06,307.0,339.0,33
standard,BCwave_b15n1s-5,1.5,1,-5,baroclinic_conversion_proxy,200.0,-1.3021025227741037e-07,307.0,339.0,33
standard,BCwave_b15n1s-5,1.5,1,-5,baroclinic_conversion_proxy,250.0,-2.706500092217263e-06,307.0,339.0,33
standard,BCwave_b15n1s-5,1.5,1,-5,baroclinic_conversion_proxy,300.0,-3.2314797849584e-06,307.0,339.0,33
standard,BCwave_b15n1s-5,1.5,1,-5,baroclinic_conversion_proxy,400.0,4.931472686263133e-06,307.0,339.0,33
standard,BCwave_b15n1s-5,1.5,1,-5,baroclinic_conversion_proxy,500.0,2.3069999411800932e-05,307.0,339.0,33
standard,BCwave_b15n1s-5,1.5,1,-5,baroclinic_conversion_proxy,600.0,4.41626936221975e-05,307.0,339.0,33
standard,BCwave_b15n1s-5,1.5,1,-5,baroclinic_conversion_proxy,700.0,6.742147602243207e-05,307.0,339.0,33
standard,BCwave_b15n1s-5,1.5,1,-5,baroclinic_conversion_proxy,850.0,0.0001306817611100886,307.0,339.0,33
standard,BCwave_b15n1s-5,1.5,1,-5,baroclinic_conversion_proxy,925.0,0.00015930069264758265,307.0,339.0,33
standard,BCwave_b15n1s-5,1.5,1,-5,baroclinic_conversion_proxy,975.0,0.00016257209239428806,307.0,339.0,33
standard,BCwave_b15n1s-5,1.5,1,-5,baroclinic_conversion_proxy,1000.0,0.00015287907356678537,307.0,339.0,33
standard,BCwave_b15n1s-5,1.5,1,-5,ep_flux_vertical,10.0,-5.658633542783333,307.0,339.0,33
standard,BCwave_b15n1s-5,1.5,1,-5,ep_flux_vertical,50.0,-230.6144816080729,307.0,339.0,33
standard,BCwave_b15n1s-5,1.5,1,-5,ep_flux_vertical,100.0,2905.1457260594225,307.0,339.0,33
standard,BCwave_b15n1s-5,1.5,1,-5,ep_flux_vertical,150.0,68100.57054924243,307.0,339.0,33
standard,BCwave_b15n1s-5,1.5,1,-5,ep_flux_vertical,200.0,-5280.7648518880205,307.0,339.0,33
standard,BCwave_b15n1s-5,1.5,1,-5,ep_flux_vertical,250.0,-180944.60298295456,307.0,339.0,33
standard,BCwave_b15n1s-5,1.5,1,-5,ep_flux_vertical,300.0,-432790.2916666667,307.0,339.0,33
standard,BCwave_b15n1s-5,1.5,1,-5,ep_flux_vertical,400.0,-1174418.0227272727,307.0,339.0,33
standard,BCwave_b15n1s-5,1.5,1,-5,ep_flux_vertical,500.0,-2315161.375,307.0,339.0,33
standard,BCwave_b15n1s-5,1.5,1,-5,ep_flux_vertical,600.0,-3811589.1363636362,307.0,339.0,33
standard,BCwave_b15n1s-5,1.5,1,-5,ep_flux_vertical,700.0,-5729659.742424242,307.0,339.0,33
standard,BCwave_b15n1s-5,1.5,1,-5,ep_flux_vertical,850.0,-10265062.757575758,307.0,339.0,33
standard,BCwave_b15n1s-5,1.5,1,-5,ep_flux_vertical,925.0,-11924250.818181818,307.0,339.0,33
standard,BCwave_b15n1s-5,1.5,1,-5,ep_flux_vertical,975.0,-12812077.424242424,307.0,339.0,33
standard,BCwave_b15n1s-5,1.5,1,-5,ep_flux_vertical,1000.0,-13733349.969696969,307.0,339.0,33
standard,BCwave_b15n1,1.5,1,0,eddy_heat_flux_vT,10.0,0.0011093760380566481,291.0,321.0,31
standard,BCwave_b15n1,1.5,1,0,eddy_heat_flux_vT,50.0,0.02401377789435848,291.0,321.0,31
standard,BCwave_b15n1,1.5,1,0,eddy_heat_flux_vT,100.0,-0.16439403401267144,291.0,321.0,31
standard,BCwave_b15n1,1.5,1,0,eddy_heat_flux_vT,150.0,-0.6227139820975642,291.0,321.0,31
standard,BCwave_b15n1,1.5,1,0,eddy_heat_flux_vT,200.0,-0.1176227833474836,291.0,321.0,31
standard,BCwave_b15n1,1.5,1,0,eddy_heat_flux_vT,250.0,0.8010449024938768,291.0,321.0,31
standard,BCwave_b15n1,1.5,1,0,eddy_heat_flux_vT,300.0,1.9599584533322243,291.0,321.0,31
standard,BCwave_b15n1,1.5,1,0,eddy_heat_flux_vT,400.0,4.523084094447475,291.0,321.0,31
standard,BCwave_b15n1,1.5,1,0,eddy_heat_flux_vT,500.0,6.99521069372854,291.0,321.0,31
standard,BCwave_b15n1,1.5,1,0,eddy_heat_flux_vT,600.0,8.900248527526855,291.0,321.0,31
standard,BCwave_b15n1,1.5,1,0,eddy_heat_flux_vT,700.0,11.657174325758412,291.0,321.0,31
standard,BCwave_b15n1,1.5,1,0,eddy_heat_flux_vT,850.0,20.395455821867913,291.0,321.0,31
standard,BCwave_b15n1,1.5,1,0,eddy_heat_flux_vT,925.0,23.696721169256396,291.0,321.0,31
standard,BCwave_b15n1,1.5,1,0,eddy_heat_flux_vT,975.0,23.8342101189398,291.0,321.0,31
standard,BCwave_b15n1,1.5,1,0,eddy_heat_flux_vT,1000.0,23.97852768436555,291.0,321.0,31
standard,BCwave_b15n1,1.5,1,0,baroclinic_conversion_proxy,10.0,-8.547654440977878e-12,291.0,321.0,31
standard,BCwave_b15n1,1.5,1,0,baroclinic_conversion_proxy,50.0,-3.9229099051622584e-08,291.0,321.0,31
standard,BCwave_b15n1,1.5,1,0,baroclinic_conversion_proxy,100.0,7.771682725609524e-07,291.0,321.0,31
standard,BCwave_b15n1,1.5,1,0,baroclinic_conversion_proxy,150.0,3.5085897707176628e-06,291.0,321.0,31
standard,BCwave_b15n1,1.5,1,0,baroclinic_conversion_proxy,200.0,5.390186710164633e-07,291.0,321.0,31
standard,BCwave_b15n1,1.5,1,0,baroclinic_conversion_proxy,250.0,-3.495359021232411e-06,291.0,321.0,31
standard,BCwave_b15n1,1.5,1,0,baroclinic_conversion_proxy,300.0,-4.68366718656222e-06,291.0,321.0,31
standard,BCwave_b15n1,1.5,1,0,baroclinic_conversion_proxy,400.0,7.932727033133439e-06,291.0,321.0,31
standard,BCwave_b15n1,1.5,1,0,baroclinic_conversion_proxy,500.0,3.6431309302814396e-05,291.0,321.0,31
standard,BCwave_b15n1,1.5,1,0,baroclinic_conversion_proxy,600.0,6.682417463913049e-05,291.0,321.0,31
standard,BCwave_b15n1,1.5,1,0,baroclinic_conversion_proxy,700.0,0.0001034089908634703,291.0,321.0,31
standard,BCwave_b15n1,1.5,1,0,baroclinic_conversion_proxy,850.0,0.0001993223282155551,291.0,321.0,31
standard,BCwave_b15n1,1.5,1,0,baroclinic_conversion_proxy,925.0,0.00022698675128330866,291.0,321.0,31
standard,BCwave_b15n1,1.5,1,0,baroclinic_conversion_proxy,975.0,0.00022241884078304735,291.0,321.0,31
standard,BCwave_b15n1,1.5,1,0,baroclinic_conversion_proxy,1000.0,0.00021627681628395352,291.0,321.0,31
standard,BCwave_b15n1,1.5,1,0,ep_flux_vertical,10.0,-11.615814332039125,291.0,321.0,31
standard,BCwave_b15n1,1.5,1,0,ep_flux_vertical,50.0,-333.8439646074849,291.0,321.0,31
standard,BCwave_b15n1,1.5,1,0,ep_flux_vertical,100.0,10242.660833543347,291.0,321.0,31
standard,BCwave_b15n1,1.5,1,0,ep_flux_vertical,150.0,104131.01839717742,291.0,321.0,31
standard,BCwave_b15n1,1.5,1,0,ep_flux_vertical,200.0,32822.541897681454,291.0,321.0,31
standard,BCwave_b15n1,1.5,1,0,ep_flux_vertical,250.0,-183890.81703629033,291.0,321.0,31
standard,BCwave_b15n1,1.5,1,0,ep_flux_vertical,300.0,-515569.62298387097,291.0,321.0,31
standard,BCwave_b15n1,1.5,1,0,ep_flux_vertical,400.0,-1540949.314516129,291.0,321.0,31
standard,BCwave_b15n1,1.5,1,0,ep_flux_vertical,500.0,-3120992.5080645164,291.0,321.0,31
standard,BCwave_b15n1,1.5,1,0,ep_flux_vertical,600.0,-5048335.266129033,291.0,321.0,31
standard,BCwave_b15n1,1.5,1,0,ep_flux_vertical,700.0,-7590654.903225807,291.0,321.0,31
standard,BCwave_b15n1,1.5,1,0,ep_flux_vertical,850.0,-13292873.290322581,291.0,321.0,31
standard,BCwave_b15n1,1.5,1,0,ep_flux_vertical,925.0,-14865844.967741935,291.0,321.0,31
standard,BCwave_b15n1,1.5,1,0,ep_flux_vertical,975.0,-15623489.0,291.0,321.0,31
standard,BCwave_b15n1,1.5,1,0,ep_flux_vertical,1000.0,-16923131.225806452,291.0,321.0,31
standard,BCwave_b15n1s5,1.5,1,5,eddy_heat_flux_vT,10.0,0.00261032473645173,276.0,311.0,36
standard,BCwave_b15n1s5,1.5,1,5,eddy_heat_flux_vT,50.0,0.037440978249328,276.0,311.0,36
standard,BCwave_b15n1s5,1.5,1,5,eddy_heat_flux_vT,100.0,-0.20085980370640755,276.0,311.0,36
standard,BCwave_b15n1s5,1.5,1,5,eddy_heat_flux_vT,150.0,-0.5669081409772238,276.0,311.0,36
standard,BCwave_b15n1s5,1.5,1,5,eddy_heat_flux_vT,200.0,-0.14750125031504366,276.0,311.0,36
standard,BCwave_b15n1s5,1.5,1,5,eddy_heat_flux_vT,250.0,0.7125921406679683,276.0,311.0,36
standard,BCwave_b15n1s5,1.5,1,5,eddy_heat_flux_vT,300.0,1.95867923895518,276.0,311.0,36
standard,BCwave_b15n1s5,1.5,1,5,eddy_heat_flux_vT,400.0,4.959930340449016,276.0,311.0,36
standard,BCwave_b15n1s5,1.5,1,5,eddy_heat_flux_vT,500.0,7.597356544600593,276.0,311.0,36
standard,BCwave_b15n1s5,1.5,1,5,eddy_heat_flux_vT,600.0,9.457045104768541,276.0,311.0,36
standard,BCwave_b15n1s5,1.5,1,5,eddy_heat_flux_vT,700.0,12.848301198747423,276.0,311.0,36
standard,BCwave_b15n1s5,1.5,1,5,eddy_heat_flux_vT,850.0,22.37268935309516,276.0,311.0,36
standard,BCwave_b15n1s5,1.5,1,5,eddy_heat_flux_vT,925.0,24.92473252614339,276.0,311.0,36
standard,BCwave_b15n1s5,1.5,1,5,eddy_heat_flux_vT,975.0,25.212022675408257,276.0,311.0,36
standard,BCwave_b15n1s5,1.5,1,5,eddy_heat_flux_vT,1000.0,26.712177647484673,276.0,311.0,36
standard,BCwave_b15n1s5,1.5,1,5,baroclinic_conversion_proxy,10.0,-4.6747065901884016e-11,276.0,311.0,36
standard,BCwave_b15n1s5,1.5,1,5,baroclinic_conversion_proxy,50.0,-6.467785082817399e-08,276.0,311.0,36
standard,BCwave_b15n1s5,1.5,1,5,baroclinic_conversion_proxy,100.0,9.985237344128311e-07,276.0,311.0,36
standard,BCwave_b15n1s5,1.5,1,5,baroclinic_conversion_proxy,150.0,3.3622043247305555e-06,276.0,311.0,36
standard,BCwave_b15n1s5,1.5,1,5,baroclinic_conversion_proxy,200.0,7.001825047660127e-07,276.0,311.0,36
standard,BCwave_b15n1s5,1.5,1,5,baroclinic_conversion_proxy,250.0,-3.3448885024730166e-06,276.0,311.0,36
standard,BCwave_b15n1s5,1.5,1,5,baroclinic_conversion_proxy,300.0,-4.761029414465965e-06,276.0,311.0,36
standard,BCwave_b15n1s5,1.5,1,5,baroclinic_conversion_proxy,400.0,1.0691002242108678e-05,276.0,311.0,36
standard,BCwave_b15n1s5,1.5,1,5,baroclinic_conversion_proxy,500.0,4.478812206798466e-05,276.0,311.0,36
standard,BCwave_b15n1s5,1.5,1,5,baroclinic_conversion_proxy,600.0,7.806300325480859e-05,276.0,311.0,36
standard,BCwave_b15n1s5,1.5,1,5,baroclinic_conversion_proxy,700.0,0.00012425877199954508,276.0,311.0,36
standard,BCwave_b15n1s5,1.5,1,5,baroclinic_conversion_proxy,850.0,0.0002406317180430051,276.0,311.0,36
standard,BCwave_b15n1s5,1.5,1,5,baroclinic_conversion_proxy,925.0,0.00026678173526306637,276.0,311.0,36
standard,BCwave_b15n1s5,1.5,1,5,baroclinic_conversion_proxy,975.0,0.000265105087843646,276.0,311.0,36
standard,BCwave_b15n1s5,1.5,1,5,baroclinic_conversion_proxy,1000.0,0.00027465381693521823,276.0,311.0,36
standard,BCwave_b15n1s5,1.5,1,5,ep_flux_vertical,10.0,-26.458924452463787,276.0,311.0,36
standard,BCwave_b15n1s5,1.5,1,5,ep_flux_vertical,50.0,-502.6057315402561,276.0,311.0,36
standard,BCwave_b15n1s5,1.5,1,5,ep_flux_vertical,100.0,11962.050971137152,276.0,311.0,36
standard,BCwave_b15n1s5,1.5,1,5,ep_flux_vertical,150.0,91164.53190104167,276.0,311.0,36
standard,BCwave_b15n1s5,1.5,1,5,ep_flux_vertical,200.0,37294.853352864586,276.0,311.0,36
standard,BCwave_b15n1s5,1.5,1,5,ep_flux_vertical,250.0,-145833.81825086806,276.0,311.0,36
standard,BCwave_b15n1s5,1.5,1,5,ep_flux_vertical,300.0,-463231.23090277775,276.0,311.0,36
standard,BCwave_b15n1s5,1.5,1,5,ep_flux_vertical,400.0,-1519353.8368055555,276.0,311.0,36
standard,BCwave_b15n1s5,1.5,1,5,ep_flux_vertical,500.0,-3108081.590277778,276.0,311.0,36
standard,BCwave_b15n1s5,1.5,1,5,ep_flux_vertical,600.0,-5019680.541666667,276.0,311.0,36
standard,BCwave_b15n1s5,1.5,1,5,ep_flux_vertical,700.0,-7809793.833333333,276.0,311.0,36
standard,BCwave_b15n1s5,1.5,1,5,ep_flux_vertical,850.0,-13516519.333333334,276.0,311.0,36
standard,BCwave_b15n1s5,1.5,1,5,ep_flux_vertical,925.0,-14585165.916666666,276.0,311.0,36
standard,BCwave_b15n1s5,1.5,1,5,ep_flux_vertical,975.0,-15196990.861111112,276.0,311.0,36
standard,BCwave_b15n1s5,1.5,1,5,ep_flux_vertical,1000.0,-16965410.805555556,276.0,311.0,36
standard,BCwave_b15n1s10,1.5,1,10,eddy_heat_flux_vT,10.0,0.003062292183670452,272.0,330.0,59
standard,BCwave_b15n1s10,1.5,1,10,eddy_heat_flux_vT,50.0,0.03538269748500848,272.0,330.0,59
standard,BCwave_b15n1s10,1.5,1,10,eddy_heat_flux_vT,100.0,-0.3503094388771865,272.0,330.0,59
standard,BCwave_b15n1s10,1.5,1,10,eddy_heat_flux_vT,150.0,-0.8865123522483697,272.0,330.0,59
standard,BCwave_b15n1s10,1.5,1,10,eddy_heat_flux_vT,200.0,-0.27941319295915507,272.0,330.0,59
standard,BCwave_b15n1s10,1.5,1,10,eddy_heat_flux_vT,250.0,0.6700234256558499,272.0,330.0,59
standard,BCwave_b15n1s10,1.5,1,10,eddy_heat_flux_vT,300.0,1.7983714422937167,272.0,330.0,59
standard,BCwave_b15n1s10,1.5,1,10,eddy_heat_flux_vT,400.0,4.480493743540877,272.0,330.0,59
standard,BCwave_b15n1s10,1.5,1,10,eddy_heat_flux_vT,500.0,6.538287267846576,272.0,330.0,59
standard,BCwave_b15n1s10,1.5,1,10,eddy_heat_flux_vT,600.0,7.945135835873878,272.0,330.0,59
standard,BCwave_b15n1s10,1.5,1,10,eddy_heat_flux_vT,700.0,11.267053297010518,272.0,330.0,59
standard,BCwave_b15n1s10,1.5,1,10,eddy_heat_flux_vT,850.0,18.527067960318874,272.0,330.0,59
standard,BCwave_b15n1s10,1.5,1,10,eddy_heat_flux_vT,925.0,19.902935189715887,272.0,330.0,59
standard,BCwave_b15n1s10,1.5,1,10,eddy_heat_flux_vT,975.0,20.921179399651997,272.0,330.0,59
standard,BCwave_b15n1s10,1.5,1,10,eddy_heat_flux_vT,1000.0,22.561026847968666,272.0,330.0,59
standard,BCwave_b15n1s10,1.5,1,10,baroclinic_conversion_proxy,10.0,-2.8548475965526117e-11,272.0,330.0,59
standard,BCwave_b15n1s10,1.5,1,10,baroclinic_conversion_proxy,50.0,-5.6060094600361406e-08,272.0,330.0,59
standard,BCwave_b15n1s10,1.5,1,10,baroclinic_conversion_proxy,100.0,1.924853255347397e-06,272.0,330.0,59
standard,BCwave_b15n1s10,1.5,1,10,baroclinic_conversion_proxy,150.0,5.917921521744328e-06,272.0,330.0,59
standard,BCwave_b15n1s10,1.5,1,10,baroclinic_conversion_proxy,200.0,1.9303849793979712e-06,272.0,330.0,59
standard,BCwave_b15n1s10,1.5,1,10,baroclinic_conversion_proxy,250.0,-2.9919402893136652e-06,272.0,330.0,59
standard,BCwave_b15n1s10,1.5,1,10,baroclinic_conversion_proxy,300.0,-4.570684091126846e-06,272.0,330.0,59
standard,BCwave_b15n1s10,1.5,1,10,baroclinic_conversion_proxy,400.0,9.132092816151395e-06,272.0,330.0,59
standard,BCwave_b15n1s10,1.5,1,10,baroclinic_conversion_proxy,500.0,3.920018022299855e-05,272.0,330.0,59
standard,BCwave_b15n1s10,1.5,1,10,baroclinic_conversion_proxy,600.0,6.858122861111474e-05,272.0,330.0,59
standard,BCwave_b15n1s10,1.5,1,10,baroclinic_conversion_proxy,700.0,0.00011472428803059857,272.0,330.0,59
standard,BCwave_b15n1s10,1.5,1,10,baroclinic_conversion_proxy,850.0,0.00021087501264153584,272.0,330.0,59
standard,BCwave_b15n1s10,1.5,1,10,baroclinic_conversion_proxy,925.0,0.0002323572224961057,272.0,330.0,59
standard,BCwave_b15n1s10,1.5,1,10,baroclinic_conversion_proxy,975.0,0.00025107228725959184,272.0,330.0,59
standard,BCwave_b15n1s10,1.5,1,10,baroclinic_conversion_proxy,1000.0,0.0002676410404708773,272.0,330.0,59
standard,BCwave_b15n1s10,1.5,1,10,ep_flux_vertical,10.0,-31.578750739663334,272.0,330.0,59
standard,BCwave_b15n1s10,1.5,1,10,ep_flux_vertical,50.0,-461.5235688807601,272.0,330.0,59
standard,BCwave_b15n1s10,1.5,1,10,ep_flux_vertical,100.0,18901.40681276483,272.0,330.0,59
standard,BCwave_b15n1s10,1.5,1,10,ep_flux_vertical,150.0,121285.27595338984,272.0,330.0,59
standard,BCwave_b15n1s10,1.5,1,10,ep_flux_vertical,200.0,35269.90648172669,272.0,330.0,59
standard,BCwave_b15n1s10,1.5,1,10,ep_flux_vertical,250.0,-145828.49357786018,272.0,330.0,59
standard,BCwave_b15n1s10,1.5,1,10,ep_flux_vertical,300.0,-399563.0021186441,272.0,330.0,59
standard,BCwave_b15n1s10,1.5,1,10,ep_flux_vertical,400.0,-1221134.6673728814,272.0,330.0,59
standard,BCwave_b15n1s10,1.5,1,10,ep_flux_vertical,500.0,-2354412.283898305,272.0,330.0,59
standard,BCwave_b15n1s10,1.5,1,10,ep_flux_vertical,600.0,-3751336.5127118644,272.0,330.0,59
standard,BCwave_b15n1s10,1.5,1,10,ep_flux_vertical,700.0,-6099496.813559322,272.0,330.0,59
standard,BCwave_b15n1s10,1.5,1,10,ep_flux_vertical,850.0,-9719860.61016949,272.0,330.0,59
standard,BCwave_b15n1s10,1.5,1,10,ep_flux_vertical,925.0,-9847690.491525425,272.0,330.0,59
standard,BCwave_b15n1s10,1.5,1,10,ep_flux_vertical,975.0,-10327869.966101695,272.0,330.0,59
standard,BCwave_b15n1s10,1.5,1,10,ep_flux_vertical,1000.0,-11924272.254237289,272.0,330.0,59
standard,BCwave_b15n3s-10,1.5,3,-10,eddy_heat_flux_vT,10.0,0.00015816821542102844,319.0,344.0,26
standard,BCwave_b15n3s-10,1.5,3,-10,eddy_heat_flux_vT,50.0,0.0016005848189636779,319.0,344.0,26
standard,BCwave_b15n3s-10,1.5,3,-10,eddy_heat_flux_vT,100.0,0.02364792861044407,319.0,344.0,26
standard,BCwave_b15n3s-10,1.5,3,-10,eddy_heat_flux_vT,150.0,0.008188944936801609,319.0,344.0,26
standard,BCwave_b15n3s-10,1.5,3,-10,eddy_heat_flux_vT,200.0,0.10432084277272224,319.0,344.0,26
standard,BCwave_b15n3s-10,1.5,3,-10,eddy_heat_flux_vT,250.0,0.2295624459019074,319.0,344.0,26
standard,BCwave_b15n3s-10,1.5,3,-10,eddy_heat_flux_vT,300.0,0.37401569004242236,319.0,344.0,26
standard,BCwave_b15n3s-10,1.5,3,-10,eddy_heat_flux_vT,400.0,0.7479673394790063,319.0,344.0,26
standard,BCwave_b15n3s-10,1.5,3,-10,eddy_heat_flux_vT,500.0,1.213497783129032,319.0,344.0,26
standard,BCwave_b15n3s-10,1.5,3,-10,eddy_heat_flux_vT,600.0,1.7890113958945641,319.0,344.0,26
standard,BCwave_b15n3s-10,1.5,3,-10,eddy_heat_flux_vT,700.0,2.30679366680292,319.0,344.0,26
standard,BCwave_b15n3s-10,1.5,3,-10,eddy_heat_flux_vT,850.0,3.577450779768137,319.0,344.0,26
standard,BCwave_b15n3s-10,1.5,3,-10,eddy_heat_flux_vT,925.0,4.659108418684739,319.0,344.0,26
standard,BCwave_b15n3s-10,1.5,3,-10,eddy_heat_flux_vT,975.0,5.165989270577064,319.0,344.0,26
standard,BCwave_b15n3s-10,1.5,3,-10,eddy_heat_flux_vT,1000.0,5.3180502744821405,319.0,344.0,26
standard,BCwave_b15n3s-10,1.5,3,-10,baroclinic_conversion_proxy,10.0,7.840998723287575e-13,319.0,344.0,26
standard,BCwave_b15n3s-10,1.5,3,-10,baroclinic_conversion_proxy,50.0,-1.7714139599611656e-09,319.0,344.0,26
standard,BCwave_b15n3s-10,1.5,3,-10,baroclinic_conversion_proxy,100.0,-7.78791502398235e-08,319.0,344.0,26
standard,BCwave_b15n3s-10,1.5,3,-10,baroclinic_conversion_proxy,150.0,-3.6397157288092785e-08,319.0,344.0,26
standard,BCwave_b15n3s-10,1.5,3,-10,baroclinic_conversion_proxy,200.0,-4.157908648494413e-07,319.0,344.0,26
standard,BCwave_b15n3s-10,1.5,3,-10,baroclinic_conversion_proxy,250.0,-6.776248343297854e-07,319.0,344.0,26
standard,BCwave_b15n3s-10,1.5,3,-10,baroclinic_conversion_proxy,300.0,-5.610484576069351e-07,319.0,344.0,26
standard,BCwave_b15n3s-10,1.5,3,-10,baroclinic_conversion_proxy,400.0,1.273347261478473e-06,319.0,344.0,26
standard,BCwave_b15n3s-10,1.5,3,-10,baroclinic_conversion_proxy,500.0,5.304974575455372e-06,319.0,344.0,26
standard,BCwave_b15n3s-10,1.5,3,-10,baroclinic_conversion_proxy,600.0,1.0978236997079175e-05,319.0,344.0,26
standard,BCwave_b15n3s-10,1.5,3,-10,baroclinic_conversion_proxy,700.0,1.6236360177292507e-05,319.0,344.0,26
standard,BCwave_b15n3s-10,1.5,3,-10,baroclinic_conversion_proxy,850.0,2.638072874106001e-05,319.0,344.0,26
standard,BCwave_b15n3s-10,1.5,3,-10,baroclinic_conversion_proxy,925.0,3.3415587705139143e-05,319.0,344.0,26
standard,BCwave_b15n3s-10,1.5,3,-10,baroclinic_conversion_proxy,975.0,3.515720457541577e-05,319.0,344.0,26
standard,BCwave_b15n3s-10,1.5,3,-10,baroclinic_conversion_proxy,1000.0,3.484911492425734e-05,319.0,344.0,26
standard,BCwave_b15n3s-10,1.5,3,-10,ep_flux_vertical,10.0,-1.6514812203554006,319.0,344.0,26
standard,BCwave_b15n3s-10,1.5,3,-10,ep_flux_vertical,50.0,-22.7184267777663,319.0,344.0,26
standard,BCwave_b15n3s-10,1.5,3,-10,ep_flux_vertical,100.0,-1337.4646324744592,319.0,344.0,26
standard,BCwave_b15n3s-10,1.5,3,-10,ep_flux_vertical,150.0,-932.2227196326622,319.0,344.0,26
standard,BCwave_b15n3s-10,1.5,3,-10,ep_flux_vertical,200.0,-27003.93269230769,319.0,344.0,26
standard,BCwave_b15n3s-10,1.5,3,-10,ep_flux_vertical,250.0,-69885.82887620192,319.0,344.0,26
standard,BCwave_b15n3s-10,1.5,3,-10,ep_flux_vertical,300.0,-128948.96935096153,319.0,344.0,26
standard,BCwave_b15n3s-10,1.5,3,-10,ep_flux_vertical,400.0,-319509.24579326925,319.0,344.0,26
standard,BCwave_b15n3s-10,1.5,3,-10,ep_flux_vertical,500.0,-630417.7644230769,319.0,344.0,26
standard,BCwave_b15n3s-10,1.5,3,-10,ep_flux_vertical,600.0,-1106792.6947115385,319.0,344.0,26
standard,BCwave_b15n3s-10,1.5,3,-10,ep_flux_vertical,700.0,-1662911.5576923077,319.0,344.0,26
standard,BCwave_b15n3s-10,1.5,3,-10,ep_flux_vertical,850.0,-2986966.298076923,319.0,344.0,26
standard,BCwave_b15n3s-10,1.5,3,-10,ep_flux_vertical,925.0,-3973247.6826923075,319.0,344.0,26
standard,BCwave_b15n3s-10,1.5,3,-10,ep_flux_vertical,975.0,-4462975.153846154,319.0,344.0,26
standard,BCwave_b15n3s-10,1.5,3,-10,ep_flux_vertical,1000.0,-4632081.125,319.0,344.0,26
standard,BCwave_b15n3s-5,1.5,3,-5,eddy_heat_flux_vT,10.0,0.00026097171683110953,307.0,340.0,34
standard,BCwave_b15n3s-5,1.5,3,-5,eddy_heat_flux_vT,50.0,0.005386496051762472,307.0,340.0,34
standard,BCwave_b15n3s-5,1.5,3,-5,eddy_heat_flux_vT,100.0,0.011262622401666115,307.0,340.0,34
standard,BCwave_b15n3s-5,1.5,3,-5,eddy_heat_flux_vT,150.0,-0.09857018467258005,307.0,340.0,34
standard,BCwave_b15n3s-5,1.5,3,-5,eddy_heat_flux_vT,200.0,0.11680105438127238,307.0,340.0,34
standard,BCwave_b15n3s-5,1.5,3,-5,eddy_heat_flux_vT,250.0,0.40202542876496034,307.0,340.0,34
standard,BCwave_b15n3s-5,1.5,3,-5,eddy_heat_flux_vT,300.0,0.7293087542057037,307.0,340.0,34
standard,BCwave_b15n3s-5,1.5,3,-5,eddy_heat_flux_vT,400.0,1.5070006181212032,307.0,340.0,34
standard,BCwave_b15n3s-5,1.5,3,-5,eddy_heat_flux_vT,500.0,2.314296438413508,307.0,340.0,34
standard,BCwave_b15n3s-5,1.5,3,-5,eddy_heat_flux_vT,600.0,3.1076871577431175,307.0,340.0,34
standard,BCwave_b15n3s-5,1.5,3,-5,eddy_heat_flux_vT,700.0,3.841336018898908,307.0,340.0,34
standard,BCwave_b15n3s-5,1.5,3,-5,eddy_heat_flux_vT,850.0,6.069612671347225,307.0,340.0,34
standard,BCwave_b15n3s-5,1.5,3,-5,eddy_heat_flux_vT,925.0,7.618037434185252,307.0,340.0,34
standard,BCwave_b15n3s-5,1.5,3,-5,eddy_heat_flux_vT,975.0,8.38891344911912,307.0,340.0,34
standard,BCwave_b15n3s-5,1.5,3,-5,eddy_heat_flux_vT,1000.0,8.488522108863382,307.0,340.0,34
standard,BCwave_b15n3s-5,1.5,3,-5,baroclinic_conversion_proxy,10.0,2.818949711372881e-12,307.0,340.0,34
standard,BCwave_b15n3s-5,1.5,3,-5,baroclinic_conversion_proxy,50.0,-6.589253404347814e-09,307.0,340.0,34
standard,BCwave_b15n3s-5,1.5,3,-5,baroclinic_conversion_proxy,100.0,-3.629897318672072e-08,307.0,340.0,34
standard,BCwave_b15n3s-5,1.5,3,-5,baroclinic_conversion_proxy,150.0,4.3868595950618114e-07,307.0,340.0,34
standard,BCwave_b15n3s-5,1.5,3,-5,baroclinic_conversion_proxy,200.0,-5.365071812695319e-07,307.0,340.0,34
standard,BCwave_b15n3s-5,1.5,3,-5,baroclinic_conversion_proxy,250.0,-1.3189956943653455e-06,307.0,340.0,34
standard,BCwave_b15n3s-5,1.5,3,-5,baroclinic_conversion_proxy,300.0,-1.220880547822055e-06,307.0,340.0,34
standard,BCwave_b15n3s-5,1.5,3,-5,baroclinic_conversion_proxy,400.0,2.647605429849457e-06,307.0,340.0,34
standard,BCwave_b15n3s-5,1.5,3,-5,baroclinic_conversion_proxy,500.0,1.0609705708809676e-05,307.0,340.0,34
standard,BCwave_b15n3s-5,1.5,3,-5,baroclinic_conversion_proxy,600.0,2.0148405811222107e-05,307.0,340.0,34
standard,BCwave_b15n3s-5,1.5,3,-5,baroclinic_conversion_proxy,700.0,2.8577301129510434e-05,307.0,340.0,34
standard,BCwave_b15n3s-5,1.5,3,-5,baroclinic_conversion_proxy,850.0,4.7883714133229875e-05,307.0,340.0,34
standard,BCwave_b15n3s-5,1.5,3,-5,baroclinic_conversion_proxy,925.0,5.789418655160047e-05,307.0,340.0,34
standard,BCwave_b15n3s-5,1.5,3,-5,baroclinic_conversion_proxy,975.0,6.064533002191798e-05,307.0,340.0,34
standard,BCwave_b15n3s-5,1.5,3,-5,baroclinic_conversion_proxy,1000.0,5.8673361041548883e-05,307.0,340.0,34
standard,BCwave_b15n3s-5,1.5,3,-5,ep_flux_vertical,10.0,-2.7675111048361836,307.0,340.0,34
standard,BCwave_b15n3s-5,1.5,3,-5,ep_flux_vertical,50.0,-76.97012811548569,307.0,340.0,34
standard,BCwave_b15n3s-5,1.5,3,-5,ep_flux_vertical,100.0,-624.7491715375115,307.0,340.0,34
standard,BCwave_b15n3s-5,1.5,3,-5,ep_flux_vertical,150.0,16964.512896369484,307.0,340.0,34
standard,BCwave_b15n3s-5,1.5,3,-5,ep_flux_vertical,200.0,-30383.037798713234,307.0,340.0,34
standard,BCwave_b15n3s-5,1.5,3,-5,ep_flux_vertical,250.0,-116659.9453125,307.0,340.0,34
standard,BCwave_b15n3s-5,1.5,3,-5,ep_flux_vertical,300.0,-235580.9747242647,307.0,340.0,34
standard,BCwave_b15n3s-5,1.5,3,-5,ep_flux_vertical,400.0,-603371.1360294118,307.0,340.0,34
standard,BCwave_b15n3s-5,1.5,3,-5,ep_flux_vertical,500.0,-1151628.7904411764,307.0,340.0,34
standard,BCwave_b15n3s-5,1.5,3,-5,ep_flux_vertical,600.0,-1895428.5661764706,307.0,340.0,34
standard,BCwave_b15n3s-5,1.5,3,-5,ep_flux_vertical,700.0,-2749750.463235294,307.0,340.0,34
standard,BCwave_b15n3s-5,1.5,3,-5,ep_flux_vertical,850.0,-4922298.764705882,307.0,340.0,34
standard,BCwave_b15n3s-5,1.5,3,-5,ep_flux_vertical,925.0,-6309386.676470588,307.0,340.0,34
standard,BCwave_b15n3s-5,1.5,3,-5,ep_flux_vertical,975.0,-7229756.69117647,307.0,340.0,34
standard,BCwave_b15n3s-5,1.5,3,-5,ep_flux_vertical,1000.0,-7640992.80882353,307.0,340.0,34
standard,BCwave_b15n3,1.5,3,0,eddy_heat_flux_vT,10.0,0.00032686306535891304,303.0,340.0,38
standard,BCwave_b15n3,1.5,3,0,eddy_heat_flux_vT,50.0,0.010417512814073186,303.0,340.0,38
standard,BCwave_b15n3,1.5,3,0,eddy_heat_flux_vT,100.0,-0.028060052886997398,303.0,340.0,38
standard,BCwave_b15n3,1.5,3,0,eddy_heat_flux_vT,150.0,-0.3147986178335391,303.0,340.0,38
standard,BCwave_b15n3,1.5,3,0,eddy_heat_flux_vT,200.0,0.05641059185329236,303.0,340.0,38
standard,BCwave_b15n3,1.5,3,0,eddy_heat_flux_vT,250.0,0.5941872761437768,303.0,340.0,38
standard,BCwave_b15n3,1.5,3,0,eddy_heat_flux_vT,300.0,1.2033547461032867,303.0,340.0,38
standard,BCwave_b15n3,1.5,3,0,eddy_heat_flux_vT,400.0,2.460775381640384,303.0,340.0,38
standard,BCwave_b15n3,1.5,3,0,eddy_heat_flux_vT,500.0,3.6377931143108166,303.0,340.0,38
standard,BCwave_b15n3,1.5,3,0,eddy_heat_flux_vT,600.0,4.765097379684448,303.0,340.0,38
standard,BCwave_b15n3,1.5,3,0,eddy_heat_flux_vT,700.0,6.123032469498484,303.0,340.0,38
standard,BCwave_b15n3,1.5,3,0,eddy_heat_flux_vT,850.0,10.37061209427683,303.0,340.0,38
standard,BCwave_b15n3,1.5,3,0,eddy_heat_flux_vT,925.0,12.538171567414937,303.0,340.0,38
standard,BCwave_b15n3,1.5,3,0,eddy_heat_flux_vT,975.0,13.364868540512887,303.0,340.0,38
standard,BCwave_b15n3,1.5,3,0,eddy_heat_flux_vT,1000.0,13.289452904149107,303.0,340.0,38
standard,BCwave_b15n3,1.5,3,0,baroclinic_conversion_proxy,10.0,-7.837446405964896e-13,303.0,340.0,38
standard,BCwave_b15n3,1.5,3,0,baroclinic_conversion_proxy,50.0,-1.3739199368843988e-08,303.0,340.0,38
standard,BCwave_b15n3,1.5,3,0,baroclinic_conversion_proxy,100.0,1.3371777883794253e-07,303.0,340.0,38
standard,BCwave_b15n3,1.5,3,0,baroclinic_conversion_proxy,150.0,1.5354558842629654e-06,303.0,340.0,38
standard,BCwave_b15n3,1.5,3,0,baroclinic_conversion_proxy,200.0,-3.0971689979926513e-07,303.0,340.0,38
standard,BCwave_b15n3,1.5,3,0,baroclinic_conversion_proxy,250.0,-2.1327265268442524e-06,303.0,340.0,38
standard,BCwave_b15n3,1.5,3,0,baroclinic_conversion_proxy,300.0,-2.3043273783610187e-06,303.0,340.0,38
standard,BCwave_b15n3,1.5,3,0,baroclinic_conversion_proxy,400.0,4.183248728096307e-06,303.0,340.0,38
standard,BCwave_b15n3,1.5,3,0,baroclinic_conversion_proxy,500.0,1.7180680419857564e-05,303.0,340.0,38
standard,BCwave_b15n3,1.5,3,0,baroclinic_conversion_proxy,600.0,3.197706887716011e-05,303.0,340.0,38
standard,BCwave_b15n3,1.5,3,0,baroclinic_conversion_proxy,700.0,4.7273543666386486e-05,303.0,340.0,38
standard,BCwave_b15n3,1.5,3,0,baroclinic_conversion_proxy,850.0,8.554487564987012e-05,303.0,340.0,38
standard,BCwave_b15n3,1.5,3,0,baroclinic_conversion_proxy,925.0,9.924367757201636e-05,303.0,340.0,38
standard,BCwave_b15n3,1.5,3,0,baroclinic_conversion_proxy,975.0,0.00010209212977267606,303.0,340.0,38
standard,BCwave_b15n3,1.5,3,0,baroclinic_conversion_proxy,1000.0,9.834937009145506e-05,303.0,340.0,38
standard,BCwave_b15n3,1.5,3,0,ep_flux_vertical,10.0,-3.4297528580615393,303.0,340.0,38
standard,BCwave_b15n3,1.5,3,0,ep_flux_vertical,50.0,-145.72152308413857,303.0,340.0,38
standard,BCwave_b15n3,1.5,3,0,ep_flux_vertical,100.0,1779.4129702919408,303.0,340.0,38
standard,BCwave_b15n3,1.5,3,0,ep_flux_vertical,150.0,52985.78474506579,303.0,340.0,38
standard,BCwave_b15n3,1.5,3,0,ep_flux_vertical,200.0,-12425.652253803453,303.0,340.0,38
standard,BCwave_b15n3,1.5,3,0,ep_flux_vertical,250.0,-155185.93421052632,303.0,340.0,38
standard,BCwave_b15n3,1.5,3,0,ep_flux_vertical,300.0,-351480.55263157893,303.0,340.0,38
standard,BCwave_b15n3,1.5,3,0,ep_flux_vertical,400.0,-910200.5263157894,303.0,340.0,38
standard,BCwave_b15n3,1.5,3,0,ep_flux_vertical,500.0,-1717064.8848684211,303.0,340.0,38
standard,BCwave_b15n3,1.5,3,0,ep_flux_vertical,600.0,-2790296.677631579,303.0,340.0,38
standard,BCwave_b15n3,1.5,3,0,ep_flux_vertical,700.0,-4190071.6907894737,303.0,340.0,38
standard,BCwave_b15n3,1.5,3,0,ep_flux_vertical,850.0,-7789413.802631579,303.0,340.0,38
standard,BCwave_b15n3,1.5,3,0,ep_flux_vertical,925.0,-9604444.131578946,303.0,340.0,38
standard,BCwave_b15n3,1.5,3,0,ep_flux_vertical,975.0,-10976124.47368421,303.0,340.0,38
standard,BCwave_b15n3,1.5,3,0,ep_flux_vertical,1000.0,-11749154.236842105,303.0,340.0,38
standard,BCwave_b15n3s5,1.5,3,5,eddy_heat_flux_vT,10.0,0.00031959089569032326,291.0,325.0,35
standard,BCwave_b15n3s5,1.5,3,5,eddy_heat_flux_vT,50.0,0.01200826077588967,291.0,325.0,35
standard,BCwave_b15n3s5,1.5,3,5,eddy_heat_flux_vT,100.0,-0.11097584984132222,291.0,325.0,35
standard,BCwave_b15n3s5,1.5,3,5,eddy_heat_flux_vT,150.0,-0.5312401252133506,291.0,325.0,35
standard,BCwave_b15n3s5,1.5,3,5,eddy_heat_flux_vT,200.0,-0.07455993465014867,291.0,325.0,35
standard,BCwave_b15n3s5,1.5,3,5,eddy_heat_flux_vT,250.0,0.7203163410936083,291.0,325.0,35
standard,BCwave_b15n3s5,1.5,3,5,eddy_heat_flux_vT,300.0,1.6424697399139405,291.0,325.0,35
standard,BCwave_b15n3s5,1.5,3,5,eddy_heat_flux_vT,400.0,3.456360217503139,291.0,325.0,35
standard,BCwave_b15n3s5,1.5,3,5,eddy_heat_flux_vT,500.0,5.063785811832973,291.0,325.0,35
standard,BCwave_b15n3s5,1.5,3,5,eddy_heat_flux_vT,600.0,6.479909610748291,291.0,325.0,35
standard,BCwave_b15n3s5,1.5,3,5,eddy_heat_flux_vT,700.0,8.437150165012904,291.0,325.0,35
standard,BCwave_b15n3s5,1.5,3,5,eddy_heat_flux_vT,850.0,14.204814338684082,291.0,325.0,35
standard,BCwave_b15n3s5,1.5,3,5,eddy_heat_flux_vT,925.0,16.152622985839844,291.0,325.0,35
standard,BCwave_b15n3s5,1.5,3,5,eddy_heat_flux_vT,975.0,16.914903041294643,291.0,325.0,35
standard,BCwave_b15n3s5,1.5,3,5,eddy_heat_flux_vT,1000.0,16.942293657575334,291.0,325.0,35
standard,BCwave_b15n3s5,1.5,3,5,baroclinic_conversion_proxy,10.0,-1.94688544562368e-12,291.0,325.0,35
standard,BCwave_b15n3s5,1.5,3,5,baroclinic_conversion_proxy,50.0,-1.6574937689028957e-08,291.0,325.0,35
standard,BCwave_b15n3s5,1.5,3,5,baroclinic_conversion_proxy,100.0,4.973065179975882e-07,291.0,325.0,35
standard,BCwave_b15n3s5,1.5,3,5,baroclinic_conversion_proxy,150.0,2.76594653639352e-06,291.0,325.0,35
standard,BCwave_b15n3s5,1.5,3,5,baroclinic_conversion_proxy,200.0,2.585978145778053e-07,291.0,325.0,35
standard,BCwave_b15n3s5,1.5,3,5,baroclinic_conversion_proxy,250.0,-2.9120717694500595e-06,291.0,325.0,35
standard,BCwave_b15n3s5,1.5,3,5,baroclinic_conversion_proxy,300.0,-3.57467451327206e-06,291.0,325.0,35
standard,BCwave_b15n3s5,1.5,3,5,baroclinic_conversion_proxy,400.0,6.008583945263776e-06,291.0,325.0,35
standard,BCwave_b15n3s5,1.5,3,5,baroclinic_conversion_proxy,500.0,2.514463516750506e-05,291.0,325.0,35
standard,BCwave_b15n3s5,1.5,3,5,baroclinic_conversion_proxy,600.0,4.554949648861241e-05,291.0,325.0,35
standard,BCwave_b15n3s5,1.5,3,5,baroclinic_conversion_proxy,700.0,6.847980496656548e-05,291.0,325.0,35
standard,BCwave_b15n3s5,1.5,3,5,baroclinic_conversion_proxy,850.0,0.00012351557317223134,291.0,325.0,35
standard,BCwave_b15n3s5,1.5,3,5,baroclinic_conversion_proxy,925.0,0.00013556848363285618,291.0,325.0,35
standard,BCwave_b15n3s5,1.5,3,5,baroclinic_conversion_proxy,975.0,0.0001378528491061713,291.0,325.0,35
standard,BCwave_b15n3s5,1.5,3,5,baroclinic_conversion_proxy,1000.0,0.00013498528091336734,291.0,325.0,35
standard,BCwave_b15n3s5,1.5,3,5,ep_flux_vertical,10.0,-3.303054094314575,291.0,325.0,35
standard,BCwave_b15n3s5,1.5,3,5,ep_flux_vertical,50.0,-160.51292114257814,291.0,325.0,35
standard,BCwave_b15n3s5,1.5,3,5,ep_flux_vertical,100.0,6716.304115513393,291.0,325.0,35
standard,BCwave_b15n3s5,1.5,3,5,ep_flux_vertical,150.0,86960.95044642857,291.0,325.0,35
standard,BCwave_b15n3s5,1.5,3,5,ep_flux_vertical,200.0,23336.41459263393,291.0,325.0,35
standard,BCwave_b15n3s5,1.5,3,5,ep_flux_vertical,250.0,-164955.8080357143,291.0,325.0,35
standard,BCwave_b15n3s5,1.5,3,5,ep_flux_vertical,300.0,-428838.2883928571,291.0,325.0,35
standard,BCwave_b15n3s5,1.5,3,5,ep_flux_vertical,400.0,-1158879.4267857142,291.0,325.0,35
standard,BCwave_b15n3s5,1.5,3,5,ep_flux_vertical,500.0,-2199968.35,291.0,325.0,35
standard,BCwave_b15n3s5,1.5,3,5,ep_flux_vertical,600.0,-3534597.3714285716,291.0,325.0,35
standard,BCwave_b15n3s5,1.5,3,5,ep_flux_vertical,700.0,-5384016.714285715,291.0,325.0,35
standard,BCwave_b15n3s5,1.5,3,5,ep_flux_vertical,850.0,-9838263.857142856,291.0,325.0,35
standard,BCwave_b15n3s5,1.5,3,5,ep_flux_vertical,925.0,-11518627.314285714,291.0,325.0,35
standard,BCwave_b15n3s5,1.5,3,5,ep_flux_vertical,975.0,-13189069.971428571,291.0,325.0,35
standard,BCwave_b15n3s5,1.5,3,5,ep_flux_vertical,1000.0,-14612424.628571428,291.0,325.0,35
standard,BCwave_b15n3s10,1.5,3,10,eddy_heat_flux_vT,10.0,0.0007172235434743069,270.0,303.0,34
standard,BCwave_b15n3s10,1.5,3,10,eddy_heat_flux_vT,50.0,0.01456355829449261,270.0,303.0,34
standard,BCwave_b15n3s10,1.5,3,10,eddy_heat_flux_vT,100.0,-0.15072425432941494,270.0,303.0,34
standard,BCwave_b15n3s10,1.5,3,10,eddy_heat_flux_vT,150.0,-0.5405669711968478,270.0,303.0,34
standard,BCwave_b15n3s10,1.5,3,10,eddy_heat_flux_vT,200.0,-0.18595687913544037,270.0,303.0,34
standard,BCwave_b15n3s10,1.5,3,10,eddy_heat_flux_vT,250.0,0.5136465368901982,270.0,303.0,34
standard,BCwave_b15n3s10,1.5,3,10,eddy_heat_flux_vT,300.0,1.4213915642570047,270.0,303.0,34
standard,BCwave_b15n3s10,1.5,3,10,eddy_heat_flux_vT,400.0,3.4836550319896027,270.0,303.0,34
standard,BCwave_b15n3s10,1.5,3,10,eddy_heat_flux_vT,500.0,5.358162171700421,270.0,303.0,34
standard,BCwave_b15n3s10,1.5,3,10,eddy_heat_flux_vT,600.0,6.908360495286829,270.0,303.0,34
standard,BCwave_b15n3s10,1.5,3,10,eddy_heat_flux_vT,700.0,9.202409575967227,270.0,303.0,34
standard,BCwave_b15n3s10,1.5,3,10,eddy_heat_flux_vT,850.0,15.197188040789436,270.0,303.0,34
standard,BCwave_b15n3s10,1.5,3,10,eddy_heat_flux_vT,925.0,17.075350901659796,270.0,303.0,34
standard,BCwave_b15n3s10,1.5,3,10,eddy_heat_flux_vT,975.0,18.372249294729794,270.0,303.0,34
standard,BCwave_b15n3s10,1.5,3,10,eddy_heat_flux_vT,1000.0,18.58771332572488,270.0,303.0,34
standard,BCwave_b15n3s10,1.5,3,10,baroclinic_conversion_proxy,10.0,-9.918319928395992e-12,270.0,303.0,34
standard,BCwave_b15n3s10,1.5,3,10,baroclinic_conversion_proxy,50.0,-2.2180447857485487e-08,270.0,303.0,34
standard,BCwave_b15n3s10,1.5,3,10,baroclinic_conversion_proxy,100.0,6.98987415817368e-07,270.0,303.0,34
standard,BCwave_b15n3s10,1.5,3,10,baroclinic_conversion_proxy,150.0,3.015170899048184e-06,270.0,303.0,34
standard,BCwave_b15n3s10,1.5,3,10,baroclinic_conversion_proxy,200.0,8.400548197454662e-07,270.0,303.0,34
standard,BCwave_b15n3s10,1.5,3,10,baroclinic_conversion_proxy,250.0,-2.3911981556653595e-06,270.0,303.0,34
standard,BCwave_b15n3s10,1.5,3,10,baroclinic_conversion_proxy,300.0,-3.48366945873375e-06,270.0,303.0,34
standard,BCwave_b15n3s10,1.5,3,10,baroclinic_conversion_proxy,400.0,6.597032217862707e-06,270.0,303.0,34
standard,BCwave_b15n3s10,1.5,3,10,baroclinic_conversion_proxy,500.0,2.9128988524676327e-05,270.0,303.0,34
standard,BCwave_b15n3s10,1.5,3,10,baroclinic_conversion_proxy,600.0,5.25647747588878e-05,270.0,303.0,34
standard,BCwave_b15n3s10,1.5,3,10,baroclinic_conversion_proxy,700.0,8.074738520115395e-05,270.0,303.0,34
standard,BCwave_b15n3s10,1.5,3,10,baroclinic_conversion_proxy,850.0,0.00014346332211382962,270.0,303.0,34
standard,BCwave_b15n3s10,1.5,3,10,baroclinic_conversion_proxy,925.0,0.00015611018513000626,270.0,303.0,34
standard,BCwave_b15n3s10,1.5,3,10,baroclinic_conversion_proxy,975.0,0.00016394989121609423,270.0,303.0,34
standard,BCwave_b15n3s10,1.5,3,10,baroclinic_conversion_proxy,1000.0,0.00016155426975969663,270.0,303.0,34
standard,BCwave_b15n3s10,1.5,3,10,ep_flux_vertical,10.0,-6.94634985222536,270.0,303.0,34
standard,BCwave_b15n3s10,1.5,3,10,ep_flux_vertical,50.0,-177.57312640021829,270.0,303.0,34
standard,BCwave_b15n3s10,1.5,3,10,ep_flux_vertical,100.0,8727.783964269302,270.0,303.0,34
standard,BCwave_b15n3s10,1.5,3,10,ep_flux_vertical,150.0,85111.69852941176,270.0,303.0,34
standard,BCwave_b15n3s10,1.5,3,10,ep_flux_vertical,200.0,49148.430147058825,270.0,303.0,34
standard,BCwave_b15n3s10,1.5,3,10,ep_flux_vertical,250.0,-94985.05124080883,270.0,303.0,34
standard,BCwave_b15n3s10,1.5,3,10,ep_flux_vertical,300.0,-319948.30790441175,270.0,303.0,34
standard,BCwave_b15n3s10,1.5,3,10,ep_flux_vertical,400.0,-1024687.2297794118,270.0,303.0,34
standard,BCwave_b15n3s10,1.5,3,10,ep_flux_vertical,500.0,-2062245.6029411764,270.0,303.0,34
standard,BCwave_b15n3s10,1.5,3,10,ep_flux_vertical,600.0,-3379423.492647059,270.0,303.0,34
standard,BCwave_b15n3s10,1.5,3,10,ep_flux_vertical,700.0,-5306770.669117647,270.0,303.0,34
standard,BCwave_b15n3s10,1.5,3,10,ep_flux_vertical,850.0,-9740432.897058824,270.0,303.0,34
standard,BCwave_b15n3s10,1.5,3,10,ep_flux_vertical,925.0,-11540253.911764706,270.0,303.0,34
standard,BCwave_b15n3s10,1.5,3,10,ep_flux_vertical,975.0,-13721452.0,270.0,303.0,34
standard,BCwave_b15n3s10,1.5,3,10,ep_flux_vertical,1000.0,-15475823.823529411,270.0,303.0,34
standard,BCwave_b15n6s-10,1.5,6,-10,eddy_heat_flux_vT,10.0,0.0001039570476859808,322.0,346.0,25
standard,BCwave_b15n6s-10,1.5,6,-10,eddy_heat_flux_vT,50.0,0.000594181913184002,322.0,346.0,25
standard,BCwave_b15n6s-10,1.5,6,-10,eddy_heat_flux_vT,100.0,0.018613121546804903,322.0,346.0,25
standard,BCwave_b15n6s-10,1.5,6,-10,eddy_heat_flux_vT,150.0,0.022333685681223868,322.0,346.0,25
standard,BCwave_b15n6s-10,1.5,6,-10,eddy_heat_flux_vT,200.0,0.06785018816590309,322.0,346.0,25
standard,BCwave_b15n6s-10,1.5,6,-10,eddy_heat_flux_vT,250.0,0.12560556918382645,322.0,346.0,25
standard,BCwave_b15n6s-10,1.5,6,-10,eddy_heat_flux_vT,300.0,0.1923612177371979,322.0,346.0,25
standard,BCwave_b15n6s-10,1.5,6,-10,eddy_heat_flux_vT,400.0,0.36601813435554503,322.0,346.0,25
standard,BCwave_b15n6s-10,1.5,6,-10,eddy_heat_flux_vT,500.0,0.601025996208191,322.0,346.0,25
standard,BCwave_b15n6s-10,1.5,6,-10,eddy_heat_flux_vT,600.0,0.9033501172065734,322.0,346.0,25
standard,BCwave_b15n6s-10,1.5,6,-10,eddy_heat_flux_vT,700.0,1.232040090560913,322.0,346.0,25
standard,BCwave_b15n6s-10,1.5,6,-10,eddy_heat_flux_vT,850.0,1.9074630784988402,322.0,346.0,25
standard,BCwave_b15n6s-10,1.5,6,-10,eddy_heat_flux_vT,925.0,2.544086284637451,322.0,346.0,25
standard,BCwave_b15n6s-10,1.5,6,-10,eddy_heat_flux_vT,975.0,2.793128938674927,322.0,346.0,25
standard,BCwave_b15n6s-10,1.5,6,-10,eddy_heat_flux_vT,1000.0,2.8601319217681884,322.0,346.0,25
standard,BCwave_b15n6s-10,1.5,6,-10,baroclinic_conversion_proxy,10.0,3.148228831356117e-13,322.0,346.0,25
standard,BCwave_b15n6s-10,1.5,6,-10,baroclinic_conversion_proxy,50.0,-5.321032059413255e-10,322.0,346.0,25
standard,BCwave_b15n6s-10,1.5,6,-10,baroclinic_conversion_proxy,100.0,-5.861752669034104e-08,322.0,346.0,25
standard,BCwave_b15n6s-10,1.5,6,-10,baroclinic_conversion_proxy,150.0,-9.287358523124566e-08,322.0,346.0,25
standard,BCwave_b15n6s-10,1.5,6,-10,baroclinic_conversion_proxy,200.0,-2.54202155360872e-07,322.0,346.0,25
standard,BCwave_b15n6s-10,1.5,6,-10,baroclinic_conversion_proxy,250.0,-3.4634385087883856e-07,322.0,346.0,25
standard,BCwave_b15n6s-10,1.5,6,-10,baroclinic_conversion_proxy,300.0,-2.701828725548694e-07,322.0,346.0,25
standard,BCwave_b15n6s-10,1.5,6,-10,baroclinic_conversion_proxy,400.0,5.927548261297488e-07,322.0,346.0,25
standard,BCwave_b15n6s-10,1.5,6,-10,baroclinic_conversion_proxy,500.0,2.504488666090765e-06,322.0,346.0,25
standard,BCwave_b15n6s-10,1.5,6,-10,baroclinic_conversion_proxy,600.0,5.252550345176132e-06,322.0,346.0,25
standard,BCwave_b15n6s-10,1.5,6,-10,baroclinic_conversion_proxy,700.0,8.238901682489085e-06,322.0,346.0,25
standard,BCwave_b15n6s-10,1.5,6,-10,baroclinic_conversion_proxy,850.0,1.3130111983628013e-05,322.0,346.0,25
standard,BCwave_b15n6s-10,1.5,6,-10,baroclinic_conversion_proxy,925.0,1.69595998886507e-05,322.0,346.0,25
standard,BCwave_b15n6s-10,1.5,6,-10,baroclinic_conversion_proxy,975.0,1.757338766765315e-05,322.0,346.0,25
standard,BCwave_b15n6s-10,1.5,6,-10,baroclinic_conversion_proxy,1000.0,1.7327926288999153e-05,322.0,346.0,25
standard,BCwave_b15n6s-10,1.5,6,-10,ep_flux_vertical,10.0,-1.07491455078125,322.0,346.0,25
standard,BCwave_b15n6s-10,1.5,6,-10,ep_flux_vertical,50.0,-8.37157917022705,322.0,346.0,25
standard,BCwave_b15n6s-10,1.5,6,-10,ep_flux_vertical,100.0,-1063.65869140625,322.0,346.0,25
standard,BCwave_b15n6s-10,1.5,6,-10,ep_flux_vertical,150.0,-3533.120546875,322.0,346.0,25
standard,BCwave_b15n6s-10,1.5,6,-10,ep_flux_vertical,200.0,-17654.934453125,322.0,346.0,25
standard,BCwave_b15n6s-10,1.5,6,-10,ep_flux_vertical,250.0,-39030.938828125,322.0,346.0,25
standard,BCwave_b15n6s-10,1.5,6,-10,ep_flux_vertical,300.0,-68365.06421875,322.0,346.0,25
standard,BCwave_b15n6s-10,1.5,6,-10,ep_flux_vertical,400.0,-162102.550625,322.0,346.0,25
standard,BCwave_b15n6s-10,1.5,6,-10,ep_flux_vertical,500.0,-321979.18125,322.0,346.0,25
standard,BCwave_b15n6s-10,1.5,6,-10,ep_flux_vertical,600.0,-567153.42125,322.0,346.0,25
standard,BCwave_b15n6s-10,1.5,6,-10,ep_flux_vertical,700.0,-892301.655,322.0,346.0,25
standard,BCwave_b15n6s-10,1.5,6,-10,ep_flux_vertical,850.0,-1634791.985,322.0,346.0,25
standard,BCwave_b15n6s-10,1.5,6,-10,ep_flux_vertical,925.0,-2275649.5,322.0,346.0,25
standard,BCwave_b15n6s-10,1.5,6,-10,ep_flux_vertical,975.0,-2545718.96,322.0,346.0,25
standard,BCwave_b15n6s-10,1.5,6,-10,ep_flux_vertical,1000.0,-2619041.41,322.0,346.0,25
standard,BCwave_b15n6s-5,1.5,6,-5,eddy_heat_flux_vT,10.0,0.00016876513788398976,311.0,340.0,30
standard,BCwave_b15n6s-5,1.5,6,-5,eddy_heat_flux_vT,50.0,0.0025317660416476428,311.0,340.0,30
standard,BCwave_b15n6s-5,1.5,6,-5,eddy_heat_flux_vT,100.0,0.018842055834829806,311.0,340.0,30
standard,BCwave_b15n6s-5,1.5,6,-5,eddy_heat_flux_vT,150.0,-0.009702748619019985,311.0,340.0,30
standard,BCwave_b15n6s-5,1.5,6,-5,eddy_heat_flux_vT,200.0,0.09627554938197136,311.0,340.0,30
standard,BCwave_b15n6s-5,1.5,6,-5,eddy_heat_flux_vT,250.0,0.24163636912902195,311.0,340.0,30
standard,BCwave_b15n6s-5,1.5,6,-5,eddy_heat_flux_vT,300.0,0.40949862202008563,311.0,340.0,30
standard,BCwave_b15n6s-5,1.5,6,-5,eddy_heat_flux_vT,400.0,0.825299882888794,311.0,340.0,30
standard,BCwave_b15n6s-5,1.5,6,-5,eddy_heat_flux_vT,500.0,1.3019195079803467,311.0,340.0,30
standard,BCwave_b15n6s-5,1.5,6,-5,eddy_heat_flux_vT,600.0,1.825304098924001,311.0,340.0,30
standard,BCwave_b15n6s-5,1.5,6,-5,eddy_heat_flux_vT,700.0,2.308713420232137,311.0,340.0,30
standard,BCwave_b15n6s-5,1.5,6,-5,eddy_heat_flux_vT,850.0,3.5847176790237425,311.0,340.0,30
standard,BCwave_b15n6s-5,1.5,6,-5,eddy_heat_flux_vT,925.0,4.5034443457921345,311.0,340.0,30
standard,BCwave_b15n6s-5,1.5,6,-5,eddy_heat_flux_vT,975.0,4.916698201497396,311.0,340.0,30
standard,BCwave_b15n6s-5,1.5,6,-5,eddy_heat_flux_vT,1000.0,5.0548174222310385,311.0,340.0,30
standard,BCwave_b15n6s-5,1.5,6,-5,baroclinic_conversion_proxy,10.0,1.7867970268879244e-12,311.0,340.0,30
standard,BCwave_b15n6s-5,1.5,6,-5,baroclinic_conversion_proxy,50.0,-2.559418077474618e-09,311.0,340.0,30
standard,BCwave_b15n6s-5,1.5,6,-5,baroclinic_conversion_proxy,100.0,-6.272398707096727e-08,311.0,340.0,30
standard,BCwave_b15n6s-5,1.5,6,-5,baroclinic_conversion_proxy,150.0,1.9179846274160657e-08,311.0,340.0,30
standard,BCwave_b15n6s-5,1.5,6,-5,baroclinic_conversion_proxy,200.0,-4.2135664557463315e-07,311.0,340.0,30
standard,BCwave_b15n6s-5,1.5,6,-5,baroclinic_conversion_proxy,250.0,-7.491822354192361e-07,311.0,340.0,30
standard,BCwave_b15n6s-5,1.5,6,-5,baroclinic_conversion_proxy,300.0,-6.417372901523777e-07,311.0,340.0,30
standard,BCwave_b15n6s-5,1.5,6,-5,baroclinic_conversion_proxy,400.0,1.4191947836176648e-06,311.0,340.0,30
standard,BCwave_b15n6s-5,1.5,6,-5,baroclinic_conversion_proxy,500.0,5.7369010088829475e-06,311.0,340.0,30
standard,BCwave_b15n6s-5,1.5,6,-5,baroclinic_conversion_proxy,600.0,1.1273339835800773e-05,311.0,340.0,30
standard,BCwave_b15n6s-5,1.5,6,-5,baroclinic_conversion_proxy,700.0,1.6236919176056593e-05,311.0,340.0,30
standard,BCwave_b15n6s-5,1.5,6,-5,baroclinic_conversion_proxy,850.0,2.6271513706888073e-05,311.0,340.0,30
standard,BCwave_b15n6s-5,1.5,6,-5,baroclinic_conversion_proxy,925.0,3.146931606655319e-05,311.0,340.0,30
standard,BCwave_b15n6s-5,1.5,6,-5,baroclinic_conversion_proxy,975.0,3.24699554766994e-05,311.0,340.0,30
standard,BCwave_b15n6s-5,1.5,6,-5,baroclinic_conversion_proxy,1000.0,3.1957580661886215e-05,311.0,340.0,30
standard,BCwave_b15n6s-5,1.5,6,-5,ep_flux_vertical,10.0,-1.783196989695231,311.0,340.0,30
standard,BCwave_b15n6s-5,1.5,6,-5,ep_flux_vertical,50.0,-36.11700941721598,311.0,340.0,30
standard,BCwave_b15n6s-5,1.5,6,-5,ep_flux_vertical,100.0,-1116.795810953776,311.0,340.0,30
standard,BCwave_b15n6s-5,1.5,6,-5,ep_flux_vertical,150.0,1728.0625813802083,311.0,340.0,30
standard,BCwave_b15n6s-5,1.5,6,-5,ep_flux_vertical,200.0,-25592.1615234375,311.0,340.0,30
standard,BCwave_b15n6s-5,1.5,6,-5,ep_flux_vertical,250.0,-73956.31380208333,311.0,340.0,30
standard,BCwave_b15n6s-5,1.5,6,-5,ep_flux_vertical,300.0,-141234.50885416666,311.0,340.0,30
standard,BCwave_b15n6s-5,1.5,6,-5,ep_flux_vertical,400.0,-353353.71145833336,311.0,340.0,30
standard,BCwave_b15n6s-5,1.5,6,-5,ep_flux_vertical,500.0,-682557.55625,311.0,340.0,30
standard,BCwave_b15n6s-5,1.5,6,-5,ep_flux_vertical,600.0,-1148026.0958333334,311.0,340.0,30
standard,BCwave_b15n6s-5,1.5,6,-5,ep_flux_vertical,700.0,-1693865.65,311.0,340.0,30
standard,BCwave_b15n6s-5,1.5,6,-5,ep_flux_vertical,850.0,-3054261.7416666667,311.0,340.0,30
standard,BCwave_b15n6s-5,1.5,6,-5,ep_flux_vertical,925.0,-3994519.7333333334,311.0,340.0,30
standard,BCwave_b15n6s-5,1.5,6,-5,ep_flux_vertical,975.0,-4495882.391666667,311.0,340.0,30
standard,BCwave_b15n6s-5,1.5,6,-5,ep_flux_vertical,1000.0,-4694135.316666666,311.0,340.0,30
standard,BCwave_b15n6,1.5,6,0,eddy_heat_flux_vT,10.0,0.0002901110069032233,300.0,338.0,39
standard,BCwave_b15n6,1.5,6,0,eddy_heat_flux_vT,50.0,0.006047111135931351,300.0,338.0,39
standard,BCwave_b15n6,1.5,6,0,eddy_heat_flux_vT,100.0,0.0008402185656170611,300.0,338.0,39
standard,BCwave_b15n6,1.5,6,0,eddy_heat_flux_vT,150.0,-0.12033614095969078,300.0,338.0,39
standard,BCwave_b15n6,1.5,6,0,eddy_heat_flux_vT,200.0,0.07252986366168046,300.0,338.0,39
standard,BCwave_b15n6,1.5,6,0,eddy_heat_flux_vT,250.0,0.3443178572715857,300.0,338.0,39
standard,BCwave_b15n6,1.5,6,0,eddy_heat_flux_vT,300.0,0.6589479140746288,300.0,338.0,39
standard,BCwave_b15n6,1.5,6,0,eddy_heat_flux_vT,400.0,1.3710418847891002,300.0,338.0,39
standard,BCwave_b15n6,1.5,6,0,eddy_heat_flux_vT,500.0,2.087155152589847,300.0,338.0,39
standard,BCwave_b15n6,1.5,6,0,eddy_heat_flux_vT,600.0,2.7978393359062,300.0,338.0,39
standard,BCwave_b15n6,1.5,6,0,eddy_heat_flux_vT,700.0,3.583457812284812,300.0,338.0,39
standard,BCwave_b15n6,1.5,6,0,eddy_heat_flux_vT,850.0,5.890324983841333,300.0,338.0,39
standard,BCwave_b15n6,1.5,6,0,eddy_heat_flux_vT,925.0,7.057966232299805,300.0,338.0,39
standard,BCwave_b15n6,1.5,6,0,eddy_heat_flux_vT,975.0,7.524064406370505,300.0,338.0,39
standard,BCwave_b15n6,1.5,6,0,eddy_heat_flux_vT,1000.0,7.455064785786164,300.0,338.0,39
standard,BCwave_b15n6,1.5,6,0,baroclinic_conversion_proxy,10.0,-6.247383810821556e-13,300.0,338.0,39
standard,BCwave_b15n6,1.5,6,0,baroclinic_conversion_proxy,50.0,-6.758510036520012e-09,300.0,338.0,39
standard,BCwave_b15n6,1.5,6,0,baroclinic_conversion_proxy,100.0,1.0101861667679056e-08,300.0,338.0,39
standard,BCwave_b15n6,1.5,6,0,baroclinic_conversion_proxy,150.0,5.224323022281542e-07,300.0,338.0,39
standard,BCwave_b15n6,1.5,6,0,baroclinic_conversion_proxy,200.0,-3.7610752638801597e-07,300.0,338.0,39
standard,BCwave_b15n6,1.5,6,0,baroclinic_conversion_proxy,250.0,-1.1590210533540812e-06,300.0,338.0,39
standard,BCwave_b15n6,1.5,6,0,baroclinic_conversion_proxy,300.0,-1.1327671755586775e-06,300.0,338.0,39
standard,BCwave_b15n6,1.5,6,0,baroclinic_conversion_proxy,400.0,2.3755344208882143e-06,300.0,338.0,39
standard,BCwave_b15n6,1.5,6,0,baroclinic_conversion_proxy,500.0,9.528469933847635e-06,300.0,338.0,39
standard,BCwave_b15n6,1.5,6,0,baroclinic_conversion_proxy,600.0,1.7929579394732195e-05,300.0,338.0,39
standard,BCwave_b15n6,1.5,6,0,baroclinic_conversion_proxy,700.0,2.6014880159681736e-05,300.0,338.0,39
standard,BCwave_b15n6,1.5,6,0,baroclinic_conversion_proxy,850.0,4.4964351941300076e-05,300.0,338.0,39
standard,BCwave_b15n6,1.5,6,0,baroclinic_conversion_proxy,925.0,5.1197431065912286e-05,300.0,338.0,39
standard,BCwave_b15n6,1.5,6,0,baroclinic_conversion_proxy,975.0,5.2069633033496735e-05,300.0,338.0,39
standard,BCwave_b15n6,1.5,6,0,baroclinic_conversion_proxy,1000.0,4.948190997730797e-05,300.0,338.0,39
standard,BCwave_b15n6,1.5,6,0,ep_flux_vertical,10.0,-3.040566163185315,300.0,338.0,39
standard,BCwave_b15n6,1.5,6,0,ep_flux_vertical,50.0,-84.86810987423628,300.0,338.0,39
standard,BCwave_b15n6,1.5,6,0,ep_flux_vertical,100.0,-24.336336001371727,300.0,338.0,39
standard,BCwave_b15n6,1.5,6,0,ep_flux_vertical,150.0,20423.795923477563,300.0,338.0,39
standard,BCwave_b15n6,1.5,6,0,ep_flux_vertical,200.0,-18556.58809094551,300.0,338.0,39
standard,BCwave_b15n6,1.5,6,0,ep_flux_vertical,250.0,-98586.31971153847,300.0,338.0,39
standard,BCwave_b15n6,1.5,6,0,ep_flux_vertical,300.0,-211584.05849358975,300.0,338.0,39
standard,BCwave_b15n6,1.5,6,0,ep_flux_vertical,400.0,-551386.8309294871,300.0,338.0,39
standard,BCwave_b15n6,1.5,6,0,ep_flux_vertical,500.0,-1047055.5096153846,300.0,338.0,39
standard,BCwave_b15n6,1.5,6,0,ep_flux_vertical,600.0,-1709922.3557692308,300.0,338.0,39
standard,BCwave_b15n6,1.5,6,0,ep_flux_vertical,700.0,-2559577.8397435895,300.0,338.0,39
standard,BCwave_b15n6,1.5,6,0,ep_flux_vertical,850.0,-4808110.173076923,300.0,338.0,39
standard,BCwave_b15n6,1.5,6,0,ep_flux_vertical,925.0,-6027466.948717949,300.0,338.0,39
standard,BCwave_b15n6,1.5,6,0,ep_flux_vertical,975.0,-6746724.435897436,300.0,338.0,39
standard,BCwave_b15n6,1.5,6,0,ep_flux_vertical,1000.0,-6923546.051282051,300.0,338.0,39
standard,BCwave_b15n6s5,1.5,6,5,eddy_heat_flux_vT,10.0,0.00041908891546691573,293.0,335.0,43
standard,BCwave_b15n6s5,1.5,6,5,eddy_heat_flux_vT,50.0,0.009185603928080825,293.0,335.0,43
standard,BCwave_b15n6s5,1.5,6,5,eddy_heat_flux_vT,100.0,-0.032458556426125905,293.0,335.0,43
standard,BCwave_b15n6s5,1.5,6,5,eddy_heat_flux_vT,150.0,-0.2737021834351296,293.0,335.0,43
standard,BCwave_b15n6s5,1.5,6,5,eddy_heat_flux_vT,200.0,0.01074061602852199,293.0,335.0,43
standard,BCwave_b15n6s5,1.5,6,5,eddy_heat_flux_vT,250.0,0.4352470795775569,293.0,335.0,43
standard,BCwave_b15n6s5,1.5,6,5,eddy_heat_flux_vT,300.0,0.9151086765666341,293.0,335.0,43
standard,BCwave_b15n6s5,1.5,6,5,eddy_heat_flux_vT,400.0,1.8917073427244675,293.0,335.0,43
standard,BCwave_b15n6s5,1.5,6,5,eddy_heat_flux_vT,500.0,2.7955175222352495,293.0,335.0,43
standard,BCwave_b15n6s5,1.5,6,5,eddy_heat_flux_vT,600.0,3.781169847000477,293.0,335.0,43
standard,BCwave_b15n6s5,1.5,6,5,eddy_heat_flux_vT,700.0,5.102970278540323,293.0,335.0,43
standard,BCwave_b15n6s5,1.5,6,5,eddy_heat_flux_vT,850.0,8.649763317995292,293.0,335.0,43
standard,BCwave_b15n6s5,1.5,6,5,eddy_heat_flux_vT,925.0,9.868102805559026,293.0,335.0,43
standard,BCwave_b15n6s5,1.5,6,5,eddy_heat_flux_vT,975.0,10.142858305642772,293.0,335.0,43
standard,BCwave_b15n6s5,1.5,6,5,eddy_heat_flux_vT,1000.0,9.936117238776628,293.0,335.0,43
standard,BCwave_b15n6s5,1.5,6,5,baroclinic_conversion_proxy,10.0,-3.096425916159973e-12,293.0,335.0,43
standard,BCwave_b15n6s5,1.5,6,5,baroclinic_conversion_proxy,50.0,-1.050255890524388e-08,293.0,335.0,43
standard,BCwave_b15n6s5,1.5,6,5,baroclinic_conversion_proxy,100.0,1.5600682949097126e-07,293.0,335.0,43
standard,BCwave_b15n6s5,1.5,6,5,baroclinic_conversion_proxy,150.0,1.2914764246763595e-06,293.0,335.0,43
standard,BCwave_b15n6s5,1.5,6,5,baroclinic_conversion_proxy,200.0,-1.427788924609976e-07,293.0,335.0,43
standard,BCwave_b15n6s5,1.5,6,5,baroclinic_conversion_proxy,250.0,-1.5992594071153584e-06,293.0,335.0,43
standard,BCwave_b15n6s5,1.5,6,5,baroclinic_conversion_proxy,300.0,-1.7507854123365644e-06,293.0,335.0,43
standard,BCwave_b15n6s5,1.5,6,5,baroclinic_conversion_proxy,400.0,3.2623576433167705e-06,293.0,335.0,43
standard,BCwave_b15n6s5,1.5,6,5,baroclinic_conversion_proxy,500.0,1.3136457858118499e-05,293.0,335.0,43
standard,BCwave_b15n6s5,1.5,6,5,baroclinic_conversion_proxy,600.0,2.4832221708154892e-05,293.0,335.0,43
standard,BCwave_b15n6s5,1.5,6,5,baroclinic_conversion_proxy,700.0,3.8017916373318324e-05,293.0,335.0,43
standard,BCwave_b15n6s5,1.5,6,5,baroclinic_conversion_proxy,850.0,6.814477151343707e-05,293.0,335.0,43
standard,BCwave_b15n6s5,1.5,6,5,baroclinic_conversion_proxy,925.0,7.503014125558006e-05,293.0,335.0,43
standard,BCwave_b15n6s5,1.5,6,5,baroclinic_conversion_proxy,975.0,7.489639595638268e-05,293.0,335.0,43
standard,BCwave_b15n6s5,1.5,6,5,baroclinic_conversion_proxy,1000.0,7.091733523127407e-05,293.0,335.0,43
standard,BCwave_b15n6s5,1.5,6,5,ep_flux_vertical,10.0,-4.285828302072924,293.0,335.0,43
standard,BCwave_b15n6s5,1.5,6,5,ep_flux_vertical,50.0,-124.50155781590661,293.0,335.0,43
standard,BCwave_b15n6s5,1.5,6,5,ep_flux_vertical,100.0,1998.9536814135174,293.0,335.0,43
standard,BCwave_b15n6s5,1.5,6,5,ep_flux_vertical,150.0,45497.08393895349,293.0,335.0,43
standard,BCwave_b15n6s5,1.5,6,5,ep_flux_vertical,200.0,-364.63354634129723,293.0,335.0,43
standard,BCwave_b15n6s5,1.5,6,5,ep_flux_vertical,250.0,-112305.65697674418,293.0,335.0,43
standard,BCwave_b15n6s5,1.5,6,5,ep_flux_vertical,300.0,-266717.77906976745,293.0,335.0,43
standard,BCwave_b15n6s5,1.5,6,5,ep_flux_vertical,400.0,-696901.2151162791,293.0,335.0,43
standard,BCwave_b15n6s5,1.5,6,5,ep_flux_vertical,500.0,-1304982.0029069767,293.0,335.0,43
standard,BCwave_b15n6s5,1.5,6,5,ep_flux_vertical,600.0,-2170249.4040697673,293.0,335.0,43
standard,BCwave_b15n6s5,1.5,6,5,ep_flux_vertical,700.0,-3425775.7441860465,293.0,335.0,43
standard,BCwave_b15n6s5,1.5,6,5,ep_flux_vertical,850.0,-6512549.174418605,293.0,335.0,43
standard,BCwave_b15n6s5,1.5,6,5,ep_flux_vertical,925.0,-7725249.441860465,293.0,335.0,43
standard,BCwave_b15n6s5,1.5,6,5,ep_flux_vertical,975.0,-8455372.302325582,293.0,335.0,43
standard,BCwave_b15n6s5,1.5,6,5,ep_flux_vertical,1000.0,-8807361.267441861,293.0,335.0,43
standard,BCwave_b15n6s10,1.5,6,10,eddy_heat_flux_vT,10.0,0.0005913573400991992,270.0,310.0,41
standard,BCwave_b15n6s10,1.5,6,10,eddy_heat_flux_vT,50.0,0.010806738035526217,270.0,310.0,41
standard,BCwave_b15n6s10,1.5,6,10,eddy_heat_flux_vT,100.0,-0.06311488669456505,270.0,310.0,41
standard,BCwave_b15n6s10,1.5,6,10,eddy_heat_flux_vT,150.0,-0.3472280182489535,270.0,310.0,41
standard,BCwave_b15n6s10,1.5,6,10,eddy_heat_flux_vT,200.0,-0.08582586640628373,270.0,310.0,41
standard,BCwave_b15n6s10,1.5,6,10,eddy_heat_flux_vT,250.0,0.3639504291662356,270.0,310.0,41
standard,BCwave_b15n6s10,1.5,6,10,eddy_heat_flux_vT,300.0,0.9048117064848179,270.0,310.0,41
standard,BCwave_b15n6s10,1.5,6,10,eddy_heat_flux_vT,400.0,2.059181983877973,270.0,310.0,41
standard,BCwave_b15n6s10,1.5,6,10,eddy_heat_flux_vT,500.0,3.1168656116578637,270.0,310.0,41
standard,BCwave_b15n6s10,1.5,6,10,eddy_heat_flux_vT,600.0,4.17562611510114,270.0,310.0,41
standard,BCwave_b15n6s10,1.5,6,10,eddy_heat_flux_vT,700.0,5.668560353721061,270.0,310.0,41
standard,BCwave_b15n6s10,1.5,6,10,eddy_heat_flux_vT,850.0,9.267422327181189,270.0,310.0,41
standard,BCwave_b15n6s10,1.5,6,10,eddy_heat_flux_vT,925.0,10.34781265258789,270.0,310.0,41
standard,BCwave_b15n6s10,1.5,6,10,eddy_heat_flux_vT,975.0,10.642178837845965,270.0,310.0,41
standard,BCwave_b15n6s10,1.5,6,10,eddy_heat_flux_vT,1000.0,10.427386993315162,270.0,310.0,41
standard,BCwave_b15n6s10,1.5,6,10,baroclinic_conversion_proxy,10.0,-6.73249027453961e-12,270.0,310.0,41
standard,BCwave_b15n6s10,1.5,6,10,baroclinic_conversion_proxy,50.0,-1.3088311551088304e-08,270.0,310.0,41
standard,BCwave_b15n6s10,1.5,6,10,baroclinic_conversion_proxy,100.0,2.876710778964036e-07,270.0,310.0,41
standard,BCwave_b15n6s10,1.5,6,10,baroclinic_conversion_proxy,150.0,1.7596891954847861e-06,270.0,310.0,41
standard,BCwave_b15n6s10,1.5,6,10,baroclinic_conversion_proxy,200.0,2.8291096372907015e-07,270.0,310.0,41
standard,BCwave_b15n6s10,1.5,6,10,baroclinic_conversion_proxy,250.0,-1.5313171679847029e-06,270.0,310.0,41
standard,BCwave_b15n6s10,1.5,6,10,baroclinic_conversion_proxy,300.0,-1.9481570001428226e-06,270.0,310.0,41
standard,BCwave_b15n6s10,1.5,6,10,baroclinic_conversion_proxy,400.0,3.8107322735613265e-06,270.0,310.0,41
standard,BCwave_b15n6s10,1.5,6,10,baroclinic_conversion_proxy,500.0,1.5811670936073357e-05,270.0,310.0,41
standard,BCwave_b15n6s10,1.5,6,10,baroclinic_conversion_proxy,600.0,2.9238878308139492e-05,270.0,310.0,41
standard,BCwave_b15n6s10,1.5,6,10,baroclinic_conversion_proxy,700.0,4.519522766846732e-05,270.0,310.0,41
standard,BCwave_b15n6s10,1.5,6,10,baroclinic_conversion_proxy,850.0,7.894241926118323e-05,270.0,310.0,41
standard,BCwave_b15n6s10,1.5,6,10,baroclinic_conversion_proxy,925.0,8.588000332011001e-05,270.0,310.0,41
standard,BCwave_b15n6s10,1.5,6,10,baroclinic_conversion_proxy,975.0,8.608996846838059e-05,270.0,310.0,41
standard,BCwave_b15n6s10,1.5,6,10,baroclinic_conversion_proxy,1000.0,8.170735041281527e-05,270.0,310.0,41
standard,BCwave_b15n6s10,1.5,6,10,ep_flux_vertical,10.0,-5.690709811885182,270.0,310.0,41
standard,BCwave_b15n6s10,1.5,6,10,ep_flux_vertical,50.0,-133.85595851991235,270.0,310.0,41
standard,BCwave_b15n6s10,1.5,6,10,ep_flux_vertical,100.0,3740.374630811738,270.0,310.0,41
standard,BCwave_b15n6s10,1.5,6,10,ep_flux_vertical,150.0,55306.94207317073,270.0,310.0,41
standard,BCwave_b15n6s10,1.5,6,10,ep_flux_vertical,200.0,24140.137147484755,270.0,310.0,41
standard,BCwave_b15n6s10,1.5,6,10,ep_flux_vertical,250.0,-78866.22999237805,270.0,310.0,41
standard,BCwave_b15n6s10,1.5,6,10,ep_flux_vertical,300.0,-229575.38986280488,270.0,310.0,41
standard,BCwave_b15n6s10,1.5,6,10,ep_flux_vertical,400.0,-670163.0830792683,270.0,310.0,41
standard,BCwave_b15n6s10,1.5,6,10,ep_flux_vertical,500.0,-1298828.0426829269,270.0,310.0,41
standard,BCwave_b15n6s10,1.5,6,10,ep_flux_vertical,600.0,-2164150.9969512196,270.0,310.0,41
standard,BCwave_b15n6s10,1.5,6,10,ep_flux_vertical,700.0,-3464982.2073170734,270.0,310.0,41
standard,BCwave_b15n6s10,1.5,6,10,ep_flux_vertical,850.0,-6497795.402439024,270.0,310.0,41
standard,BCwave_b15n6s10,1.5,6,10,ep_flux_vertical,925.0,-7694613.853658536,270.0,310.0,41
standard,BCwave_b15n6s10,1.5,6,10,ep_flux_vertical,975.0,-8584799.109756097,270.0,310.0,41
standard,BCwave_b15n6s10,1.5,6,10,ep_flux_vertical,1000.0,-9101693.5,270.0,310.0,41
standard,BCwave_b2n1s-10,2.0,1,-10,eddy_heat_flux_vT,10.0,0.0006843602905670802,314.0,343.0,30
standard,BCwave_b2n1s-10,2.0,1,-10,eddy_heat_flux_vT,50.0,0.2571805968880653,314.0,343.0,30
standard,BCwave_b2n1s-10,2.0,1,-10,eddy_heat_flux_vT,100.0,0.3469575146834056,314.0,343.0,30
standard,BCwave_b2n1s-10,2.0,1,-10,eddy_heat_flux_vT,150.0,0.34645352959632875,314.0,343.0,30
standard,BCwave_b2n1s-10,2.0,1,-10,eddy_heat_flux_vT,200.0,0.685648234685262,314.0,343.0,30
standard,BCwave_b2n1s-10,2.0,1,-10,eddy_heat_flux_vT,250.0,1.1640311797459921,314.0,343.0,30
standard,BCwave_b2n1s-10,2.0,1,-10,eddy_heat_flux_vT,300.0,1.6930757959683735,314.0,343.0,30
standard,BCwave_b2n1s-10,2.0,1,-10,eddy_heat_flux_vT,400.0,2.803981137275696,314.0,343.0,30
standard,BCwave_b2n1s-10,2.0,1,-10,eddy_heat_flux_vT,500.0,4.0774139324824015,314.0,343.0,30
standard,BCwave_b2n1s-10,2.0,1,-10,eddy_heat_flux_vT,600.0,5.428833897908529,314.0,343.0,30
standard,BCwave_b2n1s-10,2.0,1,-10,eddy_heat_flux_vT,700.0,7.399744017918905,314.0,343.0,30
standard,BCwave_b2n1s-10,2.0,1,-10,eddy_heat_flux_vT,850.0,13.272690900166829,314.0,343.0,30
standard,BCwave_b2n1s-10,2.0,1,-10,eddy_heat_flux_vT,925.0,16.804141012827554,314.0,343.0,30
standard,BCwave_b2n1s-10,2.0,1,-10,eddy_heat_flux_vT,975.0,18.469206619262696,314.0,343.0,30
standard,BCwave_b2n1s-10,2.0,1,-10,eddy_heat_flux_vT,1000.0,18.44495735168457,314.0,343.0,30
standard,BCwave_b2n1s-10,2.0,1,-10,baroclinic_conversion_proxy,10.0,-3.350491032764561e-10,314.0,343.0,30
standard,BCwave_b2n1s-10,2.0,1,-10,baroclinic_conversion_proxy,50.0,-9.829903111343204e-07,314.0,343.0,30
standard,BCwave_b2n1s-10,2.0,1,-10,baroclinic_conversion_proxy,100.0,-1.5672637459829274e-06,314.0,343.0,30
standard,BCwave_b2n1s-10,2.0,1,-10,baroclinic_conversion_proxy,150.0,-1.2940639370147741e-06,314.0,343.0,30
standard,BCwave_b2n1s-10,2.0,1,-10,baroclinic_conversion_proxy,200.0,-1.3196489779450833e-06,314.0,343.0,30
standard,BCwave_b2n1s-10,2.0,1,-10,baroclinic_conversion_proxy,250.0,6.219142634951899e-08,314.0,343.0,30
standard,BCwave_b2n1s-10,2.0,1,-10,baroclinic_conversion_proxy,300.0,3.2091441426018717e-06,314.0,343.0,30
standard,BCwave_b2n1s-10,2.0,1,-10,baroclinic_conversion_proxy,400.0,1.3586060746699029e-05,314.0,343.0,30
standard,BCwave_b2n1s-10,2.0,1,-10,baroclinic_conversion_proxy,500.0,2.7670317528342518e-05,314.0,343.0,30
standard,BCwave_b2n1s-10,2.0,1,-10,baroclinic_conversion_proxy,600.0,4.21195447415812e-05,314.0,343.0,30
standard,BCwave_b2n1s-10,2.0,1,-10,baroclinic_conversion_proxy,700.0,5.9858764264693796e-05,314.0,343.0,30
standard,BCwave_b2n1s-10,2.0,1,-10,baroclinic_conversion_proxy,850.0,0.00010590886061739487,314.0,343.0,30
standard,BCwave_b2n1s-10,2.0,1,-10,baroclinic_conversion_proxy,925.0,0.00012804285603730629,314.0,343.0,30
standard,BCwave_b2n1s-10,2.0,1,-10,baroclinic_conversion_proxy,975.0,0.0001362319863498366,314.0,343.0,30
standard,BCwave_b2n1s-10,2.0,1,-10,baroclinic_conversion_proxy,1000.0,0.00012941786432444738,314.0,343.0,30
standard,BCwave_b2n1s-10,2.0,1,-10,ep_flux_vertical,10.0,-7.298205359776815,314.0,343.0,30
standard,BCwave_b2n1s-10,2.0,1,-10,ep_flux_vertical,50.0,-3485.4829264322916,314.0,343.0,30
standard,BCwave_b2n1s-10,2.0,1,-10,ep_flux_vertical,100.0,-19360.917838541667,314.0,343.0,30
standard,BCwave_b2n1s-10,2.0,1,-10,ep_flux_vertical,150.0,-54037.715234375,314.0,343.0,30
standard,BCwave_b2n1s-10,2.0,1,-10,ep_flux_vertical,200.0,-160922.49479166666,314.0,343.0,30
standard,BCwave_b2n1s-10,2.0,1,-10,ep_flux_vertical,250.0,-326843.2,314.0,343.0,30
standard,BCwave_b2n1s-10,2.0,1,-10,ep_flux_vertical,300.0,-552904.7916666666,314.0,343.0,30
standard,BCwave_b2n1s-10,2.0,1,-10,ep_flux_vertical,400.0,-1188409.9625,314.0,343.0,30
standard,BCwave_b2n1s-10,2.0,1,-10,ep_flux_vertical,500.0,-2193124.875,314.0,343.0,30
standard,BCwave_b2n1s-10,2.0,1,-10,ep_flux_vertical,600.0,-3559948.8666666667,314.0,343.0,30
standard,BCwave_b2n1s-10,2.0,1,-10,ep_flux_vertical,700.0,-5425142.816666666,314.0,343.0,30
standard,BCwave_b2n1s-10,2.0,1,-10,ep_flux_vertical,850.0,-9492461.8,314.0,343.0,30
standard,BCwave_b2n1s-10,2.0,1,-10,ep_flux_vertical,925.0,-11394204.766666668,314.0,343.0,30
standard,BCwave_b2n1s-10,2.0,1,-10,ep_flux_vertical,975.0,-12654532.233333332,314.0,343.0,30
standard,BCwave_b2n1s-10,2.0,1,-10,ep_flux_vertical,1000.0,-13133252.333333334,314.0,343.0,30
standard,BCwave_b2n1s-5,2.0,1,-5,eddy_heat_flux_vT,10.0,0.0023256675158336293,308.0,339.0,32
standard,BCwave_b2n1s-5,2.0,1,-5,eddy_heat_flux_vT,50.0,0.46582286432385445,308.0,339.0,32
standard,BCwave_b2n1s-5,2.0,1,-5,eddy_heat_flux_vT,100.0,0.5766390413045883,308.0,339.0,32
standard,BCwave_b2n1s-5,2.0,1,-5,eddy_heat_flux_vT,150.0,0.7426869794726372,308.0,339.0,32
standard,BCwave_b2n1s-5,2.0,1,-5,eddy_heat_flux_vT,200.0,1.740495227277279,308.0,339.0,32
standard,BCwave_b2n1s-5,2.0,1,-5,eddy_heat_flux_vT,250.0,2.9704197868704796,308.0,339.0,32
standard,BCwave_b2n1s-5,2.0,1,-5,eddy_heat_flux_vT,300.0,4.10310684889555,308.0,339.0,32
standard,BCwave_b2n1s-5,2.0,1,-5,eddy_heat_flux_vT,400.0,6.02889347076416,308.0,339.0,32
standard,BCwave_b2n1s-5,2.0,1,-5,eddy_heat_flux_vT,500.0,8.119276463985443,308.0,339.0,32
standard,BCwave_b2n1s-5,2.0,1,-5,eddy_heat_flux_vT,600.0,10.538161128759384,308.0,339.0,32
standard,BCwave_b2n1s-5,2.0,1,-5,eddy_heat_flux_vT,700.0,14.36332419514656,308.0,339.0,32
standard,BCwave_b2n1s-5,2.0,1,-5,eddy_heat_flux_vT,850.0,24.134362518787384,308.0,339.0,32
standard,BCwave_b2n1s-5,2.0,1,-5,eddy_heat_flux_vT,925.0,27.40369540452957,308.0,339.0,32
standard,BCwave_b2n1s-5,2.0,1,-5,eddy_heat_flux_vT,975.0,27.832485556602478,308.0,339.0,32
standard,BCwave_b2n1s-5,2.0,1,-5,eddy_heat_flux_vT,1000.0,27.93162626028061,308.0,339.0,32
standard,BCwave_b2n1s-5,2.0,1,-5,baroclinic_conversion_proxy,10.0,-1.1774334181258173e-09,308.0,339.0,32
standard,BCwave_b2n1s-5,2.0,1,-5,baroclinic_conversion_proxy,50.0,-1.8979844149669134e-06,308.0,339.0,32
standard,BCwave_b2n1s-5,2.0,1,-5,baroclinic_conversion_proxy,100.0,-2.7887451139463337e-06,308.0,339.0,32
standard,BCwave_b2n1s-5,2.0,1,-5,baroclinic_conversion_proxy,150.0,-3.034503798460264e-06,308.0,339.0,32
standard,BCwave_b2n1s-5,2.0,1,-5,baroclinic_conversion_proxy,200.0,-3.682069070976013e-06,308.0,339.0,32
standard,BCwave_b2n1s-5,2.0,1,-5,baroclinic_conversion_proxy,250.0,7.678286043089066e-08,308.0,339.0,32
standard,BCwave_b2n1s-5,2.0,1,-5,baroclinic_conversion_proxy,300.0,8.228139847687999e-06,308.0,339.0,32
standard,BCwave_b2n1s-5,2.0,1,-5,baroclinic_conversion_proxy,400.0,3.109422198122047e-05,308.0,339.0,32
standard,BCwave_b2n1s-5,2.0,1,-5,baroclinic_conversion_proxy,500.0,5.834888622757717e-05,308.0,339.0,32
standard,BCwave_b2n1s-5,2.0,1,-5,baroclinic_conversion_proxy,600.0,8.664897427479445e-05,308.0,339.0,32
standard,BCwave_b2n1s-5,2.0,1,-5,baroclinic_conversion_proxy,700.0,0.0001241161069174268,308.0,339.0,32
standard,BCwave_b2n1s-5,2.0,1,-5,baroclinic_conversion_proxy,850.0,0.00021151426017240738,308.0,339.0,32
standard,BCwave_b2n1s-5,2.0,1,-5,baroclinic_conversion_proxy,925.0,0.00023062056652634055,308.0,339.0,32
standard,BCwave_b2n1s-5,2.0,1,-5,baroclinic_conversion_proxy,975.0,0.00022840266728962888,308.0,339.0,32
standard,BCwave_b2n1s-5,2.0,1,-5,baroclinic_conversion_proxy,1000.0,0.00022005923574397457,308.0,339.0,32
standard,BCwave_b2n1s-5,2.0,1,-5,ep_flux_vertical,10.0,-24.53838986158371,308.0,339.0,32
standard,BCwave_b2n1s-5,2.0,1,-5,ep_flux_vertical,50.0,-6459.12126159668,308.0,339.0,32
standard,BCwave_b2n1s-5,2.0,1,-5,ep_flux_vertical,100.0,-32885.39196777344,308.0,339.0,32
standard,BCwave_b2n1s-5,2.0,1,-5,ep_flux_vertical,150.0,-111174.22412109375,308.0,339.0,32
standard,BCwave_b2n1s-5,2.0,1,-5,ep_flux_vertical,200.0,-380804.02001953125,308.0,339.0,32
standard,BCwave_b2n1s-5,2.0,1,-5,ep_flux_vertical,250.0,-779269.62109375,308.0,339.0,32
standard,BCwave_b2n1s-5,2.0,1,-5,ep_flux_vertical,300.0,-1264838.796875,308.0,339.0,32
standard,BCwave_b2n1s-5,2.0,1,-5,ep_flux_vertical,400.0,-2473122.03125,308.0,339.0,32
standard,BCwave_b2n1s-5,2.0,1,-5,ep_flux_vertical,500.0,-4309431.265625,308.0,339.0,32
standard,BCwave_b2n1s-5,2.0,1,-5,ep_flux_vertical,600.0,-6824925.34375,308.0,339.0,32
standard,BCwave_b2n1s-5,2.0,1,-5,ep_flux_vertical,700.0,-10173430.59375,308.0,339.0,32
standard,BCwave_b2n1s-5,2.0,1,-5,ep_flux_vertical,850.0,-15533256.6875,308.0,339.0,32
standard,BCwave_b2n1s-5,2.0,1,-5,ep_flux_vertical,925.0,-16407680.78125,308.0,339.0,32
standard,BCwave_b2n1s-5,2.0,1,-5,ep_flux_vertical,975.0,-17003988.6875,308.0,339.0,32
standard,BCwave_b2n1s-5,2.0,1,-5,ep_flux_vertical,1000.0,-18058602.0,308.0,339.0,32
standard,BCwave_b2n1,2.0,1,0,eddy_heat_flux_vT,10.0,0.0035978808187909664,286.0,316.0,31
standard,BCwave_b2n1,2.0,1,0,eddy_heat_flux_vT,50.0,0.33808204002918735,286.0,316.0,31
standard,BCwave_b2n1,2.0,1,0,eddy_heat_flux_vT,100.0,0.4424515751100356,286.0,316.0,31
standard,BCwave_b2n1,2.0,1,0,eddy_heat_flux_vT,150.0,0.8830147251006095,286.0,316.0,31
standard,BCwave_b2n1,2.0,1,0,eddy_heat_flux_vT,200.0,2.44433751029353,286.0,316.0,31
standard,BCwave_b2n1,2.0,1,0,eddy_heat_flux_vT,250.0,4.234477473843482,286.0,316.0,31
standard,BCwave_b2n1,2.0,1,0,eddy_heat_flux_vT,300.0,5.798630575979909,286.0,316.0,31
standard,BCwave_b2n1,2.0,1,0,eddy_heat_flux_vT,400.0,8.630355342741936,286.0,316.0,31
standard,BCwave_b2n1,2.0,1,0,eddy_heat_flux_vT,500.0,11.246809867120557,286.0,316.0,31
standard,BCwave_b2n1,2.0,1,0,eddy_heat_flux_vT,600.0,13.91296036012711,286.0,316.0,31
standard,BCwave_b2n1,2.0,1,0,eddy_heat_flux_vT,700.0,18.49146830651068,286.0,316.0,31
standard,BCwave_b2n1,2.0,1,0,eddy_heat_flux_vT,850.0,29.566392590922693,286.0,316.0,31
standard,BCwave_b2n1,2.0,1,0,eddy_heat_flux_vT,925.0,31.315804389215284,286.0,316.0,31
standard,BCwave_b2n1,2.0,1,0,eddy_heat_flux_vT,975.0,31.55645075151997,286.0,316.0,31
standard,BCwave_b2n1,2.0,1,0,eddy_heat_flux_vT,1000.0,32.429549432569935,286.0,316.0,31
standard,BCwave_b2n1,2.0,1,0,baroclinic_conversion_proxy,10.0,-2.0149947373731208e-09,286.0,316.0,31
standard,BCwave_b2n1,2.0,1,0,baroclinic_conversion_proxy,50.0,-1.4616709134521267e-06,286.0,316.0,31
standard,BCwave_b2n1,2.0,1,0,baroclinic_conversion_proxy,100.0,-2.321317956263937e-06,286.0,316.0,31
standard,BCwave_b2n1,2.0,1,0,baroclinic_conversion_proxy,150.0,-3.975601694330708e-06,286.0,316.0,31
standard,BCwave_b2n1,2.0,1,0,baroclinic_conversion_proxy,200.0,-5.549846271664606e-06,286.0,316.0,31
standard,BCwave_b2n1,2.0,1,0,baroclinic_conversion_proxy,250.0,3.4562314002898584e-07,286.0,316.0,31
standard,BCwave_b2n1,2.0,1,0,baroclinic_conversion_proxy,300.0,1.2986970784456183e-05,286.0,316.0,31
standard,BCwave_b2n1,2.0,1,0,baroclinic_conversion_proxy,400.0,4.888230156915773e-05,286.0,316.0,31
standard,BCwave_b2n1,2.0,1,0,baroclinic_conversion_proxy,500.0,8.809060302390267e-05,286.0,316.0,31
standard,BCwave_b2n1,2.0,1,0,baroclinic_conversion_proxy,600.0,0.00012476686477443325,286.0,316.0,31
standard,BCwave_b2n1,2.0,1,0,baroclinic_conversion_proxy,700.0,0.00017663294866290545,286.0,316.0,31
standard,BCwave_b2n1,2.0,1,0,baroclinic_conversion_proxy,850.0,0.0002904461345620333,286.0,316.0,31
standard,BCwave_b2n1,2.0,1,0,baroclinic_conversion_proxy,925.0,0.0002982950639805847,286.0,316.0,31
standard,BCwave_b2n1,2.0,1,0,baroclinic_conversion_proxy,975.0,0.0002949748238954212,286.0,316.0,31
standard,BCwave_b2n1,2.0,1,0,baroclinic_conversion_proxy,1000.0,0.00029583285363661425,286.0,316.0,31
standard,BCwave_b2n1,2.0,1,0,ep_flux_vertical,10.0,-38.18751113645492,286.0,316.0,31
standard,BCwave_b2n1,2.0,1,0,ep_flux_vertical,50.0,-4763.2521106350805,286.0,316.0,31
standard,BCwave_b2n1,2.0,1,0,ep_flux_vertical,100.0,-25486.081716229837,286.0,316.0,31
standard,BCwave_b2n1,2.0,1,0,ep_flux_vertical,150.0,-121309.34072580645,286.0,316.0,31
standard,BCwave_b2n1,2.0,1,0,ep_flux_vertical,200.0,-481119.10987903224,286.0,316.0,31
standard,BCwave_b2n1,2.0,1,0,ep_flux_vertical,250.0,-1001694.1391129033,286.0,316.0,31
standard,BCwave_b2n1,2.0,1,0,ep_flux_vertical,300.0,-1625524.5564516129,286.0,316.0,31
standard,BCwave_b2n1,2.0,1,0,ep_flux_vertical,400.0,-3311530.959677419,286.0,316.0,31
standard,BCwave_b2n1,2.0,1,0,ep_flux_vertical,500.0,-5747144.193548387,286.0,316.0,31
standard,BCwave_b2n1,2.0,1,0,ep_flux_vertical,600.0,-8758077.564516129,286.0,316.0,31
standard,BCwave_b2n1,2.0,1,0,ep_flux_vertical,700.0,-12578243.451612903,286.0,316.0,31
standard,BCwave_b2n1,2.0,1,0,ep_flux_vertical,850.0,-18382102.612903226,286.0,316.0,31
standard,BCwave_b2n1,2.0,1,0,ep_flux_vertical,925.0,-18718919.580645163,286.0,316.0,31
standard,BCwave_b2n1,2.0,1,0,ep_flux_vertical,975.0,-19389805.580645163,286.0,316.0,31
standard,BCwave_b2n1,2.0,1,0,ep_flux_vertical,1000.0,-20656516.741935484,286.0,316.0,31
standard,BCwave_b2n1s5,2.0,1,5,eddy_heat_flux_vT,10.0,0.007173721638641187,262.0,296.0,35
standard,BCwave_b2n1s5,2.0,1,5,eddy_heat_flux_vT,50.0,0.184770410827228,262.0,296.0,35
standard,BCwave_b2n1s5,2.0,1,5,eddy_heat_flux_vT,100.0,0.19882647352559227,262.0,296.0,35
standard,BCwave_b2n1s5,2.0,1,5,eddy_heat_flux_vT,150.0,0.6581891596317291,262.0,296.0,35
standard,BCwave_b2n1s5,2.0,1,5,eddy_heat_flux_vT,200.0,2.199098198754447,262.0,296.0,35
standard,BCwave_b2n1s5,2.0,1,5,eddy_heat_flux_vT,250.0,4.1041270460401265,262.0,296.0,35
standard,BCwave_b2n1s5,2.0,1,5,eddy_heat_flux_vT,300.0,5.965094334738595,262.0,296.0,35
standard,BCwave_b2n1s5,2.0,1,5,eddy_heat_flux_vT,400.0,9.136971732548306,262.0,296.0,35
standard,BCwave_b2n1s5,2.0,1,5,eddy_heat_flux_vT,500.0,11.136408846718924,262.0,296.0,35
standard,BCwave_b2n1s5,2.0,1,5,eddy_heat_flux_vT,600.0,13.694579097202846,262.0,296.0,35
standard,BCwave_b2n1s5,2.0,1,5,eddy_heat_flux_vT,700.0,18.886604745047432,262.0,296.0,35
standard,BCwave_b2n1s5,2.0,1,5,eddy_heat_flux_vT,850.0,29.931176212855746,262.0,296.0,35
standard,BCwave_b2n1s5,2.0,1,5,eddy_heat_flux_vT,925.0,31.555595997401646,262.0,296.0,35
standard,BCwave_b2n1s5,2.0,1,5,eddy_heat_flux_vT,975.0,33.067119761875695,262.0,296.0,35
standard,BCwave_b2n1s5,2.0,1,5,eddy_heat_flux_vT,1000.0,35.63088945661272,262.0,296.0,35
standard,BCwave_b2n1s5,2.0,1,5,baroclinic_conversion_proxy,10.0,-4.454242251229955e-09,262.0,296.0,35
standard,BCwave_b2n1s5,2.0,1,5,baroclinic_conversion_proxy,50.0,-8.284681257464399e-07,262.0,296.0,35
standard,BCwave_b2n1s5,2.0,1,5,baroclinic_conversion_proxy,100.0,-1.0513095649652573e-06,262.0,296.0,35
standard,BCwave_b2n1s5,2.0,1,5,baroclinic_conversion_proxy,150.0,-3.186757336542152e-06,262.0,296.0,35
standard,BCwave_b2n1s5,2.0,1,5,baroclinic_conversion_proxy,200.0,-5.222445328659627e-06,262.0,296.0,35
standard,BCwave_b2n1s5,2.0,1,5,baroclinic_conversion_proxy,250.0,9.915467379479586e-07,262.0,296.0,35
standard,BCwave_b2n1s5,2.0,1,5,baroclinic_conversion_proxy,300.0,1.5751490302916084e-05,262.0,296.0,35
standard,BCwave_b2n1s5,2.0,1,5,baroclinic_conversion_proxy,400.0,5.835893763495343e-05,262.0,296.0,35
standard,BCwave_b2n1s5,2.0,1,5,baroclinic_conversion_proxy,500.0,9.634203420968593e-05,262.0,296.0,35
standard,BCwave_b2n1s5,2.0,1,5,baroclinic_conversion_proxy,600.0,0.0001339800824228275,262.0,296.0,35
standard,BCwave_b2n1s5,2.0,1,5,baroclinic_conversion_proxy,700.0,0.00019692503223528286,262.0,296.0,35
standard,BCwave_b2n1s5,2.0,1,5,baroclinic_conversion_proxy,850.0,0.0003229421255777457,262.0,296.0,35
standard,BCwave_b2n1s5,2.0,1,5,baroclinic_conversion_proxy,925.0,0.0003350063568047647,262.0,296.0,35
standard,BCwave_b2n1s5,2.0,1,5,baroclinic_conversion_proxy,975.0,0.00034769897049825106,262.0,296.0,35
standard,BCwave_b2n1s5,2.0,1,5,baroclinic_conversion_proxy,1000.0,0.0003698861800200705,262.0,296.0,35
standard,BCwave_b2n1s5,2.0,1,5,ep_flux_vertical,10.0,-74.25688792637416,262.0,296.0,35
standard,BCwave_b2n1s5,2.0,1,5,ep_flux_vertical,50.0,-2623.9442626953123,262.0,296.0,35
standard,BCwave_b2n1s5,2.0,1,5,ep_flux_vertical,100.0,-12222.977985491072,262.0,296.0,35
standard,BCwave_b2n1s5,2.0,1,5,ep_flux_vertical,150.0,-85955.77678571429,262.0,296.0,35
standard,BCwave_b2n1s5,2.0,1,5,ep_flux_vertical,200.0,-393997.55089285714,262.0,296.0,35
standard,BCwave_b2n1s5,2.0,1,5,ep_flux_vertical,250.0,-873165.1517857143,262.0,296.0,35
standard,BCwave_b2n1s5,2.0,1,5,ep_flux_vertical,300.0,-1496782.9803571429,262.0,296.0,35
standard,BCwave_b2n1s5,2.0,1,5,ep_flux_vertical,400.0,-3185246.092857143,262.0,296.0,35
standard,BCwave_b2n1s5,2.0,1,5,ep_flux_vertical,500.0,-5335583.535714285,262.0,296.0,35
standard,BCwave_b2n1s5,2.0,1,5,ep_flux_vertical,600.0,-8181853.242857143,262.0,296.0,35
standard,BCwave_b2n1s5,2.0,1,5,ep_flux_vertical,700.0,-12199172.971428571,262.0,296.0,35
standard,BCwave_b2n1s5,2.0,1,5,ep_flux_vertical,850.0,-18086958.6,262.0,296.0,35
standard,BCwave_b2n1s5,2.0,1,5,ep_flux_vertical,925.0,-18656561.8,262.0,296.0,35
standard,BCwave_b2n1s5,2.0,1,5,ep_flux_vertical,975.0,-19697660.057142857,262.0,296.0,35
standard,BCwave_b2n1s5,2.0,1,5,ep_flux_vertical,1000.0,-21423933.62857143,262.0,296.0,35
standard,BCwave_b2n1s10,2.0,1,10,eddy_heat_flux_vT,10.0,0.013380421974667997,258.0,323.0,66
standard,BCwave_b2n1s10,2.0,1,10,eddy_heat_flux_vT,50.0,0.11412174658228953,258.0,323.0,66
standard,BCwave_b2n1s10,2.0,1,10,eddy_heat_flux_vT,100.0,-0.3426987344794201,258.0,323.0,66
standard,BCwave_b2n1s10,2.0,1,10,eddy_heat_flux_vT,150.0,0.23943301312851184,258.0,323.0,66
standard,BCwave_b2n1s10,2.0,1,10,eddy_heat_flux_vT,200.0,1.6430438395702478,258.0,323.0,66
standard,BCwave_b2n1s10,2.0,1,10,eddy_heat_flux_vT,250.0,3.184006340575941,258.0,323.0,66
standard,BCwave_b2n1s10,2.0,1,10,eddy_heat_flux_vT,300.0,4.827147454926462,258.0,323.0,66
standard,BCwave_b2n1s10,2.0,1,10,eddy_heat_flux_vT,400.0,7.456581166296294,258.0,323.0,66
standard,BCwave_b2n1s10,2.0,1,10,eddy_heat_flux_vT,500.0,8.519073768095536,258.0,323.0,66
standard,BCwave_b2n1s10,2.0,1,10,eddy_heat_flux_vT,600.0,10.878434239011822,258.0,323.0,66
standard,BCwave_b2n1s10,2.0,1,10,eddy_heat_flux_vT,700.0,15.138351628274629,258.0,323.0,66
standard,BCwave_b2n1s10,2.0,1,10,eddy_heat_flux_vT,850.0,21.643451343883168,258.0,323.0,66
standard,BCwave_b2n1s10,2.0,1,10,eddy_heat_flux_vT,925.0,23.2120943069458,258.0,323.0,66
standard,BCwave_b2n1s10,2.0,1,10,eddy_heat_flux_vT,975.0,26.16597955877131,258.0,323.0,66
standard,BCwave_b2n1s10,2.0,1,10,eddy_heat_flux_vT,1000.0,29.28755213997581,258.0,323.0,66
standard,BCwave_b2n1s10,2.0,1,10,baroclinic_conversion_proxy,10.0,-8.172981039419628e-09,258.0,323.0,66
standard,BCwave_b2n1s10,2.0,1,10,baroclinic_conversion_proxy,50.0,-4.455879104884017e-07,258.0,323.0,66
standard,BCwave_b2n1s10,2.0,1,10,baroclinic_conversion_proxy,100.0,2.7441921028612066e-06,258.0,323.0,66
standard,BCwave_b2n1s10,2.0,1,10,baroclinic_conversion_proxy,150.0,-9.89137677462085e-07,258.0,323.0,66
standard,BCwave_b2n1s10,2.0,1,10,baroclinic_conversion_proxy,200.0,-4.303621511953128e-06,258.0,323.0,66
standard,BCwave_b2n1s10,2.0,1,10,baroclinic_conversion_proxy,250.0,-5.054734301157885e-08,258.0,323.0,66
standard,BCwave_b2n1s10,2.0,1,10,baroclinic_conversion_proxy,300.0,1.1759267856563604e-05,258.0,323.0,66
standard,BCwave_b2n1s10,2.0,1,10,baroclinic_conversion_proxy,400.0,4.793805436003657e-05,258.0,323.0,66
standard,BCwave_b2n1s10,2.0,1,10,baroclinic_conversion_proxy,500.0,7.640934905573499e-05,258.0,323.0,66
standard,BCwave_b2n1s10,2.0,1,10,baroclinic_conversion_proxy,600.0,0.00011209996514618538,258.0,323.0,66
standard,BCwave_b2n1s10,2.0,1,10,baroclinic_conversion_proxy,700.0,0.00016780166444015887,258.0,323.0,66
standard,BCwave_b2n1s10,2.0,1,10,baroclinic_conversion_proxy,850.0,0.00025193585403912675,258.0,323.0,66
standard,BCwave_b2n1s10,2.0,1,10,baroclinic_conversion_proxy,925.0,0.00027295825147479206,258.0,323.0,66
standard,BCwave_b2n1s10,2.0,1,10,baroclinic_conversion_proxy,975.0,0.00031021701226674134,258.0,323.0,66
standard,BCwave_b2n1s10,2.0,1,10,baroclinic_conversion_proxy,1000.0,0.00034576433289189345,258.0,323.0,66
standard,BCwave_b2n1s10,2.0,1,10,ep_flux_vertical,10.0,-139.86941037033543,258.0,323.0,66
standard,BCwave_b2n1s10,2.0,1,10,ep_flux_vertical,50.0,-1719.1072179620917,258.0,323.0,66
standard,BCwave_b2n1s10,2.0,1,10,ep_flux_vertical,100.0,14056.876159667969,258.0,323.0,66
standard,BCwave_b2n1s10,2.0,1,10,ep_flux_vertical,150.0,-37315.512251420456,258.0,323.0,66
standard,BCwave_b2n1s10,2.0,1,10,ep_flux_vertical,200.0,-276774.28267045453,258.0,323.0,66
standard,BCwave_b2n1s10,2.0,1,10,ep_flux_vertical,250.0,-620642.7064393939,258.0,323.0,66
standard,BCwave_b2n1s10,2.0,1,10,ep_flux_vertical,300.0,-1088290.1136363635,258.0,323.0,66
standard,BCwave_b2n1s10,2.0,1,10,ep_flux_vertical,400.0,-2303280.5303030303,258.0,323.0,66
standard,BCwave_b2n1s10,2.0,1,10,ep_flux_vertical,500.0,-3679707.287878788,258.0,323.0,66
standard,BCwave_b2n1s10,2.0,1,10,ep_flux_vertical,600.0,-5881858.053030303,258.0,323.0,66
standard,BCwave_b2n1s10,2.0,1,10,ep_flux_vertical,700.0,-8634224.083333334,258.0,323.0,66
standard,BCwave_b2n1s10,2.0,1,10,ep_flux_vertical,850.0,-11221372.363636363,258.0,323.0,66
standard,BCwave_b2n1s10,2.0,1,10,ep_flux_vertical,925.0,-11134572.196969697,258.0,323.0,66
standard,BCwave_b2n1s10,2.0,1,10,ep_flux_vertical,975.0,-12020671.984848484,258.0,323.0,66
standard,BCwave_b2n1s10,2.0,1,10,ep_flux_vertical,1000.0,-13747016.848484848,258.0,323.0,66
standard,BCwave_b2n3s-10,2.0,3,-10,eddy_heat_flux_vT,10.0,0.0002031887247889804,321.0,346.0,26
standard,BCwave_b2n3s-10,2.0,3,-10,eddy_heat_flux_vT,50.0,0.07719776822397342,321.0,346.0,26
standard,BCwave_b2n3s-10,2.0,3,-10,eddy_heat_flux_vT,100.0,0.1446430253294798,321.0,346.0,26
standard,BCwave_b2n3s-10,2.0,3,-10,eddy_heat_flux_vT,150.0,0.14820000128104135,321.0,346.0,26
standard,BCwave_b2n3s-10,2.0,3,-10,eddy_heat_flux_vT,200.0,0.2771575737458009,321.0,346.0,26
standard,BCwave_b2n3s-10,2.0,3,-10,eddy_heat_flux_vT,250.0,0.4647838060672467,321.0,346.0,26
standard,BCwave_b2n3s-10,2.0,3,-10,eddy_heat_flux_vT,300.0,0.6870969304671655,321.0,346.0,26
standard,BCwave_b2n3s-10,2.0,3,-10,eddy_heat_flux_vT,400.0,1.2337364967052753,321.0,346.0,26
standard,BCwave_b2n3s-10,2.0,3,-10,eddy_heat_flux_vT,500.0,1.8888021340736976,321.0,346.0,26
standard,BCwave_b2n3s-10,2.0,3,-10,eddy_heat_flux_vT,600.0,2.654560822706956,321.0,346.0,26
standard,BCwave_b2n3s-10,2.0,3,-10,eddy_heat_flux_vT,700.0,3.428710653231694,321.0,346.0,26
standard,BCwave_b2n3s-10,2.0,3,-10,eddy_heat_flux_vT,850.0,5.482599368462195,321.0,346.0,26
standard,BCwave_b2n3s-10,2.0,3,-10,eddy_heat_flux_vT,925.0,6.99231611765348,321.0,346.0,26
standard,BCwave_b2n3s-10,2.0,3,-10,eddy_heat_flux_vT,975.0,7.683479657539954,321.0,346.0,26
standard,BCwave_b2n3s-10,2.0,3,-10,eddy_heat_flux_vT,1000.0,7.894713401794434,321.0,346.0,26
standard,BCwave_b2n3s-10,2.0,3,-10,baroclinic_conversion_proxy,10.0,-8.000732354941108e-11,321.0,346.0,26
standard,BCwave_b2n3s-10,2.0,3,-10,baroclinic_conversion_proxy,50.0,-2.707153125942778e-07,321.0,346.0,26
standard,BCwave_b2n3s-10,2.0,3,-10,baroclinic_conversion_proxy,100.0,-5.83413000098377e-07,321.0,346.0,26
standard,BCwave_b2n3s-10,2.0,3,-10,baroclinic_conversion_proxy,150.0,-4.728387943067411e-07,321.0,346.0,26
standard,BCwave_b2n3s-10,2.0,3,-10,baroclinic_conversion_proxy,200.0,-4.2203505210216883e-07,321.0,346.0,26
standard,BCwave_b2n3s-10,2.0,3,-10,baroclinic_conversion_proxy,250.0,1.2591085343580323e-07,321.0,346.0,26
standard,BCwave_b2n3s-10,2.0,3,-10,baroclinic_conversion_proxy,300.0,1.3338954851440997e-06,321.0,346.0,26
standard,BCwave_b2n3s-10,2.0,3,-10,baroclinic_conversion_proxy,400.0,5.6708818717127615e-06,321.0,346.0,26
standard,BCwave_b2n3s-10,2.0,3,-10,baroclinic_conversion_proxy,500.0,1.1836927604655592e-05,321.0,346.0,26
standard,BCwave_b2n3s-10,2.0,3,-10,baroclinic_conversion_proxy,600.0,1.9016961372332073e-05,321.0,346.0,26
standard,BCwave_b2n3s-10,2.0,3,-10,baroclinic_conversion_proxy,700.0,2.5361345461323464e-05,321.0,346.0,26
standard,BCwave_b2n3s-10,2.0,3,-10,baroclinic_conversion_proxy,850.0,3.957524173669159e-05,321.0,346.0,26
standard,BCwave_b2n3s-10,2.0,3,-10,baroclinic_conversion_proxy,925.0,4.795649958675942e-05,321.0,346.0,26
standard,BCwave_b2n3s-10,2.0,3,-10,baroclinic_conversion_proxy,975.0,4.993912723595993e-05,321.0,346.0,26
standard,BCwave_b2n3s-10,2.0,3,-10,baroclinic_conversion_proxy,1000.0,4.933593845635187e-05,321.0,346.0,26
standard,BCwave_b2n3s-10,2.0,3,-10,ep_flux_vertical,10.0,-2.1188088472072897,321.0,346.0,26
standard,BCwave_b2n3s-10,2.0,3,-10,ep_flux_vertical,50.0,-1053.8360642653245,321.0,346.0,26
standard,BCwave_b2n3s-10,2.0,3,-10,ep_flux_vertical,100.0,-8097.088547926683,321.0,346.0,26
standard,BCwave_b2n3s-10,2.0,3,-10,ep_flux_vertical,150.0,-23594.109900841348,321.0,346.0,26
standard,BCwave_b2n3s-10,2.0,3,-10,ep_flux_vertical,200.0,-68416.06009615384,321.0,346.0,26
standard,BCwave_b2n3s-10,2.0,3,-10,ep_flux_vertical,250.0,-137792.60757211538,321.0,346.0,26
standard,BCwave_b2n3s-10,2.0,3,-10,ep_flux_vertical,300.0,-235841.65745192306,321.0,346.0,26
standard,BCwave_b2n3s-10,2.0,3,-10,ep_flux_vertical,400.0,-540796.9194711539,321.0,346.0,26
standard,BCwave_b2n3s-10,2.0,3,-10,ep_flux_vertical,500.0,-1029961.0432692308,321.0,346.0,26
standard,BCwave_b2n3s-10,2.0,3,-10,ep_flux_vertical,600.0,-1745548.2884615385,321.0,346.0,26
standard,BCwave_b2n3s-10,2.0,3,-10,ep_flux_vertical,700.0,-2599544.923076923,321.0,346.0,26
standard,BCwave_b2n3s-10,2.0,3,-10,ep_flux_vertical,850.0,-4594779.076923077,321.0,346.0,26
standard,BCwave_b2n3s-10,2.0,3,-10,ep_flux_vertical,925.0,-5888072.211538462,321.0,346.0,26
standard,BCwave_b2n3s-10,2.0,3,-10,ep_flux_vertical,975.0,-6573854.788461538,321.0,346.0,26
standard,BCwave_b2n3s-10,2.0,3,-10,ep_flux_vertical,1000.0,-6837435.673076923,321.0,346.0,26
standard,BCwave_b2n3s-5,2.0,3,-5,eddy_heat_flux_vT,10.0,0.0005970179415519603,309.0,341.0,33
standard,BCwave_b2n3s-5,2.0,3,-5,eddy_heat_flux_vT,50.0,0.16929669745943762,309.0,341.0,33
standard,BCwave_b2n3s-5,2.0,3,-5,eddy_heat_flux_vT,100.0,0.28848926000522845,309.0,341.0,33
standard,BCwave_b2n3s-5,2.0,3,-5,eddy_heat_flux_vT,150.0,0.32289795035665686,309.0,341.0,33
standard,BCwave_b2n3s-5,2.0,3,-5,eddy_heat_flux_vT,200.0,0.6542579603917671,309.0,341.0,33
standard,BCwave_b2n3s-5,2.0,3,-5,eddy_heat_flux_vT,250.0,1.1010817578344634,309.0,341.0,33
standard,BCwave_b2n3s-5,2.0,3,-5,eddy_heat_flux_vT,300.0,1.586699467716795,309.0,341.0,33
standard,BCwave_b2n3s-5,2.0,3,-5,eddy_heat_flux_vT,400.0,2.583024429552483,309.0,341.0,33
standard,BCwave_b2n3s-5,2.0,3,-5,eddy_heat_flux_vT,500.0,3.6122213927182285,309.0,341.0,33
standard,BCwave_b2n3s-5,2.0,3,-5,eddy_heat_flux_vT,600.0,4.672000075831558,309.0,341.0,33
standard,BCwave_b2n3s-5,2.0,3,-5,eddy_heat_flux_vT,700.0,5.9893229513457324,309.0,341.0,33
standard,BCwave_b2n3s-5,2.0,3,-5,eddy_heat_flux_vT,850.0,9.775973897991758,309.0,341.0,33
standard,BCwave_b2n3s-5,2.0,3,-5,eddy_heat_flux_vT,925.0,11.776739785165498,309.0,341.0,33
standard,BCwave_b2n3s-5,2.0,3,-5,eddy_heat_flux_vT,975.0,12.790022705540512,309.0,341.0,33
standard,BCwave_b2n3s-5,2.0,3,-5,eddy_heat_flux_vT,1000.0,12.731488083348129,309.0,341.0,33
standard,BCwave_b2n3s-5,2.0,3,-5,baroclinic_conversion_proxy,10.0,-2.57172383136525e-10,309.0,341.0,33
standard,BCwave_b2n3s-5,2.0,3,-5,baroclinic_conversion_proxy,50.0,-6.516157842532155e-07,309.0,341.0,33
standard,BCwave_b2n3s-5,2.0,3,-5,baroclinic_conversion_proxy,100.0,-1.2915600264436349e-06,309.0,341.0,33
standard,BCwave_b2n3s-5,2.0,3,-5,baroclinic_conversion_proxy,150.0,-1.1464895633804244e-06,309.0,341.0,33
standard,BCwave_b2n3s-5,2.0,3,-5,baroclinic_conversion_proxy,200.0,-1.1016454956888717e-06,309.0,341.0,33
standard,BCwave_b2n3s-5,2.0,3,-5,baroclinic_conversion_proxy,250.0,2.737098019210724e-07,309.0,341.0,33
standard,BCwave_b2n3s-5,2.0,3,-5,baroclinic_conversion_proxy,300.0,3.2013263011542605e-06,309.0,341.0,33
standard,BCwave_b2n3s-5,2.0,3,-5,baroclinic_conversion_proxy,400.0,1.241154581238692e-05,309.0,341.0,33
standard,BCwave_b2n3s-5,2.0,3,-5,baroclinic_conversion_proxy,500.0,2.3840170273835998e-05,309.0,341.0,33
standard,BCwave_b2n3s-5,2.0,3,-5,baroclinic_conversion_proxy,600.0,3.505034978981271e-05,309.0,341.0,33
standard,BCwave_b2n3s-5,2.0,3,-5,baroclinic_conversion_proxy,700.0,4.632310711630535e-05,309.0,341.0,33
standard,BCwave_b2n3s-5,2.0,3,-5,baroclinic_conversion_proxy,850.0,7.449466824199948e-05,309.0,341.0,33
standard,BCwave_b2n3s-5,2.0,3,-5,baroclinic_conversion_proxy,925.0,8.405412760718416e-05,309.0,341.0,33
standard,BCwave_b2n3s-5,2.0,3,-5,baroclinic_conversion_proxy,975.0,8.643587617288259e-05,309.0,341.0,33
standard,BCwave_b2n3s-5,2.0,3,-5,baroclinic_conversion_proxy,1000.0,8.187958354193887e-05,309.0,341.0,33
standard,BCwave_b2n3s-5,2.0,3,-5,ep_flux_vertical,10.0,-6.390638972773696,309.0,341.0,33
standard,BCwave_b2n3s-5,2.0,3,-5,ep_flux_vertical,50.0,-2387.075617009943,309.0,341.0,33
standard,BCwave_b2n3s-5,2.0,3,-5,ep_flux_vertical,100.0,-16708.202829071968,309.0,341.0,33
standard,BCwave_b2n3s-5,2.0,3,-5,ep_flux_vertical,150.0,-50811.30421401515,309.0,341.0,33
standard,BCwave_b2n3s-5,2.0,3,-5,ep_flux_vertical,200.0,-153636.12334280304,309.0,341.0,33
standard,BCwave_b2n3s-5,2.0,3,-5,ep_flux_vertical,250.0,-308487.3565340909,309.0,341.0,33
standard,BCwave_b2n3s-5,2.0,3,-5,ep_flux_vertical,300.0,-516607.4744318182,309.0,341.0,33
standard,BCwave_b2n3s-5,2.0,3,-5,ep_flux_vertical,400.0,-1093462.9696969697,309.0,341.0,33
standard,BCwave_b2n3s-5,2.0,3,-5,ep_flux_vertical,500.0,-1948875.8257575757,309.0,341.0,33
standard,BCwave_b2n3s-5,2.0,3,-5,ep_flux_vertical,600.0,-3080181.492424242,309.0,341.0,33
standard,BCwave_b2n3s-5,2.0,3,-5,ep_flux_vertical,700.0,-4522442.121212121,309.0,341.0,33
standard,BCwave_b2n3s-5,2.0,3,-5,ep_flux_vertical,850.0,-7823096.015151516,309.0,341.0,33
standard,BCwave_b2n3s-5,2.0,3,-5,ep_flux_vertical,925.0,-9440937.090909092,309.0,341.0,33
standard,BCwave_b2n3s-5,2.0,3,-5,ep_flux_vertical,975.0,-10723083.363636363,309.0,341.0,33
standard,BCwave_b2n3s-5,2.0,3,-5,ep_flux_vertical,1000.0,-11253921.454545455,309.0,341.0,33
standard,BCwave_b2n3,2.0,3,0,eddy_heat_flux_vT,10.0,0.0012622485713412364,304.0,342.0,39
standard,BCwave_b2n3,2.0,3,0,eddy_heat_flux_vT,50.0,0.31558336852452695,304.0,342.0,39
standard,BCwave_b2n3,2.0,3,0,eddy_heat_flux_vT,100.0,0.4975919494262108,304.0,342.0,39
standard,BCwave_b2n3,2.0,3,0,eddy_heat_flux_vT,150.0,0.6625968829179422,304.0,342.0,39
standard,BCwave_b2n3,2.0,3,0,eddy_heat_flux_vT,200.0,1.4570689109655528,304.0,342.0,39
standard,BCwave_b2n3,2.0,3,0,eddy_heat_flux_vT,250.0,2.414344322987092,304.0,342.0,39
standard,BCwave_b2n3,2.0,3,0,eddy_heat_flux_vT,300.0,3.3109174141517053,304.0,342.0,39
standard,BCwave_b2n3,2.0,3,0,eddy_heat_flux_vT,400.0,4.756967801314134,304.0,342.0,39
standard,BCwave_b2n3,2.0,3,0,eddy_heat_flux_vT,500.0,6.164108203007625,304.0,342.0,39
standard,BCwave_b2n3,2.0,3,0,eddy_heat_flux_vT,600.0,7.893584055778308,304.0,342.0,39
standard,BCwave_b2n3,2.0,3,0,eddy_heat_flux_vT,700.0,10.386666835882725,304.0,342.0,39
standard,BCwave_b2n3,2.0,3,0,eddy_heat_flux_vT,850.0,17.06692908360408,304.0,342.0,39
standard,BCwave_b2n3,2.0,3,0,eddy_heat_flux_vT,925.0,19.42375779763246,304.0,342.0,39
standard,BCwave_b2n3,2.0,3,0,eddy_heat_flux_vT,975.0,19.886974872686924,304.0,342.0,39
standard,BCwave_b2n3,2.0,3,0,eddy_heat_flux_vT,1000.0,19.571460283719578,304.0,342.0,39
standard,BCwave_b2n3,2.0,3,0,baroclinic_conversion_proxy,10.0,-5.941526786237898e-10,304.0,342.0,39
standard,BCwave_b2n3,2.0,3,0,baroclinic_conversion_proxy,50.0,-1.2872393470458449e-06,304.0,342.0,39
standard,BCwave_b2n3,2.0,3,0,baroclinic_conversion_proxy,100.0,-2.375349155068435e-06,304.0,342.0,39
standard,BCwave_b2n3,2.0,3,0,baroclinic_conversion_proxy,150.0,-2.570009731546937e-06,304.0,342.0,39
standard,BCwave_b2n3,2.0,3,0,baroclinic_conversion_proxy,200.0,-2.8138889576486035e-06,304.0,342.0,39
standard,BCwave_b2n3,2.0,3,0,baroclinic_conversion_proxy,250.0,2.4635819857056236e-07,304.0,342.0,39
standard,BCwave_b2n3,2.0,3,0,baroclinic_conversion_proxy,300.0,6.5379117936222774e-06,304.0,342.0,39
standard,BCwave_b2n3,2.0,3,0,baroclinic_conversion_proxy,400.0,2.3531161833745547e-05,304.0,342.0,39
standard,BCwave_b2n3,2.0,3,0,baroclinic_conversion_proxy,500.0,4.192222238485463e-05,304.0,342.0,39
standard,BCwave_b2n3,2.0,3,0,baroclinic_conversion_proxy,600.0,6.039248761132909e-05,304.0,342.0,39
standard,BCwave_b2n3,2.0,3,0,baroclinic_conversion_proxy,700.0,8.206836467322249e-05,304.0,342.0,39
standard,BCwave_b2n3,2.0,3,0,baroclinic_conversion_proxy,850.0,0.00013287044473541662,304.0,342.0,39
standard,BCwave_b2n3,2.0,3,0,baroclinic_conversion_proxy,925.0,0.00014217213043966927,304.0,342.0,39
standard,BCwave_b2n3,2.0,3,0,baroclinic_conversion_proxy,975.0,0.00013993484324787577,304.0,342.0,39
standard,BCwave_b2n3,2.0,3,0,baroclinic_conversion_proxy,1000.0,0.00013252118141957535,304.0,342.0,39
standard,BCwave_b2n3,2.0,3,0,ep_flux_vertical,10.0,-13.35320044786502,304.0,342.0,39
standard,BCwave_b2n3,2.0,3,0,ep_flux_vertical,50.0,-4485.062969501202,304.0,342.0,39
standard,BCwave_b2n3,2.0,3,0,ep_flux_vertical,100.0,-29068.891826923078,304.0,342.0,39
standard,BCwave_b2n3,2.0,3,0,ep_flux_vertical,150.0,-99230.8657852564,304.0,342.0,39
standard,BCwave_b2n3,2.0,3,0,ep_flux_vertical,200.0,-320589.3393429487,304.0,342.0,39
standard,BCwave_b2n3,2.0,3,0,ep_flux_vertical,250.0,-637653.6907051282,304.0,342.0,39
standard,BCwave_b2n3,2.0,3,0,ep_flux_vertical,300.0,-1025687.6442307692,304.0,342.0,39
standard,BCwave_b2n3,2.0,3,0,ep_flux_vertical,400.0,-1952272.4134615385,304.0,342.0,39
standard,BCwave_b2n3,2.0,3,0,ep_flux_vertical,500.0,-3252531.6987179485,304.0,342.0,39
standard,BCwave_b2n3,2.0,3,0,ep_flux_vertical,600.0,-5074626.0,304.0,342.0,39
standard,BCwave_b2n3,2.0,3,0,ep_flux_vertical,700.0,-7523868.333333333,304.0,342.0,39
standard,BCwave_b2n3,2.0,3,0,ep_flux_vertical,850.0,-12388767.641025642,304.0,342.0,39
standard,BCwave_b2n3,2.0,3,0,ep_flux_vertical,925.0,-13973577.58974359,304.0,342.0,39
standard,BCwave_b2n3,2.0,3,0,ep_flux_vertical,975.0,-15309353.025641026,304.0,342.0,39
standard,BCwave_b2n3,2.0,3,0,ep_flux_vertical,1000.0,-16491877.871794872,304.0,342.0,39
standard,BCwave_b2n3s5,2.0,3,5,eddy_heat_flux_vT,10.0,0.0017327134111455005,286.0,323.0,38
standard,BCwave_b2n3s5,2.0,3,5,eddy_heat_flux_vT,50.0,0.27210057605254023,286.0,323.0,38
standard,BCwave_b2n3s5,2.0,3,5,eddy_heat_flux_vT,100.0,0.4392931210367303,286.0,323.0,38
standard,BCwave_b2n3s5,2.0,3,5,eddy_heat_flux_vT,150.0,0.8270640012465025,286.0,323.0,38
standard,BCwave_b2n3s5,2.0,3,5,eddy_heat_flux_vT,200.0,2.1567990811247575,286.0,323.0,38
standard,BCwave_b2n3s5,2.0,3,5,eddy_heat_flux_vT,250.0,3.6553545249135873,286.0,323.0,38
standard,BCwave_b2n3s5,2.0,3,5,eddy_heat_flux_vT,300.0,4.921159204683806,286.0,323.0,38
standard,BCwave_b2n3s5,2.0,3,5,eddy_heat_flux_vT,400.0,6.685979491785953,286.0,323.0,38
standard,BCwave_b2n3s5,2.0,3,5,eddy_heat_flux_vT,500.0,8.323393508007651,286.0,323.0,38
standard,BCwave_b2n3s5,2.0,3,5,eddy_heat_flux_vT,600.0,10.360705225091232,286.0,323.0,38
standard,BCwave_b2n3s5,2.0,3,5,eddy_heat_flux_vT,700.0,13.738944806550679,286.0,323.0,38
standard,BCwave_b2n3s5,2.0,3,5,eddy_heat_flux_vT,850.0,21.507708599692897,286.0,323.0,38
standard,BCwave_b2n3s5,2.0,3,5,eddy_heat_flux_vT,925.0,23.528359814694053,286.0,323.0,38
standard,BCwave_b2n3s5,2.0,3,5,eddy_heat_flux_vT,975.0,24.181233606840436,286.0,323.0,38
standard,BCwave_b2n3s5,2.0,3,5,eddy_heat_flux_vT,1000.0,24.165195665861432,286.0,323.0,38
standard,BCwave_b2n3s5,2.0,3,5,baroclinic_conversion_proxy,10.0,-8.500889173876808e-10,286.0,323.0,38
standard,BCwave_b2n3s5,2.0,3,5,baroclinic_conversion_proxy,50.0,-1.168449363089358e-06,286.0,323.0,38
standard,BCwave_b2n3s5,2.0,3,5,baroclinic_conversion_proxy,100.0,-2.3099351282278227e-06,286.0,323.0,38
standard,BCwave_b2n3s5,2.0,3,5,baroclinic_conversion_proxy,150.0,-3.6435604718127777e-06,286.0,323.0,38
standard,BCwave_b2n3s5,2.0,3,5,baroclinic_conversion_proxy,200.0,-4.724285992396242e-06,286.0,323.0,38
standard,BCwave_b2n3s5,2.0,3,5,baroclinic_conversion_proxy,250.0,5.825609400726026e-08,286.0,323.0,38
standard,BCwave_b2n3s5,2.0,3,5,baroclinic_conversion_proxy,300.0,9.983033746003026e-06,286.0,323.0,38
standard,BCwave_b2n3s5,2.0,3,5,baroclinic_conversion_proxy,400.0,3.4810214377725255e-05,286.0,323.0,38
standard,BCwave_b2n3s5,2.0,3,5,baroclinic_conversion_proxy,500.0,5.9616958376289786e-05,286.0,323.0,38
standard,BCwave_b2n3s5,2.0,3,5,baroclinic_conversion_proxy,600.0,8.345987302355322e-05,286.0,323.0,38
standard,BCwave_b2n3s5,2.0,3,5,baroclinic_conversion_proxy,700.0,0.0001152395778167135,286.0,323.0,38
standard,BCwave_b2n3s5,2.0,3,5,baroclinic_conversion_proxy,850.0,0.00017897653512926283,286.0,323.0,38
standard,BCwave_b2n3s5,2.0,3,5,baroclinic_conversion_proxy,925.0,0.0001872174742809301,286.0,323.0,38
standard,BCwave_b2n3s5,2.0,3,5,baroclinic_conversion_proxy,975.0,0.00018759193680077595,286.0,323.0,38
standard,BCwave_b2n3s5,2.0,3,5,baroclinic_conversion_proxy,1000.0,0.000182718397761499,286.0,323.0,38
standard,BCwave_b2n3s5,2.0,3,5,ep_flux_vertical,10.0,-18.177347835741546,286.0,323.0,38
standard,BCwave_b2n3s5,2.0,3,5,ep_flux_vertical,50.0,-3843.498175370066,286.0,323.0,38
standard,BCwave_b2n3s5,2.0,3,5,ep_flux_vertical,100.0,-25257.60716488487,286.0,323.0,38
standard,BCwave_b2n3s5,2.0,3,5,ep_flux_vertical,150.0,-112331.44058388157,286.0,323.0,38
standard,BCwave_b2n3s5,2.0,3,5,ep_flux_vertical,200.0,-427161.3273026316,286.0,323.0,38
standard,BCwave_b2n3s5,2.0,3,5,ep_flux_vertical,250.0,-873060.3305921053,286.0,323.0,38
standard,BCwave_b2n3s5,2.0,3,5,ep_flux_vertical,300.0,-1387964.3470394737,286.0,323.0,38
standard,BCwave_b2n3s5,2.0,3,5,ep_flux_vertical,400.0,-2555509.5263157897,286.0,323.0,38
standard,BCwave_b2n3s5,2.0,3,5,ep_flux_vertical,500.0,-4149426.388157895,286.0,323.0,38
standard,BCwave_b2n3s5,2.0,3,5,ep_flux_vertical,600.0,-6332049.934210527,286.0,323.0,38
standard,BCwave_b2n3s5,2.0,3,5,ep_flux_vertical,700.0,-9365470.592105264,286.0,323.0,38
standard,BCwave_b2n3s5,2.0,3,5,ep_flux_vertical,850.0,-14571526.842105264,286.0,323.0,38
standard,BCwave_b2n3s5,2.0,3,5,ep_flux_vertical,925.0,-16062759.605263159,286.0,323.0,38
standard,BCwave_b2n3s5,2.0,3,5,ep_flux_vertical,975.0,-17799496.60526316,286.0,323.0,38
standard,BCwave_b2n3s5,2.0,3,5,ep_flux_vertical,1000.0,-19552894.710526317,286.0,323.0,38
standard,BCwave_b2n3s10,2.0,3,10,eddy_heat_flux_vT,10.0,0.002670755669650798,254.0,290.0,37
standard,BCwave_b2n3s10,2.0,3,10,eddy_heat_flux_vT,50.0,0.13166915605197083,254.0,290.0,37
standard,BCwave_b2n3s10,2.0,3,10,eddy_heat_flux_vT,100.0,0.167307259061852,254.0,290.0,37
standard,BCwave_b2n3s10,2.0,3,10,eddy_heat_flux_vT,150.0,0.5086278319358826,254.0,290.0,37
standard,BCwave_b2n3s10,2.0,3,10,eddy_heat_flux_vT,200.0,1.6776712858999097,254.0,290.0,37
standard,BCwave_b2n3s10,2.0,3,10,eddy_heat_flux_vT,250.0,3.070351648975063,254.0,290.0,37
standard,BCwave_b2n3s10,2.0,3,10,eddy_heat_flux_vT,300.0,4.392346678553401,254.0,290.0,37
standard,BCwave_b2n3s10,2.0,3,10,eddy_heat_flux_vT,400.0,6.664846961562698,254.0,290.0,37
standard,BCwave_b2n3s10,2.0,3,10,eddy_heat_flux_vT,500.0,8.29860970780656,254.0,290.0,37
standard,BCwave_b2n3s10,2.0,3,10,eddy_heat_flux_vT,600.0,10.34254384685207,254.0,290.0,37
standard,BCwave_b2n3s10,2.0,3,10,eddy_heat_flux_vT,700.0,13.785611693923538,254.0,290.0,37
standard,BCwave_b2n3s10,2.0,3,10,eddy_heat_flux_vT,850.0,20.89640622525602,254.0,290.0,37
standard,BCwave_b2n3s10,2.0,3,10,eddy_heat_flux_vT,925.0,22.967054263965505,254.0,290.0,37
standard,BCwave_b2n3s10,2.0,3,10,eddy_heat_flux_vT,975.0,24.246325312434017,254.0,290.0,37
standard,BCwave_b2n3s10,2.0,3,10,eddy_heat_flux_vT,1000.0,24.316125302701384,254.0,290.0,37
standard,BCwave_b2n3s10,2.0,3,10,baroclinic_conversion_proxy,10.0,-1.4889894535070554e-09,254.0,290.0,37
standard,BCwave_b2n3s10,2.0,3,10,baroclinic_conversion_proxy,50.0,-6.043273324885868e-07,254.0,290.0,37
standard,BCwave_b2n3s10,2.0,3,10,baroclinic_conversion_proxy,100.0,-1.035262760131052e-06,254.0,290.0,37
standard,BCwave_b2n3s10,2.0,3,10,baroclinic_conversion_proxy,150.0,-2.5692404075950458e-06,254.0,290.0,37
standard,BCwave_b2n3s10,2.0,3,10,baroclinic_conversion_proxy,200.0,-4.079817155822663e-06,254.0,290.0,37
standard,BCwave_b2n3s10,2.0,3,10,baroclinic_conversion_proxy,250.0,3.520061522746456e-08,254.0,290.0,37
standard,BCwave_b2n3s10,2.0,3,10,baroclinic_conversion_proxy,300.0,9.803214308359767e-06,254.0,290.0,37
standard,BCwave_b2n3s10,2.0,3,10,baroclinic_conversion_proxy,400.0,3.811514958412059e-05,254.0,290.0,37
standard,BCwave_b2n3s10,2.0,3,10,baroclinic_conversion_proxy,500.0,6.46057837789035e-05,254.0,290.0,37
standard,BCwave_b2n3s10,2.0,3,10,baroclinic_conversion_proxy,600.0,9.018023037414596e-05,254.0,290.0,37
standard,BCwave_b2n3s10,2.0,3,10,baroclinic_conversion_proxy,700.0,0.00012601378772602844,254.0,290.0,37
standard,BCwave_b2n3s10,2.0,3,10,baroclinic_conversion_proxy,850.0,0.00019063863500549987,254.0,290.0,37
standard,BCwave_b2n3s10,2.0,3,10,baroclinic_conversion_proxy,925.0,0.00020090791607602827,254.0,290.0,37
standard,BCwave_b2n3s10,2.0,3,10,baroclinic_conversion_proxy,975.0,0.0002057527532530445,254.0,290.0,37
standard,BCwave_b2n3s10,2.0,3,10,baroclinic_conversion_proxy,1000.0,0.00019992734549403494,254.0,290.0,37
standard,BCwave_b2n3s10,2.0,3,10,ep_flux_vertical,10.0,-26.010676512847077,254.0,290.0,37
standard,BCwave_b2n3s10,2.0,3,10,ep_flux_vertical,50.0,-1799.5441861539273,254.0,290.0,37
standard,BCwave_b2n3s10,2.0,3,10,ep_flux_vertical,100.0,-9180.628932643582,254.0,290.0,37
standard,BCwave_b2n3s10,2.0,3,10,ep_flux_vertical,150.0,-58923.44188133446,254.0,290.0,37
standard,BCwave_b2n3s10,2.0,3,10,ep_flux_vertical,200.0,-286783.99197635136,254.0,290.0,37
standard,BCwave_b2n3s10,2.0,3,10,ep_flux_vertical,250.0,-634558.0346283783,254.0,290.0,37
standard,BCwave_b2n3s10,2.0,3,10,ep_flux_vertical,300.0,-1075045.4256756757,254.0,290.0,37
standard,BCwave_b2n3s10,2.0,3,10,ep_flux_vertical,400.0,-2233411.733108108,254.0,290.0,37
standard,BCwave_b2n3s10,2.0,3,10,ep_flux_vertical,500.0,-3708674.385135135,254.0,290.0,37
standard,BCwave_b2n3s10,2.0,3,10,ep_flux_vertical,600.0,-5752309.405405405,254.0,290.0,37
standard,BCwave_b2n3s10,2.0,3,10,ep_flux_vertical,700.0,-8651997.581081081,254.0,290.0,37
standard,BCwave_b2n3s10,2.0,3,10,ep_flux_vertical,850.0,-13798749.918918919,254.0,290.0,37
standard,BCwave_b2n3s10,2.0,3,10,ep_flux_vertical,925.0,-15843568.0,254.0,290.0,37
standard,BCwave_b2n3s10,2.0,3,10,ep_flux_vertical,975.0,-18332969.864864863,254.0,290.0,37
standard,BCwave_b2n3s10,2.0,3,10,ep_flux_vertical,1000.0,-20354571.324324325,254.0,290.0,37
standard,BCwave_b2n6s-10,2.0,6,-10,eddy_heat_flux_vT,10.0,9.533982592984103e-05,323.0,347.0,25
standard,BCwave_b2n6s-10,2.0,6,-10,eddy_heat_flux_vT,50.0,0.04102656200528145,323.0,347.0,25
standard,BCwave_b2n6s-10,2.0,6,-10,eddy_heat_flux_vT,100.0,0.07770963951945305,323.0,347.0,25
standard,BCwave_b2n6s-10,2.0,6,-10,eddy_heat_flux_vT,150.0,0.06863960593938828,323.0,347.0,25
standard,BCwave_b2n6s-10,2.0,6,-10,eddy_heat_flux_vT,200.0,0.11763653814792634,323.0,347.0,25
standard,BCwave_b2n6s-10,2.0,6,-10,eddy_heat_flux_vT,250.0,0.19194940268993377,323.0,347.0,25
standard,BCwave_b2n6s-10,2.0,6,-10,eddy_heat_flux_vT,300.0,0.2819928699731827,323.0,347.0,25
standard,BCwave_b2n6s-10,2.0,6,-10,eddy_heat_flux_vT,400.0,0.5175975835323334,323.0,347.0,25
standard,BCwave_b2n6s-10,2.0,6,-10,eddy_heat_flux_vT,500.0,0.8435054230690002,323.0,347.0,25
standard,BCwave_b2n6s-10,2.0,6,-10,eddy_heat_flux_vT,600.0,1.2655020809173585,323.0,347.0,25
standard,BCwave_b2n6s-10,2.0,6,-10,eddy_heat_flux_vT,700.0,1.7225937032699585,323.0,347.0,25
standard,BCwave_b2n6s-10,2.0,6,-10,eddy_heat_flux_vT,850.0,2.7992841148376466,323.0,347.0,25
standard,BCwave_b2n6s-10,2.0,6,-10,eddy_heat_flux_vT,925.0,3.6343264770507813,323.0,347.0,25
standard,BCwave_b2n6s-10,2.0,6,-10,eddy_heat_flux_vT,975.0,3.9144525051116945,323.0,347.0,25
standard,BCwave_b2n6s-10,2.0,6,-10,eddy_heat_flux_vT,1000.0,3.966669588088989,323.0,347.0,25
standard,BCwave_b2n6s-10,2.0,6,-10,baroclinic_conversion_proxy,10.0,-3.205852278087562e-11,323.0,347.0,25
standard,BCwave_b2n6s-10,2.0,6,-10,baroclinic_conversion_proxy,50.0,-1.359227820785236e-07,323.0,347.0,25
standard,BCwave_b2n6s-10,2.0,6,-10,baroclinic_conversion_proxy,100.0,-2.900748893353011e-07,323.0,347.0,25
standard,BCwave_b2n6s-10,2.0,6,-10,baroclinic_conversion_proxy,150.0,-2.0721875159779302e-07,323.0,347.0,25
standard,BCwave_b2n6s-10,2.0,6,-10,baroclinic_conversion_proxy,200.0,-1.6926861633237423e-07,323.0,347.0,25
standard,BCwave_b2n6s-10,2.0,6,-10,baroclinic_conversion_proxy,250.0,4.984338829672197e-08,323.0,347.0,25
standard,BCwave_b2n6s-10,2.0,6,-10,baroclinic_conversion_proxy,300.0,5.234951242982788e-07,323.0,347.0,25
standard,BCwave_b2n6s-10,2.0,6,-10,baroclinic_conversion_proxy,400.0,2.278571892020409e-06,323.0,347.0,25
standard,BCwave_b2n6s-10,2.0,6,-10,baroclinic_conversion_proxy,500.0,5.033771067246562e-06,323.0,347.0,25
standard,BCwave_b2n6s-10,2.0,6,-10,baroclinic_conversion_proxy,600.0,8.57937953696819e-06,323.0,347.0,25
standard,BCwave_b2n6s-10,2.0,6,-10,baroclinic_conversion_proxy,700.0,1.2053300597472116e-05,323.0,347.0,25
standard,BCwave_b2n6s-10,2.0,6,-10,baroclinic_conversion_proxy,850.0,1.885354744445067e-05,323.0,347.0,25
standard,BCwave_b2n6s-10,2.0,6,-10,baroclinic_conversion_proxy,925.0,2.317253020009957e-05,323.0,347.0,25
standard,BCwave_b2n6s-10,2.0,6,-10,baroclinic_conversion_proxy,975.0,2.349224487261381e-05,323.0,347.0,25
standard,BCwave_b2n6s-10,2.0,6,-10,baroclinic_conversion_proxy,1000.0,2.2905751029611567e-05,323.0,347.0,25
standard,BCwave_b2n6s-10,2.0,6,-10,ep_flux_vertical,10.0,-0.9896677160263061,323.0,347.0,25
standard,BCwave_b2n6s-10,2.0,6,-10,ep_flux_vertical,50.0,-555.5609558105468,323.0,347.0,25
standard,BCwave_b2n6s-10,2.0,6,-10,ep_flux_vertical,100.0,-4338.6479296875,323.0,347.0,25
standard,BCwave_b2n6s-10,2.0,6,-10,ep_flux_vertical,150.0,-11044.933515625,323.0,347.0,25
standard,BCwave_b2n6s-10,2.0,6,-10,ep_flux_vertical,200.0,-29802.761875,323.0,347.0,25
standard,BCwave_b2n6s-10,2.0,6,-10,ep_flux_vertical,250.0,-58722.37765625,323.0,347.0,25
standard,BCwave_b2n6s-10,2.0,6,-10,ep_flux_vertical,300.0,-100088.4984375,323.0,347.0,25
standard,BCwave_b2n6s-10,2.0,6,-10,ep_flux_vertical,400.0,-233507.874375,323.0,347.0,25
standard,BCwave_b2n6s-10,2.0,6,-10,ep_flux_vertical,500.0,-467704.7525,323.0,347.0,25
standard,BCwave_b2n6s-10,2.0,6,-10,ep_flux_vertical,600.0,-832153.7,323.0,347.0,25
standard,BCwave_b2n6s-10,2.0,6,-10,ep_flux_vertical,700.0,-1300663.15,323.0,347.0,25
standard,BCwave_b2n6s-10,2.0,6,-10,ep_flux_vertical,850.0,-2423491.675,323.0,347.0,25
standard,BCwave_b2n6s-10,2.0,6,-10,ep_flux_vertical,925.0,-3241786.87,323.0,347.0,25
standard,BCwave_b2n6s-10,2.0,6,-10,ep_flux_vertical,975.0,-3569646.93,323.0,347.0,25
standard,BCwave_b2n6s-10,2.0,6,-10,ep_flux_vertical,1000.0,-3653809.04,323.0,347.0,25
standard,BCwave_b2n6s-5,2.0,6,-5,eddy_heat_flux_vT,10.0,0.00030350794113473965,313.0,342.0,30
standard,BCwave_b2n6s-5,2.0,6,-5,eddy_heat_flux_vT,50.0,0.09996431743105252,313.0,342.0,30
standard,BCwave_b2n6s-5,2.0,6,-5,eddy_heat_flux_vT,100.0,0.170298736790816,313.0,342.0,30
standard,BCwave_b2n6s-5,2.0,6,-5,eddy_heat_flux_vT,150.0,0.15431504249572753,313.0,342.0,30
standard,BCwave_b2n6s-5,2.0,6,-5,eddy_heat_flux_vT,200.0,0.298791758219401,313.0,342.0,30
standard,BCwave_b2n6s-5,2.0,6,-5,eddy_heat_flux_vT,250.0,0.50518466035525,313.0,342.0,30
standard,BCwave_b2n6s-5,2.0,6,-5,eddy_heat_flux_vT,300.0,0.7454180757204691,313.0,342.0,30
standard,BCwave_b2n6s-5,2.0,6,-5,eddy_heat_flux_vT,400.0,1.3113560318946837,313.0,342.0,30
standard,BCwave_b2n6s-5,2.0,6,-5,eddy_heat_flux_vT,500.0,1.9573989709218342,313.0,342.0,30
standard,BCwave_b2n6s-5,2.0,6,-5,eddy_heat_flux_vT,600.0,2.7271696805953978,313.0,342.0,30
standard,BCwave_b2n6s-5,2.0,6,-5,eddy_heat_flux_vT,700.0,3.5965143203735352,313.0,342.0,30
standard,BCwave_b2n6s-5,2.0,6,-5,eddy_heat_flux_vT,850.0,5.822819566726684,313.0,342.0,30
standard,BCwave_b2n6s-5,2.0,6,-5,eddy_heat_flux_vT,925.0,7.030565182367961,313.0,342.0,30
standard,BCwave_b2n6s-5,2.0,6,-5,eddy_heat_flux_vT,975.0,7.587065680821737,313.0,342.0,30
standard,BCwave_b2n6s-5,2.0,6,-5,eddy_heat_flux_vT,1000.0,7.700161949793498,313.0,342.0,30
standard,BCwave_b2n6s-5,2.0,6,-5,baroclinic_conversion_proxy,10.0,-1.088406073601611e-10,313.0,342.0,30
standard,BCwave_b2n6s-5,2.0,6,-5,baroclinic_conversion_proxy,50.0,-3.635980599862402e-07,313.0,342.0,30
standard,BCwave_b2n6s-5,2.0,6,-5,baroclinic_conversion_proxy,100.0,-7.160625538441915e-07,313.0,342.0,30
standard,BCwave_b2n6s-5,2.0,6,-5,baroclinic_conversion_proxy,150.0,-5.346525976316722e-07,313.0,342.0,30
standard,BCwave_b2n6s-5,2.0,6,-5,baroclinic_conversion_proxy,200.0,-4.778022647163501e-07,313.0,342.0,30
standard,BCwave_b2n6s-5,2.0,6,-5,baroclinic_conversion_proxy,250.0,1.4140600370637913e-07,313.0,342.0,30
standard,BCwave_b2n6s-5,2.0,6,-5,baroclinic_conversion_proxy,300.0,1.4827120897583276e-06,313.0,342.0,30
standard,BCwave_b2n6s-5,2.0,6,-5,baroclinic_conversion_proxy,400.0,6.087372594265617e-06,313.0,342.0,30
standard,BCwave_b2n6s-5,2.0,6,-5,baroclinic_conversion_proxy,500.0,1.227604370797053e-05,313.0,342.0,30
standard,BCwave_b2n6s-5,2.0,6,-5,baroclinic_conversion_proxy,600.0,1.9343815135168068e-05,313.0,342.0,30
standard,BCwave_b2n6s-5,2.0,6,-5,baroclinic_conversion_proxy,700.0,2.596679654137309e-05,313.0,342.0,30
standard,BCwave_b2n6s-5,2.0,6,-5,baroclinic_conversion_proxy,850.0,4.074113688451083e-05,313.0,342.0,30
standard,BCwave_b2n6s-5,2.0,6,-5,baroclinic_conversion_proxy,925.0,4.5641006727237256e-05,313.0,342.0,30
standard,BCwave_b2n6s-5,2.0,6,-5,baroclinic_conversion_proxy,975.0,4.636258709069807e-05,313.0,342.0,30
standard,BCwave_b2n6s-5,2.0,6,-5,baroclinic_conversion_proxy,1000.0,4.4980087113799525e-05,313.0,342.0,30
standard,BCwave_b2n6s-5,2.0,6,-5,ep_flux_vertical,10.0,-3.243177576859792,313.0,342.0,30
standard,BCwave_b2n6s-5,2.0,6,-5,ep_flux_vertical,50.0,-1412.3587036132812,313.0,342.0,30
standard,BCwave_b2n6s-5,2.0,6,-5,ep_flux_vertical,100.0,-9943.841389973959,313.0,342.0,30
standard,BCwave_b2n6s-5,2.0,6,-5,ep_flux_vertical,150.0,-25203.182486979167,313.0,342.0,30
standard,BCwave_b2n6s-5,2.0,6,-5,ep_flux_vertical,200.0,-74400.58997395834,313.0,342.0,30
standard,BCwave_b2n6s-5,2.0,6,-5,ep_flux_vertical,250.0,-150578.64036458332,313.0,342.0,30
standard,BCwave_b2n6s-5,2.0,6,-5,ep_flux_vertical,300.0,-257561.85416666666,313.0,342.0,30
standard,BCwave_b2n6s-5,2.0,6,-5,ep_flux_vertical,400.0,-580936.3666666667,313.0,342.0,30
standard,BCwave_b2n6s-5,2.0,6,-5,ep_flux_vertical,500.0,-1084005.825,313.0,342.0,30
standard,BCwave_b2n6s-5,2.0,6,-5,ep_flux_vertical,600.0,-1822150.7625,313.0,342.0,30
standard,BCwave_b2n6s-5,2.0,6,-5,ep_flux_vertical,700.0,-2770942.575,313.0,342.0,30
standard,BCwave_b2n6s-5,2.0,6,-5,ep_flux_vertical,850.0,-4973530.1,313.0,342.0,30
standard,BCwave_b2n6s-5,2.0,6,-5,ep_flux_vertical,925.0,-6168750.316666666,313.0,342.0,30
standard,BCwave_b2n6s-5,2.0,6,-5,ep_flux_vertical,975.0,-6875366.25,313.0,342.0,30
standard,BCwave_b2n6s-5,2.0,6,-5,ep_flux_vertical,1000.0,-7120710.05,313.0,342.0,30
standard,BCwave_b2n6,2.0,6,0,eddy_heat_flux_vT,10.0,0.0007686986232568559,303.0,340.0,38
standard,BCwave_b2n6,2.0,6,0,eddy_heat_flux_vT,50.0,0.18406857805032478,303.0,340.0,38
standard,BCwave_b2n6,2.0,6,0,eddy_heat_flux_vT,100.0,0.28618526890089635,303.0,340.0,38
standard,BCwave_b2n6,2.0,6,0,eddy_heat_flux_vT,150.0,0.2988781658442397,303.0,340.0,38
standard,BCwave_b2n6,2.0,6,0,eddy_heat_flux_vT,200.0,0.6313244112228092,303.0,340.0,38
standard,BCwave_b2n6,2.0,6,0,eddy_heat_flux_vT,250.0,1.0635358032427336,303.0,340.0,38
standard,BCwave_b2n6,2.0,6,0,eddy_heat_flux_vT,300.0,1.5149309823387547,303.0,340.0,38
standard,BCwave_b2n6,2.0,6,0,eddy_heat_flux_vT,400.0,2.4001952911678113,303.0,340.0,38
standard,BCwave_b2n6,2.0,6,0,eddy_heat_flux_vT,500.0,3.355125144908303,303.0,340.0,38
standard,BCwave_b2n6,2.0,6,0,eddy_heat_flux_vT,600.0,4.48873203679135,303.0,340.0,38
standard,BCwave_b2n6,2.0,6,0,eddy_heat_flux_vT,700.0,6.003810142215929,303.0,340.0,38
standard,BCwave_b2n6,2.0,6,0,eddy_heat_flux_vT,850.0,9.986735143159565,303.0,340.0,38
standard,BCwave_b2n6,2.0,6,0,eddy_heat_flux_vT,925.0,11.478097112555252,303.0,340.0,38
standard,BCwave_b2n6,2.0,6,0,eddy_heat_flux_vT,975.0,11.984955586885151,303.0,340.0,38
standard,BCwave_b2n6,2.0,6,0,eddy_heat_flux_vT,1000.0,11.752372515828986,303.0,340.0,38
standard,BCwave_b2n6,2.0,6,0,baroclinic_conversion_proxy,10.0,-3.055630080102474e-10,303.0,340.0,38
standard,BCwave_b2n6,2.0,6,0,baroclinic_conversion_proxy,50.0,-7.088625579854124e-07,303.0,340.0,38
standard,BCwave_b2n6,2.0,6,0,baroclinic_conversion_proxy,100.0,-1.293102145968748e-06,303.0,340.0,38
standard,BCwave_b2n6,2.0,6,0,baroclinic_conversion_proxy,150.0,-1.1041755535164778e-06,303.0,340.0,38
standard,BCwave_b2n6,2.0,6,0,baroclinic_conversion_proxy,200.0,-1.0899988856300824e-06,303.0,340.0,38
standard,BCwave_b2n6,2.0,6,0,baroclinic_conversion_proxy,250.0,2.4436989096593126e-07,303.0,340.0,38
standard,BCwave_b2n6,2.0,6,0,baroclinic_conversion_proxy,300.0,3.041365295374769e-06,303.0,340.0,38
standard,BCwave_b2n6,2.0,6,0,baroclinic_conversion_proxy,400.0,1.1507032252809854e-05,303.0,340.0,38
standard,BCwave_b2n6,2.0,6,0,baroclinic_conversion_proxy,500.0,2.1808156864273387e-05,303.0,340.0,38
standard,BCwave_b2n6,2.0,6,0,baroclinic_conversion_proxy,600.0,3.2511728022655006e-05,303.0,340.0,38
standard,BCwave_b2n6,2.0,6,0,baroclinic_conversion_proxy,700.0,4.416276562168557e-05,303.0,340.0,38
standard,BCwave_b2n6,2.0,6,0,baroclinic_conversion_proxy,850.0,7.038677799037511e-05,303.0,340.0,38
standard,BCwave_b2n6,2.0,6,0,baroclinic_conversion_proxy,925.0,7.490173543613452e-05,303.0,340.0,38
standard,BCwave_b2n6,2.0,6,0,baroclinic_conversion_proxy,975.0,7.394120333820435e-05,303.0,340.0,38
standard,BCwave_b2n6,2.0,6,0,baroclinic_conversion_proxy,1000.0,6.897242775793482e-05,303.0,340.0,38
standard,BCwave_b2n6,2.0,6,0,ep_flux_vertical,10.0,-8.129393000351754,303.0,340.0,38
standard,BCwave_b2n6,2.0,6,0,ep_flux_vertical,50.0,-2631.217908357319,303.0,340.0,38
standard,BCwave_b2n6,2.0,6,0,ep_flux_vertical,100.0,-16961.2216796875,303.0,340.0,38
standard,BCwave_b2n6,2.0,6,0,ep_flux_vertical,150.0,-47042.31825657895,303.0,340.0,38
standard,BCwave_b2n6,2.0,6,0,ep_flux_vertical,200.0,-147720.99856085525,303.0,340.0,38
standard,BCwave_b2n6,2.0,6,0,ep_flux_vertical,250.0,-297935.03700657893,303.0,340.0,38
standard,BCwave_b2n6,2.0,6,0,ep_flux_vertical,300.0,-495291.8174342105,303.0,340.0,38
standard,BCwave_b2n6,2.0,6,0,ep_flux_vertical,400.0,-1024307.7927631579,303.0,340.0,38
standard,BCwave_b2n6,2.0,6,0,ep_flux_vertical,500.0,-1819150.1940789474,303.0,340.0,38
standard,BCwave_b2n6,2.0,6,0,ep_flux_vertical,600.0,-2960158.3289473685,303.0,340.0,38
standard,BCwave_b2n6,2.0,6,0,ep_flux_vertical,700.0,-4539995.7105263155,303.0,340.0,38
standard,BCwave_b2n6,2.0,6,0,ep_flux_vertical,850.0,-8077245.381578947,303.0,340.0,38
standard,BCwave_b2n6,2.0,6,0,ep_flux_vertical,925.0,-9464947.289473685,303.0,340.0,38
standard,BCwave_b2n6,2.0,6,0,ep_flux_vertical,975.0,-10387607.710526315,303.0,340.0,38
standard,BCwave_b2n6,2.0,6,0,ep_flux_vertical,1000.0,-10698071.236842105,303.0,340.0,38
standard,BCwave_b2n6s5,2.0,6,5,eddy_heat_flux_vT,10.0,0.0017643304850343009,292.0,334.0,43
standard,BCwave_b2n6s5,2.0,6,5,eddy_heat_flux_vT,50.0,0.24512631844642552,292.0,334.0,43
standard,BCwave_b2n6s5,2.0,6,5,eddy_heat_flux_vT,100.0,0.37147674518962237,292.0,334.0,43
standard,BCwave_b2n6s5,2.0,6,5,eddy_heat_flux_vT,150.0,0.4764344387276228,292.0,334.0,43
standard,BCwave_b2n6s5,2.0,6,5,eddy_heat_flux_vT,200.0,1.1227627549060555,292.0,334.0,43
standard,BCwave_b2n6s5,2.0,6,5,eddy_heat_flux_vT,250.0,1.8951908544052478,292.0,334.0,43
standard,BCwave_b2n6s5,2.0,6,5,eddy_heat_flux_vT,300.0,2.6042692467223767,292.0,334.0,43
standard,BCwave_b2n6s5,2.0,6,5,eddy_heat_flux_vT,400.0,3.7184026407641033,292.0,334.0,43
standard,BCwave_b2n6s5,2.0,6,5,eddy_heat_flux_vT,500.0,4.812743031701376,292.0,334.0,43
standard,BCwave_b2n6s5,2.0,6,5,eddy_heat_flux_vT,600.0,6.314908205076706,292.0,334.0,43
standard,BCwave_b2n6s5,2.0,6,5,eddy_heat_flux_vT,700.0,8.548705289530199,292.0,334.0,43
standard,BCwave_b2n6s5,2.0,6,5,eddy_heat_flux_vT,850.0,13.721261667650799,292.0,334.0,43
standard,BCwave_b2n6s5,2.0,6,5,eddy_heat_flux_vT,925.0,14.969907583192338,292.0,334.0,43
standard,BCwave_b2n6s5,2.0,6,5,eddy_heat_flux_vT,975.0,15.120384926019712,292.0,334.0,43
standard,BCwave_b2n6s5,2.0,6,5,eddy_heat_flux_vT,1000.0,14.773229709891385,292.0,334.0,43
standard,BCwave_b2n6s5,2.0,6,5,baroclinic_conversion_proxy,10.0,-7.463003393565333e-10,292.0,334.0,43
standard,BCwave_b2n6s5,2.0,6,5,baroclinic_conversion_proxy,50.0,-9.691827292340878e-07,292.0,334.0,43
standard,BCwave_b2n6s5,2.0,6,5,baroclinic_conversion_proxy,100.0,-1.7739415916155343e-06,292.0,334.0,43
standard,BCwave_b2n6s5,2.0,6,5,baroclinic_conversion_proxy,150.0,-1.9144483441016557e-06,292.0,334.0,43
standard,BCwave_b2n6s5,2.0,6,5,baroclinic_conversion_proxy,200.0,-2.154360974473516e-06,292.0,334.0,43
standard,BCwave_b2n6s5,2.0,6,5,baroclinic_conversion_proxy,250.0,2.8123865316174066e-07,292.0,334.0,43
standard,BCwave_b2n6s5,2.0,6,5,baroclinic_conversion_proxy,300.0,5.245174813966895e-06,292.0,334.0,43
standard,BCwave_b2n6s5,2.0,6,5,baroclinic_conversion_proxy,400.0,1.832665124269159e-05,292.0,334.0,43
standard,BCwave_b2n6s5,2.0,6,5,baroclinic_conversion_proxy,500.0,3.2229800295723645e-05,292.0,334.0,43
standard,BCwave_b2n6s5,2.0,6,5,baroclinic_conversion_proxy,600.0,4.6757268983340104e-05,292.0,334.0,43
standard,BCwave_b2n6s5,2.0,6,5,baroclinic_conversion_proxy,700.0,6.460354077632452e-05,292.0,334.0,43
standard,BCwave_b2n6s5,2.0,6,5,baroclinic_conversion_proxy,850.0,9.904219971991383e-05,292.0,334.0,43
standard,BCwave_b2n6s5,2.0,6,5,baroclinic_conversion_proxy,925.0,0.00010234540579488588,292.0,334.0,43
standard,BCwave_b2n6s5,2.0,6,5,baroclinic_conversion_proxy,975.0,9.95333696685753e-05,292.0,334.0,43
standard,BCwave_b2n6s5,2.0,6,5,baroclinic_conversion_proxy,1000.0,9.310654067396468e-05,292.0,334.0,43
standard,BCwave_b2n6s5,2.0,6,5,ep_flux_vertical,10.0,-18.397465816763944,292.0,334.0,43
standard,BCwave_b2n6s5,2.0,6,5,ep_flux_vertical,50.0,-3476.561023800872,292.0,334.0,43
standard,BCwave_b2n6s5,2.0,6,5,ep_flux_vertical,100.0,-21866.363667332847,292.0,334.0,43
standard,BCwave_b2n6s5,2.0,6,5,ep_flux_vertical,150.0,-70333.61900436046,292.0,334.0,43
standard,BCwave_b2n6s5,2.0,6,5,ep_flux_vertical,200.0,-243419.42260174418,292.0,334.0,43
standard,BCwave_b2n6s5,2.0,6,5,ep_flux_vertical,250.0,-492210.7332848837,292.0,334.0,43
standard,BCwave_b2n6s5,2.0,6,5,ep_flux_vertical,300.0,-789952.1220930233,292.0,334.0,43
standard,BCwave_b2n6s5,2.0,6,5,ep_flux_vertical,400.0,-1494363.8924418604,292.0,334.0,43
standard,BCwave_b2n6s5,2.0,6,5,ep_flux_vertical,500.0,-2485965.4127906975,292.0,334.0,43
standard,BCwave_b2n6s5,2.0,6,5,ep_flux_vertical,600.0,-3986996.430232558,292.0,334.0,43
standard,BCwave_b2n6s5,2.0,6,5,ep_flux_vertical,700.0,-6123828.5,292.0,334.0,43
standard,BCwave_b2n6s5,2.0,6,5,ep_flux_vertical,850.0,-10262334.604651162,292.0,334.0,43
standard,BCwave_b2n6s5,2.0,6,5,ep_flux_vertical,925.0,-11368023.697674418,292.0,334.0,43
standard,BCwave_b2n6s5,2.0,6,5,ep_flux_vertical,975.0,-12199991.976744186,292.0,334.0,43
standard,BCwave_b2n6s5,2.0,6,5,ep_flux_vertical,1000.0,-12848451.372093024,292.0,334.0,43
standard,BCwave_b2n6s10,2.0,6,10,eddy_heat_flux_vT,10.0,0.002214450264609484,266.0,308.0,43
standard,BCwave_b2n6s10,2.0,6,10,eddy_heat_flux_vT,50.0,0.166497987716697,266.0,308.0,43
standard,BCwave_b2n6s10,2.0,6,10,eddy_heat_flux_vT,100.0,0.22383232761261074,266.0,308.0,43
standard,BCwave_b2n6s10,2.0,6,10,eddy_heat_flux_vT,150.0,0.4185274070085481,266.0,308.0,43
standard,BCwave_b2n6s10,2.0,6,10,eddy_heat_flux_vT,200.0,1.2276010943013569,266.0,308.0,43
standard,BCwave_b2n6s10,2.0,6,10,eddy_heat_flux_vT,250.0,2.1522303043409834,266.0,308.0,43
standard,BCwave_b2n6s10,2.0,6,10,eddy_heat_flux_vT,300.0,2.976943520612495,266.0,308.0,43
standard,BCwave_b2n6s10,2.0,6,10,eddy_heat_flux_vT,400.0,4.264140933058982,266.0,308.0,43
standard,BCwave_b2n6s10,2.0,6,10,eddy_heat_flux_vT,500.0,5.535312209018441,266.0,308.0,43
standard,BCwave_b2n6s10,2.0,6,10,eddy_heat_flux_vT,600.0,7.169327680454698,266.0,308.0,43
standard,BCwave_b2n6s10,2.0,6,10,eddy_heat_flux_vT,700.0,9.67575230709342,266.0,308.0,43
standard,BCwave_b2n6s10,2.0,6,10,eddy_heat_flux_vT,850.0,14.72049143148023,266.0,308.0,43
standard,BCwave_b2n6s10,2.0,6,10,eddy_heat_flux_vT,925.0,16.0776103707247,266.0,308.0,43
standard,BCwave_b2n6s10,2.0,6,10,eddy_heat_flux_vT,975.0,16.51776229503543,266.0,308.0,43
standard,BCwave_b2n6s10,2.0,6,10,eddy_heat_flux_vT,1000.0,16.231662151425382,266.0,308.0,43
standard,BCwave_b2n6s10,2.0,6,10,baroclinic_conversion_proxy,10.0,-9.938919829263178e-10,266.0,308.0,43
standard,BCwave_b2n6s10,2.0,6,10,baroclinic_conversion_proxy,50.0,-6.839947519797851e-07,266.0,308.0,43
standard,BCwave_b2n6s10,2.0,6,10,baroclinic_conversion_proxy,100.0,-1.2189255669930621e-06,266.0,308.0,43
standard,BCwave_b2n6s10,2.0,6,10,baroclinic_conversion_proxy,150.0,-1.9774571508732638e-06,266.0,308.0,43
standard,BCwave_b2n6s10,2.0,6,10,baroclinic_conversion_proxy,200.0,-2.65786816853083e-06,266.0,308.0,43
standard,BCwave_b2n6s10,2.0,6,10,baroclinic_conversion_proxy,250.0,2.7703247414941615e-07,266.0,308.0,43
standard,BCwave_b2n6s10,2.0,6,10,baroclinic_conversion_proxy,300.0,6.456979050664475e-06,266.0,308.0,43
standard,BCwave_b2n6s10,2.0,6,10,baroclinic_conversion_proxy,400.0,2.2701643903802018e-05,266.0,308.0,43
standard,BCwave_b2n6s10,2.0,6,10,baroclinic_conversion_proxy,500.0,3.943924085158573e-05,266.0,308.0,43
standard,BCwave_b2n6s10,2.0,6,10,baroclinic_conversion_proxy,600.0,5.6307729019588507e-05,266.0,308.0,43
standard,BCwave_b2n6s10,2.0,6,10,baroclinic_conversion_proxy,700.0,7.844553345971373e-05,266.0,308.0,43
standard,BCwave_b2n6s10,2.0,6,10,baroclinic_conversion_proxy,850.0,0.00011579078239074713,266.0,308.0,43
standard,BCwave_b2n6s10,2.0,6,10,baroclinic_conversion_proxy,925.0,0.0001214676002598216,266.0,308.0,43
standard,BCwave_b2n6s10,2.0,6,10,baroclinic_conversion_proxy,975.0,0.0001209161254823706,266.0,308.0,43
standard,BCwave_b2n6s10,2.0,6,10,baroclinic_conversion_proxy,1000.0,0.00011436255421316208,266.0,308.0,43
standard,BCwave_b2n6s10,2.0,6,10,ep_flux_vertical,10.0,-22.094297874805537,266.0,308.0,43
standard,BCwave_b2n6s10,2.0,6,10,ep_flux_vertical,50.0,-2281.2544087254723,266.0,308.0,43
standard,BCwave_b2n6s10,2.0,6,10,ep_flux_vertical,100.0,-12614.89566678779,266.0,308.0,43
standard,BCwave_b2n6s10,2.0,6,10,ep_flux_vertical,150.0,-54255.10733103198,266.0,308.0,43
standard,BCwave_b2n6s10,2.0,6,10,ep_flux_vertical,200.0,-237317.27797965117,266.0,308.0,43
standard,BCwave_b2n6s10,2.0,6,10,ep_flux_vertical,250.0,-501734.6082848837,266.0,308.0,43
standard,BCwave_b2n6s10,2.0,6,10,ep_flux_vertical,300.0,-815427.9563953489,266.0,308.0,43
standard,BCwave_b2n6s10,2.0,6,10,ep_flux_vertical,400.0,-1567336.613372093,266.0,308.0,43
standard,BCwave_b2n6s10,2.0,6,10,ep_flux_vertical,500.0,-2635666.4360465114,266.0,308.0,43
standard,BCwave_b2n6s10,2.0,6,10,ep_flux_vertical,600.0,-4194876.220930233,266.0,308.0,43
standard,BCwave_b2n6s10,2.0,6,10,ep_flux_vertical,700.0,-6406589.5930232555,266.0,308.0,43
standard,BCwave_b2n6s10,2.0,6,10,ep_flux_vertical,850.0,-10372859.744186046,266.0,308.0,43
standard,BCwave_b2n6s10,2.0,6,10,ep_flux_vertical,925.0,-11704940.255813954,266.0,308.0,43
standard,BCwave_b2n6s10,2.0,6,10,ep_flux_vertical,975.0,-12943885.837209303,266.0,308.0,43
standard,BCwave_b2n6s10,2.0,6,10,ep_flux_vertical,1000.0,-13836320.488372093,266.0,308.0,43
u30,BCwave_b1_u30_n1_s-10,1.0,1,-10,eddy_heat_flux_vT,10.0,0.02847592780017294,247.0,305.0,59
u30,BCwave_b1_u30_n1_s-10,1.0,1,-10,eddy_heat_flux_vT,50.0,0.25414835573252986,247.0,305.0,59
u30,BCwave_b1_u30_n1_s-10,1.0,1,-10,eddy_heat_flux_vT,100.0,1.0073831768359167,247.0,305.0,59
u30,BCwave_b1_u30_n1_s-10,1.0,1,-10,eddy_heat_flux_vT,150.0,-1.2464463347095553,247.0,305.0,59
u30,BCwave_b1_u30_n1_s-10,1.0,1,-10,eddy_heat_flux_vT,200.0,-3.8777773541919256,247.0,305.0,59
u30,BCwave_b1_u30_n1_s-10,1.0,1,-10,eddy_heat_flux_vT,250.0,-3.670510671906552,247.0,305.0,59
u30,BCwave_b1_u30_n1_s-10,1.0,1,-10,eddy_heat_flux_vT,300.0,-1.3415937752036724,247.0,305.0,59
u30,BCwave_b1_u30_n1_s-10,1.0,1,-10,eddy_heat_flux_vT,400.0,4.130597748998868,247.0,305.0,59
u30,BCwave_b1_u30_n1_s-10,1.0,1,-10,eddy_heat_flux_vT,500.0,7.730846025175968,247.0,305.0,59
u30,BCwave_b1_u30_n1_s-10,1.0,1,-10,eddy_heat_flux_vT,600.0,14.30240315906072,247.0,305.0,59
u30,BCwave_b1_u30_n1_s-10,1.0,1,-10,eddy_heat_flux_vT,700.0,23.24114626545017,247.0,305.0,59
u30,BCwave_b1_u30_n1_s-10,1.0,1,-10,eddy_heat_flux_vT,850.0,37.349494837098206,247.0,305.0,59
u30,BCwave_b1_u30_n1_s-10,1.0,1,-10,eddy_heat_flux_vT,925.0,46.108164318537305,247.0,305.0,59
u30,BCwave_b1_u30_n1_s-10,1.0,1,-10,eddy_heat_flux_vT,975.0,49.233721910896946,247.0,305.0,59
u30,BCwave_b1_u30_n1_s-10,1.0,1,-10,eddy_heat_flux_vT,1000.0,50.298826896538166,247.0,305.0,59
u30,BCwave_b1_u30_n1_s-10,1.0,1,-10,baroclinic_conversion_proxy,10.0,4.640411018718318e-09,247.0,305.0,59
u30,BCwave_b1_u30_n1_s-10,1.0,1,-10,baroclinic_conversion_proxy,50.0,-1.9044364409387863e-09,247.0,305.0,59
u30,BCwave_b1_u30_n1_s-10,1.0,1,-10,baroclinic_conversion_proxy,100.0,-1.136496909327696e-06,247.0,305.0,59
u30,BCwave_b1_u30_n1_s-10,1.0,1,-10,baroclinic_conversion_proxy,150.0,4.182027303891195e-06,247.0,305.0,59
u30,BCwave_b1_u30_n1_s-10,1.0,1,-10,baroclinic_conversion_proxy,200.0,2.3214325033299925e-05,247.0,305.0,59
u30,BCwave_b1_u30_n1_s-10,1.0,1,-10,baroclinic_conversion_proxy,250.0,2.88045648322638e-05,247.0,305.0,59
u30,BCwave_b1_u30_n1_s-10,1.0,1,-10,baroclinic_conversion_proxy,300.0,1.346910706207243e-05,247.0,305.0,59
u30,BCwave_b1_u30_n1_s-10,1.0,1,-10,baroclinic_conversion_proxy,400.0,-2.059912148362886e-05,247.0,305.0,59
u30,BCwave_b1_u30_n1_s-10,1.0,1,-10,baroclinic_conversion_proxy,500.0,-1.8574798016086371e-06,247.0,305.0,59
u30,BCwave_b1_u30_n1_s-10,1.0,1,-10,baroclinic_conversion_proxy,600.0,7.115499262246146e-05,247.0,305.0,59
u30,BCwave_b1_u30_n1_s-10,1.0,1,-10,baroclinic_conversion_proxy,700.0,0.00021074614975940815,247.0,305.0,59
u30,BCwave_b1_u30_n1_s-10,1.0,1,-10,baroclinic_conversion_proxy,850.0,0.0005026682471398706,247.0,305.0,59
u30,BCwave_b1_u30_n1_s-10,1.0,1,-10,baroclinic_conversion_proxy,925.0,0.0007035264023185028,247.0,305.0,59
u30,BCwave_b1_u30_n1_s-10,1.0,1,-10,baroclinic_conversion_proxy,975.0,0.0007354068940789518,247.0,305.0,59
u30,BCwave_b1_u30_n1_s-10,1.0,1,-10,baroclinic_conversion_proxy,1000.0,0.0006332851589215383,247.0,305.0,59
u30,BCwave_b1_u30_n1_s-10,1.0,1,-10,ep_flux_vertical,10.0,-283.5656125990011,247.0,305.0,59
u30,BCwave_b1_u30_n1_s-10,1.0,1,-10,ep_flux_vertical,50.0,-3543.3213449251853,247.0,305.0,59
u30,BCwave_b1_u30_n1_s-10,1.0,1,-10,ep_flux_vertical,100.0,-60993.148569915254,247.0,305.0,59
u30,BCwave_b1_u30_n1_s-10,1.0,1,-10,ep_flux_vertical,150.0,288204.65466101695,247.0,305.0,59
u30,BCwave_b1_u30_n1_s-10,1.0,1,-10,ep_flux_vertical,200.0,1337845.5963983051,247.0,305.0,59
u30,BCwave_b1_u30_n1_s-10,1.0,1,-10,ep_flux_vertical,250.0,1224105.50529661,247.0,305.0,59
u30,BCwave_b1_u30_n1_s-10,1.0,1,-10,ep_flux_vertical,300.0,406535.9714645127,247.0,305.0,59
u30,BCwave_b1_u30_n1_s-10,1.0,1,-10,ep_flux_vertical,400.0,-2394103.091101695,247.0,305.0,59
u30,BCwave_b1_u30_n1_s-10,1.0,1,-10,ep_flux_vertical,500.0,-5651709.161016949,247.0,305.0,59
u30,BCwave_b1_u30_n1_s-10,1.0,1,-10,ep_flux_vertical,600.0,-9525657.491525425,247.0,305.0,59
u30,BCwave_b1_u30_n1_s-10,1.0,1,-10,ep_flux_vertical,700.0,-12386232.54237288,247.0,305.0,59
u30,BCwave_b1_u30_n1_s-10,1.0,1,-10,ep_flux_vertical,850.0,-11643144.762711864,247.0,305.0,59
u30,BCwave_b1_u30_n1_s-10,1.0,1,-10,ep_flux_vertical,925.0,-9875935.237288136,247.0,305.0,59
u30,BCwave_b1_u30_n1_s-10,1.0,1,-10,ep_flux_vertical,975.0,-9791153.016949153,247.0,305.0,59
u30,BCwave_b1_u30_n1_s-10,1.0,1,-10,ep_flux_vertical,1000.0,-13205565.898305085,247.0,305.0,59
u30,BCwave_b1_u30_n1_s-5,1.0,1,-5,eddy_heat_flux_vT,10.0,0.009211044807670987,236.0,299.0,64
u30,BCwave_b1_u30_n1_s-5,1.0,1,-5,eddy_heat_flux_vT,50.0,0.5310690343612805,236.0,299.0,64
u30,BCwave_b1_u30_n1_s-5,1.0,1,-5,eddy_heat_flux_vT,100.0,2.6849322840571404,236.0,299.0,64
u30,BCwave_b1_u30_n1_s-5,1.0,1,-5,eddy_heat_flux_vT,150.0,-4.436628133058548,236.0,299.0,64
u30,BCwave_b1_u30_n1_s-5,1.0,1,-5,eddy_heat_flux_vT,200.0,-9.338295869529247,236.0,299.0,64
u30,BCwave_b1_u30_n1_s-5,1.0,1,-5,eddy_heat_flux_vT,250.0,-6.634650841355324,236.0,299.0,64
u30,BCwave_b1_u30_n1_s-5,1.0,1,-5,eddy_heat_flux_vT,300.0,-1.1208999586524442,236.0,299.0,64
u30,BCwave_b1_u30_n1_s-5,1.0,1,-5,eddy_heat_flux_vT,400.0,8.786867149174213,236.0,299.0,64
u30,BCwave_b1_u30_n1_s-5,1.0,1,-5,eddy_heat_flux_vT,500.0,13.16089154034853,236.0,299.0,64
u30,BCwave_b1_u30_n1_s-5,1.0,1,-5,eddy_heat_flux_vT,600.0,20.99942360818386,236.0,299.0,64
u30,BCwave_b1_u30_n1_s-5,1.0,1,-5,eddy_heat_flux_vT,700.0,35.50679877400398,236.0,299.0,64
u30,BCwave_b1_u30_n1_s-5,1.0,1,-5,eddy_heat_flux_vT,850.0,59.98249042034149,236.0,299.0,64
u30,BCwave_b1_u30_n1_s-5,1.0,1,-5,eddy_heat_flux_vT,925.0,74.20718425512314,236.0,299.0,64
u30,BCwave_b1_u30_n1_s-5,1.0,1,-5,eddy_heat_flux_vT,975.0,78.68792188167572,236.0,299.0,64
u30,BCwave_b1_u30_n1_s-5,1.0,1,-5,eddy_heat_flux_vT,1000.0,72.10830545425415,236.0,299.0,64
u30,BCwave_b1_u30_n1_s-5,1.0,1,-5,baroclinic_conversion_proxy,10.0,1.7453406018042657e-09,236.0,299.0,64
u30,BCwave_b1_u30_n1_s-5,1.0,1,-5,baroclinic_conversion_proxy,50.0,1.4624230913751202e-07,236.0,299.0,64
u30,BCwave_b1_u30_n1_s-5,1.0,1,-5,baroclinic_conversion_proxy,100.0,-3.5525835873073675e-06,236.0,299.0,64
u30,BCwave_b1_u30_n1_s-5,1.0,1,-5,baroclinic_conversion_proxy,150.0,1.9457088242802456e-05,236.0,299.0,64
u30,BCwave_b1_u30_n1_s-5,1.0,1,-5,baroclinic_conversion_proxy,200.0,6.608848349287655e-05,236.0,299.0,64
u30,BCwave_b1_u30_n1_s-5,1.0,1,-5,baroclinic_conversion_proxy,250.0,5.738755089623737e-05,236.0,299.0,64
u30,BCwave_b1_u30_n1_s-5,1.0,1,-5,baroclinic_conversion_proxy,300.0,1.0694935449251375e-05,236.0,299.0,64
u30,BCwave_b1_u30_n1_s-5,1.0,1,-5,baroclinic_conversion_proxy,400.0,-5.5890379769607534e-05,236.0,299.0,64
u30,BCwave_b1_u30_n1_s-5,1.0,1,-5,baroclinic_conversion_proxy,500.0,-1.9488867891936934e-05,236.0,299.0,64
u30,BCwave_b1_u30_n1_s-5,1.0,1,-5,baroclinic_conversion_proxy,600.0,8.175389842790537e-05,236.0,299.0,64
u30,BCwave_b1_u30_n1_s-5,1.0,1,-5,baroclinic_conversion_proxy,700.0,0.00029583163995994255,236.0,299.0,64
u30,BCwave_b1_u30_n1_s-5,1.0,1,-5,baroclinic_conversion_proxy,850.0,0.0008264040034191567,236.0,299.0,64
u30,BCwave_b1_u30_n1_s-5,1.0,1,-5,baroclinic_conversion_proxy,925.0,0.0012341379988356493,236.0,299.0,64
u30,BCwave_b1_u30_n1_s-5,1.0,1,-5,baroclinic_conversion_proxy,975.0,0.0013253212182462448,236.0,299.0,64
u30,BCwave_b1_u30_n1_s-5,1.0,1,-5,baroclinic_conversion_proxy,1000.0,0.0008435023273705156,236.0,299.0,64
u30,BCwave_b1_u30_n1_s-5,1.0,1,-5,ep_flux_vertical,10.0,-95.45124925673008,236.0,299.0,64
u30,BCwave_b1_u30_n1_s-5,1.0,1,-5,ep_flux_vertical,50.0,-7479.984493255615,236.0,299.0,64
u30,BCwave_b1_u30_n1_s-5,1.0,1,-5,ep_flux_vertical,100.0,-164377.46899414062,236.0,299.0,64
u30,BCwave_b1_u30_n1_s-5,1.0,1,-5,ep_flux_vertical,150.0,901852.1000976562,236.0,299.0,64
u30,BCwave_b1_u30_n1_s-5,1.0,1,-5,ep_flux_vertical,200.0,2779476.67578125,236.0,299.0,64
u30,BCwave_b1_u30_n1_s-5,1.0,1,-5,ep_flux_vertical,250.0,1931149.546875,236.0,299.0,64
u30,BCwave_b1_u30_n1_s-5,1.0,1,-5,ep_flux_vertical,300.0,356074.1596374512,236.0,299.0,64
u30,BCwave_b1_u30_n1_s-5,1.0,1,-5,ep_flux_vertical,400.0,-3924476.859375,236.0,299.0,64
u30,BCwave_b1_u30_n1_s-5,1.0,1,-5,ep_flux_vertical,500.0,-9270957.6875,236.0,299.0,64
u30,BCwave_b1_u30_n1_s-5,1.0,1,-5,ep_flux_vertical,600.0,-13511490.265625,236.0,299.0,64
u30,BCwave_b1_u30_n1_s-5,1.0,1,-5,ep_flux_vertical,700.0,-16726201.109375,236.0,299.0,64
u30,BCwave_b1_u30_n1_s-5,1.0,1,-5,ep_flux_vertical,850.0,-16290808.703125,236.0,299.0,64
u30,BCwave_b1_u30_n1_s-5,1.0,1,-5,ep_flux_vertical,925.0,-14607451.140625,236.0,299.0,64
u30,BCwave_b1_u30_n1_s-5,1.0,1,-5,ep_flux_vertical,975.0,-16724204.25,236.0,299.0,64
u30,BCwave_b1_u30_n1_s-5,1.0,1,-5,ep_flux_vertical,1000.0,-36958738.65625,236.0,299.0,64
u30,BCwave_b1_u30_n1_s0,1.0,1,0,eddy_heat_flux_vT,10.0,0.12896776498983736,247.0,315.0,69
u30,BCwave_b1_u30_n1_s0,1.0,1,0,eddy_heat_flux_vT,50.0,1.1299989210522694,247.0,315.0,69
u30,BCwave_b1_u30_n1_s0,1.0,1,0,eddy_heat_flux_vT,100.0,0.7967691971259057,247.0,315.0,69
u30,BCwave_b1_u30_n1_s0,1.0,1,0,eddy_heat_flux_vT,150.0,-7.497804510420647,247.0,315.0,69
u30,BCwave_b1_u30_n1_s0,1.0,1,0,eddy_heat_flux_vT,200.0,-10.885083599367004,247.0,315.0,69
u30,BCwave_b1_u30_n1_s0,1.0,1,0,eddy_heat_flux_vT,250.0,-8.887239152106686,247.0,315.0,69
u30,BCwave_b1_u30_n1_s0,1.0,1,0,eddy_heat_flux_vT,300.0,-5.018702657326408,247.0,315.0,69
u30,BCwave_b1_u30_n1_s0,1.0,1,0,eddy_heat_flux_vT,400.0,6.427851394466732,247.0,315.0,69
u30,BCwave_b1_u30_n1_s0,1.0,1,0,eddy_heat_flux_vT,500.0,14.075299263000488,247.0,315.0,69
u30,BCwave_b1_u30_n1_s0,1.0,1,0,eddy_heat_flux_vT,600.0,24.983487433281496,247.0,315.0,69
u30,BCwave_b1_u30_n1_s0,1.0,1,0,eddy_heat_flux_vT,700.0,40.01550630210102,247.0,315.0,69
u30,BCwave_b1_u30_n1_s0,1.0,1,0,eddy_heat_flux_vT,850.0,63.57033682560575,247.0,315.0,69
u30,BCwave_b1_u30_n1_s0,1.0,1,0,eddy_heat_flux_vT,925.0,78.0548867488253,247.0,315.0,69
u30,BCwave_b1_u30_n1_s0,1.0,1,0,eddy_heat_flux_vT,975.0,84.57782977560292,247.0,315.0,69
u30,BCwave_b1_u30_n1_s0,1.0,1,0,eddy_heat_flux_vT,1000.0,84.22249183101931,247.0,315.0,69
u30,BCwave_b1_u30_n1_s0,1.0,1,0,baroclinic_conversion_proxy,10.0,1.1783737527616588e-08,247.0,315.0,69
u30,BCwave_b1_u30_n1_s0,1.0,1,0,baroclinic_conversion_proxy,50.0,3.0878470381600703e-07,247.0,315.0,69
u30,BCwave_b1_u30_n1_s0,1.0,1,0,baroclinic_conversion_proxy,100.0,-2.3510178781066777e-06,247.0,315.0,69
u30,BCwave_b1_u30_n1_s0,1.0,1,0,baroclinic_conversion_proxy,150.0,3.697141397898794e-05,247.0,315.0,69
u30,BCwave_b1_u30_n1_s0,1.0,1,0,baroclinic_conversion_proxy,200.0,8.239381228728841e-05,247.0,315.0,69
u30,BCwave_b1_u30_n1_s0,1.0,1,0,baroclinic_conversion_proxy,250.0,8.213657618372066e-05,247.0,315.0,69
u30,BCwave_b1_u30_n1_s0,1.0,1,0,baroclinic_conversion_proxy,300.0,5.272333555694786e-05,247.0,315.0,69
u30,BCwave_b1_u30_n1_s0,1.0,1,0,baroclinic_conversion_proxy,400.0,-4.970940608473029e-05,247.0,315.0,69
u30,BCwave_b1_u30_n1_s0,1.0,1,0,baroclinic_conversion_proxy,500.0,-4.0526370972604155e-05,247.0,315.0,69
u30,BCwave_b1_u30_n1_s0,1.0,1,0,baroclinic_conversion_proxy,600.0,0.00010651230495304976,247.0,315.0,69
u30,BCwave_b1_u30_n1_s0,1.0,1,0,baroclinic_conversion_proxy,700.0,0.000386112397646302,247.0,315.0,69
u30,BCwave_b1_u30_n1_s0,1.0,1,0,baroclinic_conversion_proxy,850.0,0.0010199040474802039,247.0,315.0,69
u30,BCwave_b1_u30_n1_s0,1.0,1,0,baroclinic_conversion_proxy,925.0,0.0014365778770297766,247.0,315.0,69
u30,BCwave_b1_u30_n1_s0,1.0,1,0,baroclinic_conversion_proxy,975.0,0.0014616083320014286,247.0,315.0,69
u30,BCwave_b1_u30_n1_s0,1.0,1,0,baroclinic_conversion_proxy,1000.0,0.0011268998993952098,247.0,315.0,69
u30,BCwave_b1_u30_n1_s0,1.0,1,0,ep_flux_vertical,10.0,-1336.3846311707428,247.0,315.0,69
u30,BCwave_b1_u30_n1_s0,1.0,1,0,ep_flux_vertical,50.0,-15683.514726279438,247.0,315.0,69
u30,BCwave_b1_u30_n1_s0,1.0,1,0,ep_flux_vertical,100.0,-47769.28608681499,247.0,315.0,69
u30,BCwave_b1_u30_n1_s0,1.0,1,0,ep_flux_vertical,150.0,1894308.009057971,247.0,315.0,69
u30,BCwave_b1_u30_n1_s0,1.0,1,0,ep_flux_vertical,200.0,3417667.644927536,247.0,315.0,69
u30,BCwave_b1_u30_n1_s0,1.0,1,0,ep_flux_vertical,250.0,2660550.742753623,247.0,315.0,69
u30,BCwave_b1_u30_n1_s0,1.0,1,0,ep_flux_vertical,300.0,1435336.9093070652,247.0,315.0,69
u30,BCwave_b1_u30_n1_s0,1.0,1,0,ep_flux_vertical,400.0,-2901588.7789855073,247.0,315.0,69
u30,BCwave_b1_u30_n1_s0,1.0,1,0,ep_flux_vertical,500.0,-7791977.7536231885,247.0,315.0,69
u30,BCwave_b1_u30_n1_s0,1.0,1,0,ep_flux_vertical,600.0,-13683565.86231884,247.0,315.0,69
u30,BCwave_b1_u30_n1_s0,1.0,1,0,ep_flux_vertical,700.0,-17264215.623188406,247.0,315.0,69
u30,BCwave_b1_u30_n1_s0,1.0,1,0,ep_flux_vertical,850.0,-16339315.144927537,247.0,315.0,69
u30,BCwave_b1_u30_n1_s0,1.0,1,0,ep_flux_vertical,925.0,-14410270.144927537,247.0,315.0,69
u30,BCwave_b1_u30_n1_s0,1.0,1,0,ep_flux_vertical,975.0,-14721369.347826088,247.0,315.0,69
u30,BCwave_b1_u30_n1_s0,1.0,1,0,ep_flux_vertical,1000.0,-21578626.710144926,247.0,315.0,69
u30,BCwave_b1_u30_n1_s5,1.0,1,5,eddy_heat_flux_vT,10.0,0.07311433085762872,257.0,297.0,41
u30,BCwave_b1_u30_n1_s5,1.0,1,5,eddy_heat_flux_vT,50.0,1.8358647387202194,257.0,297.0,41
u30,BCwave_b1_u30_n1_s5,1.0,1,5,eddy_heat_flux_vT,100.0,-1.4543380450184753,257.0,297.0,41
u30,BCwave_b1_u30_n1_s5,1.0,1,5,eddy_heat_flux_vT,150.0,-19.806716197874486,257.0,297.0,41
u30,BCwave_b1_u30_n1_s5,1.0,1,5,eddy_heat_flux_vT,200.0,-32.92267417907715,257.0,297.0,41
u30,BCwave_b1_u30_n1_s5,1.0,1,5,eddy_heat_flux_vT,250.0,-36.3262515184356,257.0,297.0,41
u30,BCwave_b1_u30_n1_s5,1.0,1,5,eddy_heat_flux_vT,300.0,-34.666009065581534,257.0,297.0,41
u30,BCwave_b1_u30_n1_s5,1.0,1,5,eddy_heat_flux_vT,400.0,-10.403894198376959,257.0,297.0,41
u30,BCwave_b1_u30_n1_s5,1.0,1,5,eddy_heat_flux_vT,500.0,21.184902842451887,257.0,297.0,41
u30,BCwave_b1_u30_n1_s5,1.0,1,5,eddy_heat_flux_vT,600.0,51.00635416914777,257.0,297.0,41
u30,BCwave_b1_u30_n1_s5,1.0,1,5,eddy_heat_flux_vT,700.0,79.00787567510838,257.0,297.0,41
u30,BCwave_b1_u30_n1_s5,1.0,1,5,eddy_heat_flux_vT,850.0,118.56095588497999,257.0,297.0,41
u30,BCwave_b1_u30_n1_s5,1.0,1,5,eddy_heat_flux_vT,925.0,136.26580438381288,257.0,297.0,41
u30,BCwave_b1_u30_n1_s5,1.0,1,5,eddy_heat_flux_vT,975.0,137.09032179669637,257.0,297.0,41
u30,BCwave_b1_u30_n1_s5,1.0,1,5,eddy_heat_flux_vT,1000.0,131.65236273044493,257.0,297.0,41
u30,BCwave_b1_u30_n1_s5,1.0,1,5,baroclinic_conversion_proxy,10.0,-2.5874509990707355e-09,257.0,297.0,41
u30,BCwave_b1_u30_n1_s5,1.0,1,5,baroclinic_conversion_proxy,50.0,-2.2174334229176323e-06,257.0,297.0,41
u30,BCwave_b1_u30_n1_s5,1.0,1,5,baroclinic_conversion_proxy,100.0,2.9121476005712326e-06,257.0,297.0,41
u30,BCwave_b1_u30_n1_s5,1.0,1,5,baroclinic_conversion_proxy,150.0,9.222591324942186e-05,257.0,297.0,41
u30,BCwave_b1_u30_n1_s5,1.0,1,5,baroclinic_conversion_proxy,200.0,0.0002184454578815437,257.0,297.0,41
u30,BCwave_b1_u30_n1_s5,1.0,1,5,baroclinic_conversion_proxy,250.0,0.0002908591289646787,257.0,297.0,41
u30,BCwave_b1_u30_n1_s5,1.0,1,5,baroclinic_conversion_proxy,300.0,0.00030477131467039994,257.0,297.0,41
u30,BCwave_b1_u30_n1_s5,1.0,1,5,baroclinic_conversion_proxy,400.0,7.07426182771087e-05,257.0,297.0,41
u30,BCwave_b1_u30_n1_s5,1.0,1,5,baroclinic_conversion_proxy,500.0,-2.348045736874976e-05,257.0,297.0,41
u30,BCwave_b1_u30_n1_s5,1.0,1,5,baroclinic_conversion_proxy,600.0,0.0002595004636266201,257.0,297.0,41
u30,BCwave_b1_u30_n1_s5,1.0,1,5,baroclinic_conversion_proxy,700.0,0.0008334511871131636,257.0,297.0,41
u30,BCwave_b1_u30_n1_s5,1.0,1,5,baroclinic_conversion_proxy,850.0,0.002041925943070432,257.0,297.0,41
u30,BCwave_b1_u30_n1_s5,1.0,1,5,baroclinic_conversion_proxy,925.0,0.00273144936257201,257.0,297.0,41
u30,BCwave_b1_u30_n1_s5,1.0,1,5,baroclinic_conversion_proxy,975.0,0.0026297515496702456,257.0,297.0,41
u30,BCwave_b1_u30_n1_s5,1.0,1,5,baroclinic_conversion_proxy,1000.0,0.0020701420811436526,257.0,297.0,41
u30,BCwave_b1_u30_n1_s5,1.0,1,5,ep_flux_vertical,10.0,-730.4391457162252,257.0,297.0,41
u30,BCwave_b1_u30_n1_s5,1.0,1,5,ep_flux_vertical,50.0,-24556.325624047255,257.0,297.0,41
u30,BCwave_b1_u30_n1_s5,1.0,1,5,ep_flux_vertical,100.0,100564.2324814215,257.0,297.0,41
u30,BCwave_b1_u30_n1_s5,1.0,1,5,ep_flux_vertical,150.0,4883153.743902439,257.0,297.0,41
u30,BCwave_b1_u30_n1_s5,1.0,1,5,ep_flux_vertical,200.0,10079484.512195121,257.0,297.0,41
u30,BCwave_b1_u30_n1_s5,1.0,1,5,ep_flux_vertical,250.0,10704603.463414634,257.0,297.0,41
u30,BCwave_b1_u30_n1_s5,1.0,1,5,ep_flux_vertical,300.0,9895790.280487806,257.0,297.0,41
u30,BCwave_b1_u30_n1_s5,1.0,1,5,ep_flux_vertical,400.0,2975283.993140244,257.0,297.0,41
u30,BCwave_b1_u30_n1_s5,1.0,1,5,ep_flux_vertical,500.0,-8858354.853658536,257.0,297.0,41
u30,BCwave_b1_u30_n1_s5,1.0,1,5,ep_flux_vertical,600.0,-21588437.292682927,257.0,297.0,41
u30,BCwave_b1_u30_n1_s5,1.0,1,5,ep_flux_vertical,700.0,-27684126.0,257.0,297.0,41
u30,BCwave_b1_u30_n1_s5,1.0,1,5,ep_flux_vertical,850.0,-26083132.780487806,257.0,297.0,41
u30,BCwave_b1_u30_n1_s5,1.0,1,5,ep_flux_vertical,925.0,-22515719.951219514,257.0,297.0,41
u30,BCwave_b1_u30_n1_s5,1.0,1,5,ep_flux_vertical,975.0,-22774619.31707317,257.0,297.0,41
u30,BCwave_b1_u30_n1_s5,1.0,1,5,ep_flux_vertical,1000.0,-32503064.63414634,257.0,297.0,41
u30,BCwave_b1_u30_n1_s10,1.0,1,10,eddy_heat_flux_vT,10.0,0.1027964545054394,231.0,287.0,57
u30,BCwave_b1_u30_n1_s10,1.0,1,10,eddy_heat_flux_vT,50.0,1.925504494131657,231.0,287.0,57
u30,BCwave_b1_u30_n1_s10,1.0,1,10,eddy_heat_flux_vT,100.0,-2.035971104053029,231.0,287.0,57
u30,BCwave_b1_u30_n1_s10,1.0,1,10,eddy_heat_flux_vT,150.0,-12.71121086990624,231.0,287.0,57
u30,BCwave_b1_u30_n1_s10,1.0,1,10,eddy_heat_flux_vT,200.0,-17.484961041232996,231.0,287.0,57
u30,BCwave_b1_u30_n1_s10,1.0,1,10,eddy_heat_flux_vT,250.0,-17.894500598572847,231.0,287.0,57
u30,BCwave_b1_u30_n1_s10,1.0,1,10,eddy_heat_flux_vT,300.0,-15.033384845967879,231.0,287.0,57
u30,BCwave_b1_u30_n1_s10,1.0,1,10,eddy_heat_flux_vT,400.0,2.201689997263122,231.0,287.0,57
u30,BCwave_b1_u30_n1_s10,1.0,1,10,eddy_heat_flux_vT,500.0,30.134674992477684,231.0,287.0,57
u30,BCwave_b1_u30_n1_s10,1.0,1,10,eddy_heat_flux_vT,600.0,43.56710547731634,231.0,287.0,57
u30,BCwave_b1_u30_n1_s10,1.0,1,10,eddy_heat_flux_vT,700.0,55.15272749516002,231.0,287.0,57
u30,BCwave_b1_u30_n1_s10,1.0,1,10,eddy_heat_flux_vT,850.0,75.50218803004215,231.0,287.0,57
u30,BCwave_b1_u30_n1_s10,1.0,1,10,eddy_heat_flux_vT,925.0,72.11515379788582,231.0,287.0,57
u30,BCwave_b1_u30_n1_s10,1.0,1,10,eddy_heat_flux_vT,975.0,62.17005880255448,231.0,287.0,57
u30,BCwave_b1_u30_n1_s10,1.0,1,10,eddy_heat_flux_vT,1000.0,51.50907529864395,231.0,287.0,57
u30,BCwave_b1_u30_n1_s10,1.0,1,10,baroclinic_conversion_proxy,10.0,-1.2152331795826847e-08,231.0,287.0,57
u30,BCwave_b1_u30_n1_s10,1.0,1,10,baroclinic_conversion_proxy,50.0,-2.770989958502979e-06,231.0,287.0,57
u30,BCwave_b1_u30_n1_s10,1.0,1,10,baroclinic_conversion_proxy,100.0,3.4261648991424296e-06,231.0,287.0,57
u30,BCwave_b1_u30_n1_s10,1.0,1,10,baroclinic_conversion_proxy,150.0,7.139592886679773e-05,231.0,287.0,57
u30,BCwave_b1_u30_n1_s10,1.0,1,10,baroclinic_conversion_proxy,200.0,0.00013566484088650005,231.0,287.0,57
u30,BCwave_b1_u30_n1_s10,1.0,1,10,baroclinic_conversion_proxy,250.0,0.0001578752602207507,231.0,287.0,57
u30,BCwave_b1_u30_n1_s10,1.0,1,10,baroclinic_conversion_proxy,300.0,0.00013697028677134976,231.0,287.0,57
u30,BCwave_b1_u30_n1_s10,1.0,1,10,baroclinic_conversion_proxy,400.0,-2.8139732516289467e-05,231.0,287.0,57
u30,BCwave_b1_u30_n1_s10,1.0,1,10,baroclinic_conversion_proxy,500.0,-4.7578690307565854e-05,231.0,287.0,57
u30,BCwave_b1_u30_n1_s10,1.0,1,10,baroclinic_conversion_proxy,600.0,0.00024772544208660784,231.0,287.0,57
u30,BCwave_b1_u30_n1_s10,1.0,1,10,baroclinic_conversion_proxy,700.0,0.000648829535573002,231.0,287.0,57
u30,BCwave_b1_u30_n1_s10,1.0,1,10,baroclinic_conversion_proxy,850.0,0.001533352608563738,231.0,287.0,57
u30,BCwave_b1_u30_n1_s10,1.0,1,10,baroclinic_conversion_proxy,925.0,0.0018758332998116028,231.0,287.0,57
u30,BCwave_b1_u30_n1_s10,1.0,1,10,baroclinic_conversion_proxy,975.0,0.0018679762152922258,231.0,287.0,57
u30,BCwave_b1_u30_n1_s10,1.0,1,10,baroclinic_conversion_proxy,1000.0,0.00146164715477968,231.0,287.0,57
u30,BCwave_b1_u30_n1_s10,1.0,1,10,ep_flux_vertical,10.0,-945.1377145867599,231.0,287.0,57
u30,BCwave_b1_u30_n1_s10,1.0,1,10,ep_flux_vertical,50.0,-25436.30622944079,231.0,287.0,57
u30,BCwave_b1_u30_n1_s10,1.0,1,10,ep_flux_vertical,100.0,131755.4167608964,231.0,287.0,57
u30,BCwave_b1_u30_n1_s10,1.0,1,10,ep_flux_vertical,150.0,2933441.3530701753,231.0,287.0,57
u30,BCwave_b1_u30_n1_s10,1.0,1,10,ep_flux_vertical,200.0,4956972.5394736845,231.0,287.0,57
u30,BCwave_b1_u30_n1_s10,1.0,1,10,ep_flux_vertical,250.0,4994604.449561403,231.0,287.0,57
u30,BCwave_b1_u30_n1_s10,1.0,1,10,ep_flux_vertical,300.0,4204046.031798245,231.0,287.0,57
u30,BCwave_b1_u30_n1_s10,1.0,1,10,ep_flux_vertical,400.0,-75734.81126644737,231.0,287.0,57
u30,BCwave_b1_u30_n1_s10,1.0,1,10,ep_flux_vertical,500.0,-8786951.192982456,231.0,287.0,57
u30,BCwave_b1_u30_n1_s10,1.0,1,10,ep_flux_vertical,600.0,-15849199.578947369,231.0,287.0,57
u30,BCwave_b1_u30_n1_s10,1.0,1,10,ep_flux_vertical,700.0,-19203703.0,231.0,287.0,57
u30,BCwave_b1_u30_n1_s10,1.0,1,10,ep_flux_vertical,850.0,-17318471.57894737,231.0,287.0,57
u30,BCwave_b1_u30_n1_s10,1.0,1,10,ep_flux_vertical,925.0,-11307242.157894736,231.0,287.0,57
u30,BCwave_b1_u30_n1_s10,1.0,1,10,ep_flux_vertical,975.0,-6988427.1228070175,231.0,287.0,57
u30,BCwave_b1_u30_n1_s10,1.0,1,10,ep_flux_vertical,1000.0,-5253326.299342105,231.0,287.0,57
u30,BCwave_b1_u30_n3_s-10,1.0,3,-10,eddy_heat_flux_vT,10.0,0.0030461712123637666,245.0,328.0,84
u30,BCwave_b1_u30_n3_s-10,1.0,3,-10,eddy_heat_flux_vT,50.0,0.010455934418132529,245.0,328.0,84
u30,BCwave_b1_u30_n3_s-10,1.0,3,-10,eddy_heat_flux_vT,100.0,0.06796920563404758,245.0,328.0,84
u30,BCwave_b1_u30_n3_s-10,1.0,3,-10,eddy_heat_flux_vT,150.0,0.029588499350384587,245.0,328.0,84
u30,BCwave_b1_u30_n3_s-10,1.0,3,-10,eddy_heat_flux_vT,200.0,-0.36272734793878736,245.0,328.0,84
u30,BCwave_b1_u30_n3_s-10,1.0,3,-10,eddy_heat_flux_vT,250.0,-0.3414572646087479,245.0,328.0,84
u30,BCwave_b1_u30_n3_s-10,1.0,3,-10,eddy_heat_flux_vT,300.0,0.5191577873303599,245.0,328.0,84
u30,BCwave_b1_u30_n3_s-10,1.0,3,-10,eddy_heat_flux_vT,400.0,2.8858190136296407,245.0,328.0,84
u30,BCwave_b1_u30_n3_s-10,1.0,3,-10,eddy_heat_flux_vT,500.0,3.697359488123939,245.0,328.0,84
u30,BCwave_b1_u30_n3_s-10,1.0,3,-10,eddy_heat_flux_vT,600.0,5.810781308582851,245.0,328.0,84
u30,BCwave_b1_u30_n3_s-10,1.0,3,-10,eddy_heat_flux_vT,700.0,8.69183732214428,245.0,328.0,84
u30,BCwave_b1_u30_n3_s-10,1.0,3,-10,eddy_heat_flux_vT,850.0,13.567928995404925,245.0,328.0,84
u30,BCwave_b1_u30_n3_s-10,1.0,3,-10,eddy_heat_flux_vT,925.0,16.91784145718529,245.0,328.0,84
u30,BCwave_b1_u30_n3_s-10,1.0,3,-10,eddy_heat_flux_vT,975.0,21.110290618169877,245.0,328.0,84
u30,BCwave_b1_u30_n3_s-10,1.0,3,-10,eddy_heat_flux_vT,1000.0,14.246666454133534,245.0,328.0,84
u30,BCwave_b1_u30_n3_s-10,1.0,3,-10,baroclinic_conversion_proxy,10.0,1.5647041543147477e-10,245.0,328.0,84
u30,BCwave_b1_u30_n3_s-10,1.0,3,-10,baroclinic_conversion_proxy,50.0,2.4584519378094217e-09,245.0,328.0,84
u30,BCwave_b1_u30_n3_s-10,1.0,3,-10,baroclinic_conversion_proxy,100.0,-4.3146810357357134e-08,245.0,328.0,84
u30,BCwave_b1_u30_n3_s-10,1.0,3,-10,baroclinic_conversion_proxy,150.0,-1.1363950204126706e-07,245.0,328.0,84
u30,BCwave_b1_u30_n3_s-10,1.0,3,-10,baroclinic_conversion_proxy,200.0,2.1116077704164127e-06,245.0,328.0,84
u30,BCwave_b1_u30_n3_s-10,1.0,3,-10,baroclinic_conversion_proxy,250.0,2.3138798817730808e-06,245.0,328.0,84
u30,BCwave_b1_u30_n3_s-10,1.0,3,-10,baroclinic_conversion_proxy,300.0,-5.387401429857164e-06,245.0,328.0,84
u30,BCwave_b1_u30_n3_s-10,1.0,3,-10,baroclinic_conversion_proxy,400.0,-1.78452079597134e-05,245.0,328.0,84
u30,BCwave_b1_u30_n3_s-10,1.0,3,-10,baroclinic_conversion_proxy,500.0,-1.4749825292576752e-06,245.0,328.0,84
u30,BCwave_b1_u30_n3_s-10,1.0,3,-10,baroclinic_conversion_proxy,600.0,2.843117913254814e-05,245.0,328.0,84
u30,BCwave_b1_u30_n3_s-10,1.0,3,-10,baroclinic_conversion_proxy,700.0,7.805392366814583e-05,245.0,328.0,84
u30,BCwave_b1_u30_n3_s-10,1.0,3,-10,baroclinic_conversion_proxy,850.0,0.000176433051646676,245.0,328.0,84
u30,BCwave_b1_u30_n3_s-10,1.0,3,-10,baroclinic_conversion_proxy,925.0,0.0002314339581062086,245.0,328.0,84
u30,BCwave_b1_u30_n3_s-10,1.0,3,-10,baroclinic_conversion_proxy,975.0,0.00030566680895087,245.0,328.0,84
u30,BCwave_b1_u30_n3_s-10,1.0,3,-10,baroclinic_conversion_proxy,1000.0,0.00011855700454145248,245.0,328.0,84
u30,BCwave_b1_u30_n3_s-10,1.0,3,-10,ep_flux_vertical,10.0,-31.17121572721572,245.0,328.0,84
u30,BCwave_b1_u30_n3_s-10,1.0,3,-10,ep_flux_vertical,50.0,-145.34071568080358,245.0,328.0,84
u30,BCwave_b1_u30_n3_s-10,1.0,3,-10,ep_flux_vertical,100.0,-3984.7462085542224,245.0,328.0,84
u30,BCwave_b1_u30_n3_s-10,1.0,3,-10,ep_flux_vertical,150.0,-3700.637999489194,245.0,328.0,84
u30,BCwave_b1_u30_n3_s-10,1.0,3,-10,ep_flux_vertical,200.0,106731.27006603422,245.0,328.0,84
u30,BCwave_b1_u30_n3_s-10,1.0,3,-10,ep_flux_vertical,250.0,122418.86507161458,245.0,328.0,84
u30,BCwave_b1_u30_n3_s-10,1.0,3,-10,ep_flux_vertical,300.0,-184373.0912330264,245.0,328.0,84
u30,BCwave_b1_u30_n3_s-10,1.0,3,-10,ep_flux_vertical,400.0,-1206312.683779762,245.0,328.0,84
u30,BCwave_b1_u30_n3_s-10,1.0,3,-10,ep_flux_vertical,500.0,-2239456.264136905,245.0,328.0,84
u30,BCwave_b1_u30_n3_s-10,1.0,3,-10,ep_flux_vertical,600.0,-4269421.428571428,245.0,328.0,84
u30,BCwave_b1_u30_n3_s-10,1.0,3,-10,ep_flux_vertical,700.0,-5623449.056547619,245.0,328.0,84
u30,BCwave_b1_u30_n3_s-10,1.0,3,-10,ep_flux_vertical,850.0,-6228234.529761905,245.0,328.0,84
u30,BCwave_b1_u30_n3_s-10,1.0,3,-10,ep_flux_vertical,925.0,-5721678.053571428,245.0,328.0,84
u30,BCwave_b1_u30_n3_s-10,1.0,3,-10,ep_flux_vertical,975.0,-5522295.568452381,245.0,328.0,84
u30,BCwave_b1_u30_n3_s-10,1.0,3,-10,ep_flux_vertical,1000.0,-6397293.919642857,245.0,328.0,84
u30,BCwave_b1_u30_n3_s-5,1.0,3,-5,eddy_heat_flux_vT,10.0,0.008933296430886032,271.0,332.0,62
u30,BCwave_b1_u30_n3_s-5,1.0,3,-5,eddy_heat_flux_vT,50.0,0.0684999059284887,271.0,332.0,62
u30,BCwave_b1_u30_n3_s-5,1.0,3,-5,eddy_heat_flux_vT,100.0,0.3486080188905039,271.0,332.0,62
u30,BCwave_b1_u30_n3_s-5,1.0,3,-5,eddy_heat_flux_vT,150.0,-0.37161053476795075,271.0,332.0,62
u30,BCwave_b1_u30_n3_s-5,1.0,3,-5,eddy_heat_flux_vT,200.0,-2.4877015236885316,271.0,332.0,62
u30,BCwave_b1_u30_n3_s-5,1.0,3,-5,eddy_heat_flux_vT,250.0,-2.4443586141832414,271.0,332.0,62
u30,BCwave_b1_u30_n3_s-5,1.0,3,-5,eddy_heat_flux_vT,300.0,-0.9117373857767351,271.0,332.0,62
u30,BCwave_b1_u30_n3_s-5,1.0,3,-5,eddy_heat_flux_vT,400.0,3.8486901502455435,271.0,332.0,62
u30,BCwave_b1_u30_n3_s-5,1.0,3,-5,eddy_heat_flux_vT,500.0,5.556131893588651,271.0,332.0,62
u30,BCwave_b1_u30_n3_s-5,1.0,3,-5,eddy_heat_flux_vT,600.0,10.153428108461442,271.0,332.0,62
u30,BCwave_b1_u30_n3_s-5,1.0,3,-5,eddy_heat_flux_vT,700.0,15.106213631168488,271.0,332.0,62
u30,BCwave_b1_u30_n3_s-5,1.0,3,-5,eddy_heat_flux_vT,850.0,25.129792244203628,271.0,332.0,62
u30,BCwave_b1_u30_n3_s-5,1.0,3,-5,eddy_heat_flux_vT,925.0,29.578465769367835,271.0,332.0,62
u30,BCwave_b1_u30_n3_s-5,1.0,3,-5,eddy_heat_flux_vT,975.0,30.912128202376827,271.0,332.0,62
u30,BCwave_b1_u30_n3_s-5,1.0,3,-5,eddy_heat_flux_vT,1000.0,23.856714833167292,271.0,332.0,62
u30,BCwave_b1_u30_n3_s-5,1.0,3,-5,baroclinic_conversion_proxy,10.0,4.58335583420147e-10,271.0,332.0,62
u30,BCwave_b1_u30_n3_s-5,1.0,3,-5,baroclinic_conversion_proxy,50.0,1.6471980281554837e-08,271.0,332.0,62
u30,BCwave_b1_u30_n3_s-5,1.0,3,-5,baroclinic_conversion_proxy,100.0,-2.3888762050942646e-07,271.0,332.0,62
u30,BCwave_b1_u30_n3_s-5,1.0,3,-5,baroclinic_conversion_proxy,150.0,1.2995919566873777e-06,271.0,332.0,62
u30,BCwave_b1_u30_n3_s-5,1.0,3,-5,baroclinic_conversion_proxy,200.0,1.542577204036793e-05,271.0,332.0,62
u30,BCwave_b1_u30_n3_s-5,1.0,3,-5,baroclinic_conversion_proxy,250.0,1.9715811856346385e-05,271.0,332.0,62
u30,BCwave_b1_u30_n3_s-5,1.0,3,-5,baroclinic_conversion_proxy,300.0,7.578629914596311e-06,271.0,332.0,62
u30,BCwave_b1_u30_n3_s-5,1.0,3,-5,baroclinic_conversion_proxy,400.0,-2.541877210381743e-05,271.0,332.0,62
u30,BCwave_b1_u30_n3_s-5,1.0,3,-5,baroclinic_conversion_proxy,500.0,-3.579787286271092e-06,271.0,332.0,62
u30,BCwave_b1_u30_n3_s-5,1.0,3,-5,baroclinic_conversion_proxy,600.0,4.8039686120201594e-05,271.0,332.0,62
u30,BCwave_b1_u30_n3_s-5,1.0,3,-5,baroclinic_conversion_proxy,700.0,0.0001385397984948565,271.0,332.0,62
u30,BCwave_b1_u30_n3_s-5,1.0,3,-5,baroclinic_conversion_proxy,850.0,0.00034336360817354534,271.0,332.0,62
u30,BCwave_b1_u30_n3_s-5,1.0,3,-5,baroclinic_conversion_proxy,925.0,0.0004313766933797348,271.0,332.0,62
u30,BCwave_b1_u30_n3_s-5,1.0,3,-5,baroclinic_conversion_proxy,975.0,0.0004569525499978373,271.0,332.0,62
u30,BCwave_b1_u30_n3_s-5,1.0,3,-5,baroclinic_conversion_proxy,1000.0,0.00023871272377061446,271.0,332.0,62
u30,BCwave_b1_u30_n3_s-5,1.0,3,-5,ep_flux_vertical,10.0,-93.55919105775895,271.0,332.0,62
u30,BCwave_b1_u30_n3_s-5,1.0,3,-5,ep_flux_vertical,50.0,-966.1347946659212,271.0,332.0,62
u30,BCwave_b1_u30_n3_s-5,1.0,3,-5,ep_flux_vertical,100.0,-21389.71378843246,271.0,332.0,62
u30,BCwave_b1_u30_n3_s-5,1.0,3,-5,ep_flux_vertical,150.0,68084.99514868952,271.0,332.0,62
u30,BCwave_b1_u30_n3_s-5,1.0,3,-5,ep_flux_vertical,200.0,783598.3588709678,271.0,332.0,62
u30,BCwave_b1_u30_n3_s-5,1.0,3,-5,ep_flux_vertical,250.0,820953.2792338709,271.0,332.0,62
u30,BCwave_b1_u30_n3_s-5,1.0,3,-5,ep_flux_vertical,300.0,310725.2352570564,271.0,332.0,62
u30,BCwave_b1_u30_n3_s-5,1.0,3,-5,ep_flux_vertical,400.0,-1412863.9576612904,271.0,332.0,62
u30,BCwave_b1_u30_n3_s-5,1.0,3,-5,ep_flux_vertical,500.0,-3301356.393145161,271.0,332.0,62
u30,BCwave_b1_u30_n3_s-5,1.0,3,-5,ep_flux_vertical,600.0,-7210014.483870967,271.0,332.0,62
u30,BCwave_b1_u30_n3_s-5,1.0,3,-5,ep_flux_vertical,700.0,-8711478.741935484,271.0,332.0,62
u30,BCwave_b1_u30_n3_s-5,1.0,3,-5,ep_flux_vertical,850.0,-9862122.709677419,271.0,332.0,62
u30,BCwave_b1_u30_n3_s-5,1.0,3,-5,ep_flux_vertical,925.0,-8815817.35483871,271.0,332.0,62
u30,BCwave_b1_u30_n3_s-5,1.0,3,-5,ep_flux_vertical,975.0,-8834791.072580645,271.0,332.0,62
u30,BCwave_b1_u30_n3_s-5,1.0,3,-5,ep_flux_vertical,1000.0,-14309719.741935484,271.0,332.0,62
u30,BCwave_b1_u30_n3_s0,1.0,3,0,eddy_heat_flux_vT,10.0,0.00812700934404013,275.0,323.0,49
u30,BCwave_b1_u30_n3_s0,1.0,3,0,eddy_heat_flux_vT,50.0,0.07429317947553128,275.0,323.0,49
u30,BCwave_b1_u30_n3_s0,1.0,3,0,eddy_heat_flux_vT,100.0,0.36858159334075696,275.0,323.0,49
u30,BCwave_b1_u30_n3_s0,1.0,3,0,eddy_heat_flux_vT,150.0,-1.5052123629316991,275.0,323.0,49
u30,BCwave_b1_u30_n3_s0,1.0,3,0,eddy_heat_flux_vT,200.0,-4.362851181808783,275.0,323.0,49
u30,BCwave_b1_u30_n3_s0,1.0,3,0,eddy_heat_flux_vT,250.0,-5.490962889729714,275.0,323.0,49
u30,BCwave_b1_u30_n3_s0,1.0,3,0,eddy_heat_flux_vT,300.0,-4.692121481408878,275.0,323.0,49
u30,BCwave_b1_u30_n3_s0,1.0,3,0,eddy_heat_flux_vT,400.0,1.3831251099401591,275.0,323.0,49
u30,BCwave_b1_u30_n3_s0,1.0,3,0,eddy_heat_flux_vT,500.0,7.993056112406205,275.0,323.0,49
u30,BCwave_b1_u30_n3_s0,1.0,3,0,eddy_heat_flux_vT,600.0,16.514402214361695,275.0,323.0,49
u30,BCwave_b1_u30_n3_s0,1.0,3,0,eddy_heat_flux_vT,700.0,24.919285248736944,275.0,323.0,49
u30,BCwave_b1_u30_n3_s0,1.0,3,0,eddy_heat_flux_vT,850.0,37.35634620822206,275.0,323.0,49
u30,BCwave_b1_u30_n3_s0,1.0,3,0,eddy_heat_flux_vT,925.0,43.15355316473513,275.0,323.0,49
u30,BCwave_b1_u30_n3_s0,1.0,3,0,eddy_heat_flux_vT,975.0,47.27032120373784,275.0,323.0,49
u30,BCwave_b1_u30_n3_s0,1.0,3,0,eddy_heat_flux_vT,1000.0,45.08872156727071,275.0,323.0,49
u30,BCwave_b1_u30_n3_s0,1.0,3,0,baroclinic_conversion_proxy,10.0,1.5100020461619112e-10,275.0,323.0,49
u30,BCwave_b1_u30_n3_s0,1.0,3,0,baroclinic_conversion_proxy,50.0,-1.7776231135606078e-08,275.0,323.0,49
u30,BCwave_b1_u30_n3_s0,1.0,3,0,baroclinic_conversion_proxy,100.0,-4.4995375117428103e-07,275.0,323.0,49
u30,BCwave_b1_u30_n3_s0,1.0,3,0,baroclinic_conversion_proxy,150.0,5.830397528871818e-06,275.0,323.0,49
u30,BCwave_b1_u30_n3_s0,1.0,3,0,baroclinic_conversion_proxy,200.0,2.8189450394889645e-05,275.0,323.0,49
u30,BCwave_b1_u30_n3_s0,1.0,3,0,baroclinic_conversion_proxy,250.0,4.7159726076346006e-05,275.0,323.0,49
u30,BCwave_b1_u30_n3_s0,1.0,3,0,baroclinic_conversion_proxy,300.0,4.38903182152806e-05,275.0,323.0,49
u30,BCwave_b1_u30_n3_s0,1.0,3,0,baroclinic_conversion_proxy,400.0,-1.01159284756194e-05,275.0,323.0,49
u30,BCwave_b1_u30_n3_s0,1.0,3,0,baroclinic_conversion_proxy,500.0,-9.596104426199585e-06,275.0,323.0,49
u30,BCwave_b1_u30_n3_s0,1.0,3,0,baroclinic_conversion_proxy,600.0,8.085528159946469e-05,275.0,323.0,49
u30,BCwave_b1_u30_n3_s0,1.0,3,0,baroclinic_conversion_proxy,700.0,0.00024103278657112612,275.0,323.0,49
u30,BCwave_b1_u30_n3_s0,1.0,3,0,baroclinic_conversion_proxy,850.0,0.0005391009338437674,275.0,323.0,49
u30,BCwave_b1_u30_n3_s0,1.0,3,0,baroclinic_conversion_proxy,925.0,0.0006680088331542757,275.0,323.0,49
u30,BCwave_b1_u30_n3_s0,1.0,3,0,baroclinic_conversion_proxy,975.0,0.0006868849919481697,275.0,323.0,49
u30,BCwave_b1_u30_n3_s0,1.0,3,0,baroclinic_conversion_proxy,1000.0,0.0004938996666614727,275.0,323.0,49
u30,BCwave_b1_u30_n3_s0,1.0,3,0,ep_flux_vertical,10.0,-84.70608251921985,275.0,323.0,49
u30,BCwave_b1_u30_n3_s0,1.0,3,0,ep_flux_vertical,50.0,-1039.0227661132812,275.0,323.0,49
u30,BCwave_b1_u30_n3_s0,1.0,3,0,ep_flux_vertical,100.0,-22507.491569674745,275.0,323.0,49
u30,BCwave_b1_u30_n3_s0,1.0,3,0,ep_flux_vertical,150.0,318506.64859693876,275.0,323.0,49
u30,BCwave_b1_u30_n3_s0,1.0,3,0,ep_flux_vertical,200.0,1498962.0102040817,275.0,323.0,49
u30,BCwave_b1_u30_n3_s0,1.0,3,0,ep_flux_vertical,250.0,1844701.1734693877,275.0,323.0,49
u30,BCwave_b1_u30_n3_s0,1.0,3,0,ep_flux_vertical,300.0,1556115.392857143,275.0,323.0,49
u30,BCwave_b1_u30_n3_s0,1.0,3,0,ep_flux_vertical,400.0,-506138.96460459183,275.0,323.0,49
u30,BCwave_b1_u30_n3_s0,1.0,3,0,ep_flux_vertical,500.0,-4542385.25,275.0,323.0,49
u30,BCwave_b1_u30_n3_s0,1.0,3,0,ep_flux_vertical,600.0,-10890886.030612245,275.0,323.0,49
u30,BCwave_b1_u30_n3_s0,1.0,3,0,ep_flux_vertical,700.0,-13648494.765306123,275.0,323.0,49
u30,BCwave_b1_u30_n3_s0,1.0,3,0,ep_flux_vertical,850.0,-13360801.591836736,275.0,323.0,49
u30,BCwave_b1_u30_n3_s0,1.0,3,0,ep_flux_vertical,925.0,-11315320.469387755,275.0,323.0,49
u30,BCwave_b1_u30_n3_s0,1.0,3,0,ep_flux_vertical,975.0,-11984772.020408163,275.0,323.0,49
u30,BCwave_b1_u30_n3_s0,1.0,3,0,ep_flux_vertical,1000.0,-19665845.204081632,275.0,323.0,49
u30,BCwave_b1_u30_n3_s5,1.0,3,5,eddy_heat_flux_vT,10.0,0.025161398807540536,279.0,330.0,52
u30,BCwave_b1_u30_n3_s5,1.0,3,5,eddy_heat_flux_vT,50.0,0.36731128279979414,279.0,330.0,52
u30,BCwave_b1_u30_n3_s5,1.0,3,5,eddy_heat_flux_vT,100.0,0.9404046948139484,279.0,330.0,52
u30,BCwave_b1_u30_n3_s5,1.0,3,5,eddy_heat_flux_vT,150.0,-5.545051363798288,279.0,330.0,52
u30,BCwave_b1_u30_n3_s5,1.0,3,5,eddy_heat_flux_vT,200.0,-13.532348486093374,279.0,330.0,52
u30,BCwave_b1_u30_n3_s5,1.0,3,5,eddy_heat_flux_vT,250.0,-14.907042063199556,279.0,330.0,52
u30,BCwave_b1_u30_n3_s5,1.0,3,5,eddy_heat_flux_vT,300.0,-11.690340207173275,279.0,330.0,52
u30,BCwave_b1_u30_n3_s5,1.0,3,5,eddy_heat_flux_vT,400.0,0.6158294922743852,279.0,330.0,52
u30,BCwave_b1_u30_n3_s5,1.0,3,5,eddy_heat_flux_vT,500.0,11.581593916966366,279.0,330.0,52
u30,BCwave_b1_u30_n3_s5,1.0,3,5,eddy_heat_flux_vT,600.0,22.77792765544011,279.0,330.0,52
u30,BCwave_b1_u30_n3_s5,1.0,3,5,eddy_heat_flux_vT,700.0,39.25166210761437,279.0,330.0,52
u30,BCwave_b1_u30_n3_s5,1.0,3,5,eddy_heat_flux_vT,850.0,65.2644535945012,279.0,330.0,52
u30,BCwave_b1_u30_n3_s5,1.0,3,5,eddy_heat_flux_vT,925.0,71.3587500498845,279.0,330.0,52
u30,BCwave_b1_u30_n3_s5,1.0,3,5,eddy_heat_flux_vT,975.0,65.11623177161583,279.0,330.0,52
u30,BCwave_b1_u30_n3_s5,1.0,3,5,eddy_heat_flux_vT,1000.0,59.563211514399605,279.0,330.0,52
u30,BCwave_b1_u30_n3_s5,1.0,3,5,baroclinic_conversion_proxy,10.0,3.387955463716687e-10,279.0,330.0,52
u30,BCwave_b1_u30_n3_s5,1.0,3,5,baroclinic_conversion_proxy,50.0,-8.636189158677938e-08,279.0,330.0,52
u30,BCwave_b1_u30_n3_s5,1.0,3,5,baroclinic_conversion_proxy,100.0,-1.1422263143528583e-06,279.0,330.0,52
u30,BCwave_b1_u30_n3_s5,1.0,3,5,baroclinic_conversion_proxy,150.0,2.1733796424646593e-05,279.0,330.0,52
u30,BCwave_b1_u30_n3_s5,1.0,3,5,baroclinic_conversion_proxy,200.0,8.701676954213047e-05,279.0,330.0,52
u30,BCwave_b1_u30_n3_s5,1.0,3,5,baroclinic_conversion_proxy,250.0,0.00011864105083357292,279.0,330.0,52
u30,BCwave_b1_u30_n3_s5,1.0,3,5,baroclinic_conversion_proxy,300.0,9.801120988693304e-05,279.0,330.0,52
u30,BCwave_b1_u30_n3_s5,1.0,3,5,baroclinic_conversion_proxy,400.0,-1.0968691273004739e-05,279.0,330.0,52
u30,BCwave_b1_u30_n3_s5,1.0,3,5,baroclinic_conversion_proxy,500.0,-1.900753851749379e-05,279.0,330.0,52
u30,BCwave_b1_u30_n3_s5,1.0,3,5,baroclinic_conversion_proxy,600.0,0.00011816626717448414,279.0,330.0,52
u30,BCwave_b1_u30_n3_s5,1.0,3,5,baroclinic_conversion_proxy,700.0,0.000393941151672222,279.0,330.0,52
u30,BCwave_b1_u30_n3_s5,1.0,3,5,baroclinic_conversion_proxy,850.0,0.0009643641947499978,279.0,330.0,52
u30,BCwave_b1_u30_n3_s5,1.0,3,5,baroclinic_conversion_proxy,925.0,0.0011617611789216215,279.0,330.0,52
u30,BCwave_b1_u30_n3_s5,1.0,3,5,baroclinic_conversion_proxy,975.0,0.0010454178308674062,279.0,330.0,52
u30,BCwave_b1_u30_n3_s5,1.0,3,5,baroclinic_conversion_proxy,1000.0,0.0008369911464307314,279.0,330.0,52
u30,BCwave_b1_u30_n3_s5,1.0,3,5,ep_flux_vertical,10.0,-258.77594140859753,279.0,330.0,52
u30,BCwave_b1_u30_n3_s5,1.0,3,5,ep_flux_vertical,50.0,-4838.9091562124395,279.0,330.0,52
u30,BCwave_b1_u30_n3_s5,1.0,3,5,ep_flux_vertical,100.0,-56718.43885216346,279.0,330.0,52
u30,BCwave_b1_u30_n3_s5,1.0,3,5,ep_flux_vertical,150.0,1192194.5841346155,279.0,330.0,52
u30,BCwave_b1_u30_n3_s5,1.0,3,5,ep_flux_vertical,200.0,4482229.100961538,279.0,330.0,52
u30,BCwave_b1_u30_n3_s5,1.0,3,5,ep_flux_vertical,250.0,4631567.201923077,279.0,330.0,52
u30,BCwave_b1_u30_n3_s5,1.0,3,5,ep_flux_vertical,300.0,3570700.168269231,279.0,330.0,52
u30,BCwave_b1_u30_n3_s5,1.0,3,5,ep_flux_vertical,400.0,-5973.682241586538,279.0,330.0,52
u30,BCwave_b1_u30_n3_s5,1.0,3,5,ep_flux_vertical,500.0,-4534205.519230769,279.0,330.0,52
u30,BCwave_b1_u30_n3_s5,1.0,3,5,ep_flux_vertical,600.0,-10457831.903846154,279.0,330.0,52
u30,BCwave_b1_u30_n3_s5,1.0,3,5,ep_flux_vertical,700.0,-16139440.038461538,279.0,330.0,52
u30,BCwave_b1_u30_n3_s5,1.0,3,5,ep_flux_vertical,850.0,-18863803.692307692,279.0,330.0,52
u30,BCwave_b1_u30_n3_s5,1.0,3,5,ep_flux_vertical,925.0,-16451859.23076923,279.0,330.0,52
u30,BCwave_b1_u30_n3_s5,1.0,3,5,ep_flux_vertical,975.0,-15793261.673076924,279.0,330.0,52
u30,BCwave_b1_u30_n3_s5,1.0,3,5,ep_flux_vertical,1000.0,-25867082.269230768,279.0,330.0,52
u30,BCwave_b1_u30_n3_s10,1.0,3,10,eddy_heat_flux_vT,10.0,0.036877661043862725,257.0,300.0,44
u30,BCwave_b1_u30_n3_s10,1.0,3,10,eddy_heat_flux_vT,50.0,-0.05535021327258702,257.0,300.0,44
u30,BCwave_b1_u30_n3_s10,1.0,3,10,eddy_heat_flux_vT,100.0,-0.23121132745026526,257.0,300.0,44
u30,BCwave_b1_u30_n3_s10,1.0,3,10,eddy_heat_flux_vT,150.0,-3.5457081577994605,257.0,300.0,44
u30,BCwave_b1_u30_n3_s10,1.0,3,10,eddy_heat_flux_vT,200.0,-7.765486132014882,257.0,300.0,44
u30,BCwave_b1_u30_n3_s10,1.0,3,10,eddy_heat_flux_vT,250.0,-8.754370873624628,257.0,300.0,44
u30,BCwave_b1_u30_n3_s10,1.0,3,10,eddy_heat_flux_vT,300.0,-7.030936739661477,257.0,300.0,44
u30,BCwave_b1_u30_n3_s10,1.0,3,10,eddy_heat_flux_vT,400.0,3.286632125011899,257.0,300.0,44
u30,BCwave_b1_u30_n3_s10,1.0,3,10,eddy_heat_flux_vT,500.0,13.93573860688643,257.0,300.0,44
u30,BCwave_b1_u30_n3_s10,1.0,3,10,eddy_heat_flux_vT,600.0,22.962217005816374,257.0,300.0,44
u30,BCwave_b1_u30_n3_s10,1.0,3,10,eddy_heat_flux_vT,700.0,32.26356623389504,257.0,300.0,44
u30,BCwave_b1_u30_n3_s10,1.0,3,10,eddy_heat_flux_vT,850.0,48.73322322151878,257.0,300.0,44
u30,BCwave_b1_u30_n3_s10,1.0,3,10,eddy_heat_flux_vT,925.0,57.085649663751774,257.0,300.0,44
u30,BCwave_b1_u30_n3_s10,1.0,3,10,eddy_heat_flux_vT,975.0,58.03563057292592,257.0,300.0,44
u30,BCwave_b1_u30_n3_s10,1.0,3,10,eddy_heat_flux_vT,1000.0,50.799681663513184,257.0,300.0,44
u30,BCwave_b1_u30_n3_s10,1.0,3,10,baroclinic_conversion_proxy,10.0,-8.158761101219199e-10,257.0,300.0,44
u30,BCwave_b1_u30_n3_s10,1.0,3,10,baroclinic_conversion_proxy,50.0,1.0565943498918141e-07,257.0,300.0,44
u30,BCwave_b1_u30_n3_s10,1.0,3,10,baroclinic_conversion_proxy,100.0,7.229242905920136e-07,257.0,300.0,44
u30,BCwave_b1_u30_n3_s10,1.0,3,10,baroclinic_conversion_proxy,150.0,1.555871664426046e-05,257.0,300.0,44
u30,BCwave_b1_u30_n3_s10,1.0,3,10,baroclinic_conversion_proxy,200.0,5.7313825808788266e-05,257.0,300.0,44
u30,BCwave_b1_u30_n3_s10,1.0,3,10,baroclinic_conversion_proxy,250.0,8.205026452659777e-05,257.0,300.0,44
u30,BCwave_b1_u30_n3_s10,1.0,3,10,baroclinic_conversion_proxy,300.0,7.116022317694097e-05,257.0,300.0,44
u30,BCwave_b1_u30_n3_s10,1.0,3,10,baroclinic_conversion_proxy,400.0,-2.574811004762978e-05,257.0,300.0,44
u30,BCwave_b1_u30_n3_s10,1.0,3,10,baroclinic_conversion_proxy,500.0,-2.098051511852232e-05,257.0,300.0,44
u30,BCwave_b1_u30_n3_s10,1.0,3,10,baroclinic_conversion_proxy,600.0,0.00013645358111799314,257.0,300.0,44
u30,BCwave_b1_u30_n3_s10,1.0,3,10,baroclinic_conversion_proxy,700.0,0.0003881495897737543,257.0,300.0,44
u30,BCwave_b1_u30_n3_s10,1.0,3,10,baroclinic_conversion_proxy,850.0,0.0008588905753144486,257.0,300.0,44
u30,BCwave_b1_u30_n3_s10,1.0,3,10,baroclinic_conversion_proxy,925.0,0.0010826541282850403,257.0,300.0,44
u30,BCwave_b1_u30_n3_s10,1.0,3,10,baroclinic_conversion_proxy,975.0,0.001079269445406019,257.0,300.0,44
u30,BCwave_b1_u30_n3_s10,1.0,3,10,baroclinic_conversion_proxy,1000.0,0.0007939683101457459,257.0,300.0,44
u30,BCwave_b1_u30_n3_s10,1.0,3,10,ep_flux_vertical,10.0,-359.6756825880571,257.0,300.0,44
u30,BCwave_b1_u30_n3_s10,1.0,3,10,ep_flux_vertical,50.0,646.8141076348045,257.0,300.0,44
u30,BCwave_b1_u30_n3_s10,1.0,3,10,ep_flux_vertical,100.0,13280.275613958185,257.0,300.0,44
u30,BCwave_b1_u30_n3_s10,1.0,3,10,ep_flux_vertical,150.0,821876.3188920454,257.0,300.0,44
u30,BCwave_b1_u30_n3_s10,1.0,3,10,ep_flux_vertical,200.0,2688360.7556818184,257.0,300.0,44
u30,BCwave_b1_u30_n3_s10,1.0,3,10,ep_flux_vertical,250.0,2677815.1818181816,257.0,300.0,44
u30,BCwave_b1_u30_n3_s10,1.0,3,10,ep_flux_vertical,300.0,2056918.5681818181,257.0,300.0,44
u30,BCwave_b1_u30_n3_s10,1.0,3,10,ep_flux_vertical,400.0,-1190190.8544034092,257.0,300.0,44
u30,BCwave_b1_u30_n3_s10,1.0,3,10,ep_flux_vertical,500.0,-5975839.261363637,257.0,300.0,44
u30,BCwave_b1_u30_n3_s10,1.0,3,10,ep_flux_vertical,600.0,-11396875.125,257.0,300.0,44
u30,BCwave_b1_u30_n3_s10,1.0,3,10,ep_flux_vertical,700.0,-14357479.272727273,257.0,300.0,44
u30,BCwave_b1_u30_n3_s10,1.0,3,10,ep_flux_vertical,850.0,-14763617.886363637,257.0,300.0,44
u30,BCwave_b1_u30_n3_s10,1.0,3,10,ep_flux_vertical,925.0,-13068209.090909092,257.0,300.0,44
u30,BCwave_b1_u30_n3_s10,1.0,3,10,ep_flux_vertical,975.0,-13144445.136363637,257.0,300.0,44
u30,BCwave_b1_u30_n3_s10,1.0,3,10,ep_flux_vertical,1000.0,-21455186.954545453,257.0,300.0,44
u30,BCwave_b1_u30_n6_s-10,1.0,6,-10,eddy_heat_flux_vT,10.0,0.00021952168990537757,239.0,278.0,40
u30,BCwave_b1_u30_n6_s-10,1.0,6,-10,eddy_heat_flux_vT,50.0,0.0027693675365298986,239.0,278.0,40
u30,BCwave_b1_u30_n6_s-10,1.0,6,-10,eddy_heat_flux_vT,100.0,0.019698915490880608,239.0,278.0,40
u30,BCwave_b1_u30_n6_s-10,1.0,6,-10,eddy_heat_flux_vT,150.0,0.02426135237328708,239.0,278.0,40
u30,BCwave_b1_u30_n6_s-10,1.0,6,-10,eddy_heat_flux_vT,200.0,-0.04424684755504131,239.0,278.0,40
u30,BCwave_b1_u30_n6_s-10,1.0,6,-10,eddy_heat_flux_vT,250.0,-0.014171168964821845,239.0,278.0,40
u30,BCwave_b1_u30_n6_s-10,1.0,6,-10,eddy_heat_flux_vT,300.0,0.4109655864536762,239.0,278.0,40
u30,BCwave_b1_u30_n6_s-10,1.0,6,-10,eddy_heat_flux_vT,400.0,1.663709858059883,239.0,278.0,40
u30,BCwave_b1_u30_n6_s-10,1.0,6,-10,eddy_heat_flux_vT,500.0,2.371012109518051,239.0,278.0,40
u30,BCwave_b1_u30_n6_s-10,1.0,6,-10,eddy_heat_flux_vT,600.0,3.5642145395278932,239.0,278.0,40
u30,BCwave_b1_u30_n6_s-10,1.0,6,-10,eddy_heat_flux_vT,700.0,5.390698897838592,239.0,278.0,40
u30,BCwave_b1_u30_n6_s-10,1.0,6,-10,eddy_heat_flux_vT,850.0,8.64763514995575,239.0,278.0,40
u30,BCwave_b1_u30_n6_s-10,1.0,6,-10,eddy_heat_flux_vT,925.0,11.229454612731933,239.0,278.0,40
u30,BCwave_b1_u30_n6_s-10,1.0,6,-10,eddy_heat_flux_vT,975.0,14.115673732757568,239.0,278.0,40
u30,BCwave_b1_u30_n6_s-10,1.0,6,-10,eddy_heat_flux_vT,1000.0,10.344633448123933,239.0,278.0,40
u30,BCwave_b1_u30_n6_s-10,1.0,6,-10,baroclinic_conversion_proxy,10.0,4.234226347093941e-12,239.0,278.0,40
u30,BCwave_b1_u30_n6_s-10,1.0,6,-10,baroclinic_conversion_proxy,50.0,1.9825364891423724e-10,239.0,278.0,40
u30,BCwave_b1_u30_n6_s-10,1.0,6,-10,baroclinic_conversion_proxy,100.0,-1.2283366124243856e-08,239.0,278.0,40
u30,BCwave_b1_u30_n6_s-10,1.0,6,-10,baroclinic_conversion_proxy,150.0,-7.476784658067004e-08,239.0,278.0,40
u30,BCwave_b1_u30_n6_s-10,1.0,6,-10,baroclinic_conversion_proxy,200.0,2.3655864573868256e-07,239.0,278.0,40
u30,BCwave_b1_u30_n6_s-10,1.0,6,-10,baroclinic_conversion_proxy,250.0,3.251576006779722e-08,239.0,278.0,40
u30,BCwave_b1_u30_n6_s-10,1.0,6,-10,baroclinic_conversion_proxy,300.0,-3.5906522100503936e-06,239.0,278.0,40
u30,BCwave_b1_u30_n6_s-10,1.0,6,-10,baroclinic_conversion_proxy,400.0,-9.356554869555112e-06,239.0,278.0,40
u30,BCwave_b1_u30_n6_s-10,1.0,6,-10,baroclinic_conversion_proxy,500.0,-4.232597209830047e-07,239.0,278.0,40
u30,BCwave_b1_u30_n6_s-10,1.0,6,-10,baroclinic_conversion_proxy,600.0,1.971885126295092e-05,239.0,278.0,40
u30,BCwave_b1_u30_n6_s-10,1.0,6,-10,baroclinic_conversion_proxy,700.0,5.066948833700735e-05,239.0,278.0,40
u30,BCwave_b1_u30_n6_s-10,1.0,6,-10,baroclinic_conversion_proxy,850.0,0.00010949075604003156,239.0,278.0,40
u30,BCwave_b1_u30_n6_s-10,1.0,6,-10,baroclinic_conversion_proxy,925.0,0.0001414784786902601,239.0,278.0,40
u30,BCwave_b1_u30_n6_s-10,1.0,6,-10,baroclinic_conversion_proxy,975.0,0.00016459925427625421,239.0,278.0,40
u30,BCwave_b1_u30_n6_s-10,1.0,6,-10,baroclinic_conversion_proxy,1000.0,8.265032083727419e-05,239.0,278.0,40
u30,BCwave_b1_u30_n6_s-10,1.0,6,-10,ep_flux_vertical,10.0,-2.293935775756836,239.0,278.0,40
u30,BCwave_b1_u30_n6_s-10,1.0,6,-10,ep_flux_vertical,50.0,-39.00290613174438,239.0,278.0,40
u30,BCwave_b1_u30_n6_s-10,1.0,6,-10,ep_flux_vertical,100.0,-1152.694024658203,239.0,278.0,40
u30,BCwave_b1_u30_n6_s-10,1.0,6,-10,ep_flux_vertical,150.0,-3790.7621520996095,239.0,278.0,40
u30,BCwave_b1_u30_n6_s-10,1.0,6,-10,ep_flux_vertical,200.0,13332.400366210937,239.0,278.0,40
u30,BCwave_b1_u30_n6_s-10,1.0,6,-10,ep_flux_vertical,250.0,11430.848791503906,239.0,278.0,40
u30,BCwave_b1_u30_n6_s-10,1.0,6,-10,ep_flux_vertical,300.0,-150614.69296875,239.0,278.0,40
u30,BCwave_b1_u30_n6_s-10,1.0,6,-10,ep_flux_vertical,400.0,-683505.95,239.0,278.0,40
u30,BCwave_b1_u30_n6_s-10,1.0,6,-10,ep_flux_vertical,500.0,-1206823.2625,239.0,278.0,40
u30,BCwave_b1_u30_n6_s-10,1.0,6,-10,ep_flux_vertical,600.0,-2213303.99375,239.0,278.0,40
u30,BCwave_b1_u30_n6_s-10,1.0,6,-10,ep_flux_vertical,700.0,-3466570.33125,239.0,278.0,40
u30,BCwave_b1_u30_n6_s-10,1.0,6,-10,ep_flux_vertical,850.0,-4861166.8375,239.0,278.0,40
u30,BCwave_b1_u30_n6_s-10,1.0,6,-10,ep_flux_vertical,925.0,-5159471.6,239.0,278.0,40
u30,BCwave_b1_u30_n6_s-10,1.0,6,-10,ep_flux_vertical,975.0,-5702581.4125,239.0,278.0,40
u30,BCwave_b1_u30_n6_s-10,1.0,6,-10,ep_flux_vertical,1000.0,-5835174.425,239.0,278.0,40
u30,BCwave_b1_u30_n6_s-5,1.0,6,-5,eddy_heat_flux_vT,10.0,0.00124198615368506,246.0,282.0,37
u30,BCwave_b1_u30_n6_s-5,1.0,6,-5,eddy_heat_flux_vT,50.0,0.012037301058503421,246.0,282.0,37
u30,BCwave_b1_u30_n6_s-5,1.0,6,-5,eddy_heat_flux_vT,100.0,0.09473259726891646,246.0,282.0,37
u30,BCwave_b1_u30_n6_s-5,1.0,6,-5,eddy_heat_flux_vT,150.0,-0.038533043537943346,246.0,282.0,37
u30,BCwave_b1_u30_n6_s-5,1.0,6,-5,eddy_heat_flux_vT,200.0,-0.6502911343767837,246.0,282.0,37
u30,BCwave_b1_u30_n6_s-5,1.0,6,-5,eddy_heat_flux_vT,250.0,-0.9068257824794667,246.0,282.0,37
u30,BCwave_b1_u30_n6_s-5,1.0,6,-5,eddy_heat_flux_vT,300.0,-0.05227962181890836,246.0,282.0,37
u30,BCwave_b1_u30_n6_s-5,1.0,6,-5,eddy_heat_flux_vT,400.0,2.8070713313850195,246.0,282.0,37
u30,BCwave_b1_u30_n6_s-5,1.0,6,-5,eddy_heat_flux_vT,500.0,4.586579670777192,246.0,282.0,37
u30,BCwave_b1_u30_n6_s-5,1.0,6,-5,eddy_heat_flux_vT,600.0,7.449219291274612,246.0,282.0,37
u30,BCwave_b1_u30_n6_s-5,1.0,6,-5,eddy_heat_flux_vT,700.0,10.857227724951667,246.0,282.0,37
u30,BCwave_b1_u30_n6_s-5,1.0,6,-5,eddy_heat_flux_vT,850.0,16.40268730472874,246.0,282.0,37
u30,BCwave_b1_u30_n6_s-5,1.0,6,-5,eddy_heat_flux_vT,925.0,18.897948239300703,246.0,282.0,37
u30,BCwave_b1_u30_n6_s-5,1.0,6,-5,eddy_heat_flux_vT,975.0,19.808238931604333,246.0,282.0,37
u30,BCwave_b1_u30_n6_s-5,1.0,6,-5,eddy_heat_flux_vT,1000.0,15.913026526167586,246.0,282.0,37
u30,BCwave_b1_u30_n6_s-5,1.0,6,-5,baroclinic_conversion_proxy,10.0,4.114475389523049e-11,246.0,282.0,37
u30,BCwave_b1_u30_n6_s-5,1.0,6,-5,baroclinic_conversion_proxy,50.0,1.6033696952715642e-09,246.0,282.0,37
u30,BCwave_b1_u30_n6_s-5,1.0,6,-5,baroclinic_conversion_proxy,100.0,-7.009600462833372e-08,246.0,282.0,37
u30,BCwave_b1_u30_n6_s-5,1.0,6,-5,baroclinic_conversion_proxy,150.0,9.868704707481522e-08,246.0,282.0,37
u30,BCwave_b1_u30_n6_s-5,1.0,6,-5,baroclinic_conversion_proxy,200.0,3.880894367383105e-06,246.0,282.0,37
u30,BCwave_b1_u30_n6_s-5,1.0,6,-5,baroclinic_conversion_proxy,250.0,7.0201389450163774e-06,246.0,282.0,37
u30,BCwave_b1_u30_n6_s-5,1.0,6,-5,baroclinic_conversion_proxy,300.0,-1.0084569787046668e-07,246.0,282.0,37
u30,BCwave_b1_u30_n6_s-5,1.0,6,-5,baroclinic_conversion_proxy,400.0,-1.7791855154083914e-05,246.0,282.0,37
u30,BCwave_b1_u30_n6_s-5,1.0,6,-5,baroclinic_conversion_proxy,500.0,-3.872263164339529e-06,246.0,282.0,37
u30,BCwave_b1_u30_n6_s-5,1.0,6,-5,baroclinic_conversion_proxy,600.0,3.7257433743090245e-05,246.0,282.0,37
u30,BCwave_b1_u30_n6_s-5,1.0,6,-5,baroclinic_conversion_proxy,700.0,0.00010007779791202345,246.0,282.0,37
u30,BCwave_b1_u30_n6_s-5,1.0,6,-5,baroclinic_conversion_proxy,850.0,0.00021437970005806434,246.0,282.0,37
u30,BCwave_b1_u30_n6_s-5,1.0,6,-5,baroclinic_conversion_proxy,925.0,0.0002498126304016222,246.0,282.0,37
u30,BCwave_b1_u30_n6_s-5,1.0,6,-5,baroclinic_conversion_proxy,975.0,0.00024198523857882497,246.0,282.0,37
u30,BCwave_b1_u30_n6_s-5,1.0,6,-5,baroclinic_conversion_proxy,1000.0,0.0001653532837391705,246.0,282.0,37
u30,BCwave_b1_u30_n6_s-5,1.0,6,-5,ep_flux_vertical,10.0,-13.030217724877435,246.0,282.0,37
u30,BCwave_b1_u30_n6_s-5,1.0,6,-5,ep_flux_vertical,50.0,-168.1554682963603,246.0,282.0,37
u30,BCwave_b1_u30_n6_s-5,1.0,6,-5,ep_flux_vertical,100.0,-5734.273919182855,246.0,282.0,37
u30,BCwave_b1_u30_n6_s-5,1.0,6,-5,ep_flux_vertical,150.0,8579.423948442614,246.0,282.0,37
u30,BCwave_b1_u30_n6_s-5,1.0,6,-5,ep_flux_vertical,200.0,202489.5234375,246.0,282.0,37
u30,BCwave_b1_u30_n6_s-5,1.0,6,-5,ep_flux_vertical,250.0,315520.5097128378,246.0,282.0,37
u30,BCwave_b1_u30_n6_s-5,1.0,6,-5,ep_flux_vertical,300.0,16205.607144742398,246.0,282.0,37
u30,BCwave_b1_u30_n6_s-5,1.0,6,-5,ep_flux_vertical,400.0,-1046577.2601351351,246.0,282.0,37
u30,BCwave_b1_u30_n6_s-5,1.0,6,-5,ep_flux_vertical,500.0,-2152720.195945946,246.0,282.0,37
u30,BCwave_b1_u30_n6_s-5,1.0,6,-5,ep_flux_vertical,600.0,-4323446.716216216,246.0,282.0,37
u30,BCwave_b1_u30_n6_s-5,1.0,6,-5,ep_flux_vertical,700.0,-6443786.689189189,246.0,282.0,37
u30,BCwave_b1_u30_n6_s-5,1.0,6,-5,ep_flux_vertical,850.0,-8071054.918918919,246.0,282.0,37
u30,BCwave_b1_u30_n6_s-5,1.0,6,-5,ep_flux_vertical,925.0,-7701789.959459459,246.0,282.0,37
u30,BCwave_b1_u30_n6_s-5,1.0,6,-5,ep_flux_vertical,975.0,-8124436.6486486485,246.0,282.0,37
u30,BCwave_b1_u30_n6_s-5,1.0,6,-5,ep_flux_vertical,1000.0,-9966633.378378378,246.0,282.0,37
u30,BCwave_b1_u30_n6_s0,1.0,6,0,eddy_heat_flux_vT,10.0,0.004393138055828341,282.0,328.0,47
u30,BCwave_b1_u30_n6_s0,1.0,6,0,eddy_heat_flux_vT,50.0,0.09722880575251072,282.0,328.0,47
u30,BCwave_b1_u30_n6_s0,1.0,6,0,eddy_heat_flux_vT,100.0,0.6603207429672809,282.0,328.0,47
u30,BCwave_b1_u30_n6_s0,1.0,6,0,eddy_heat_flux_vT,150.0,-0.3690773546695709,282.0,328.0,47
u30,BCwave_b1_u30_n6_s0,1.0,6,0,eddy_heat_flux_vT,200.0,-2.3793676990143795,282.0,328.0,47
u30,BCwave_b1_u30_n6_s0,1.0,6,0,eddy_heat_flux_vT,250.0,-2.4100424000557434,282.0,328.0,47
u30,BCwave_b1_u30_n6_s0,1.0,6,0,eddy_heat_flux_vT,300.0,-0.5233498214783662,282.0,328.0,47
u30,BCwave_b1_u30_n6_s0,1.0,6,0,eddy_heat_flux_vT,400.0,4.730488269887072,282.0,328.0,47
u30,BCwave_b1_u30_n6_s0,1.0,6,0,eddy_heat_flux_vT,500.0,7.319068665200091,282.0,328.0,47
u30,BCwave_b1_u30_n6_s0,1.0,6,0,eddy_heat_flux_vT,600.0,11.530399829783338,282.0,328.0,47
u30,BCwave_b1_u30_n6_s0,1.0,6,0,eddy_heat_flux_vT,700.0,17.545534377402447,282.0,328.0,47
u30,BCwave_b1_u30_n6_s0,1.0,6,0,eddy_heat_flux_vT,850.0,30.994624158169362,282.0,328.0,47
u30,BCwave_b1_u30_n6_s0,1.0,6,0,eddy_heat_flux_vT,925.0,37.51515928227851,282.0,328.0,47
u30,BCwave_b1_u30_n6_s0,1.0,6,0,eddy_heat_flux_vT,975.0,38.07816951832873,282.0,328.0,47
u30,BCwave_b1_u30_n6_s0,1.0,6,0,eddy_heat_flux_vT,1000.0,32.804589778818986,282.0,328.0,47
u30,BCwave_b1_u30_n6_s0,1.0,6,0,baroclinic_conversion_proxy,10.0,1.9991251148577639e-10,282.0,328.0,47
u30,BCwave_b1_u30_n6_s0,1.0,6,0,baroclinic_conversion_proxy,50.0,1.6398891029981686e-08,282.0,328.0,47
u30,BCwave_b1_u30_n6_s0,1.0,6,0,baroclinic_conversion_proxy,100.0,-4.4421936192830274e-07,282.0,328.0,47
u30,BCwave_b1_u30_n6_s0,1.0,6,0,baroclinic_conversion_proxy,150.0,1.2665461582023551e-06,282.0,328.0,47
u30,BCwave_b1_u30_n6_s0,1.0,6,0,baroclinic_conversion_proxy,200.0,1.3140212820175331e-05,282.0,328.0,47
u30,BCwave_b1_u30_n6_s0,1.0,6,0,baroclinic_conversion_proxy,250.0,1.8244724626438643e-05,282.0,328.0,47
u30,BCwave_b1_u30_n6_s0,1.0,6,0,baroclinic_conversion_proxy,300.0,4.2906999987222816e-06,282.0,328.0,47
u30,BCwave_b1_u30_n6_s0,1.0,6,0,baroclinic_conversion_proxy,400.0,-2.9029596609031248e-05,282.0,328.0,47
u30,BCwave_b1_u30_n6_s0,1.0,6,0,baroclinic_conversion_proxy,500.0,-9.413516810572547e-06,282.0,328.0,47
u30,BCwave_b1_u30_n6_s0,1.0,6,0,baroclinic_conversion_proxy,600.0,4.3692722024292034e-05,282.0,328.0,47
u30,BCwave_b1_u30_n6_s0,1.0,6,0,baroclinic_conversion_proxy,700.0,0.0001369890078228522,282.0,328.0,47
u30,BCwave_b1_u30_n6_s0,1.0,6,0,baroclinic_conversion_proxy,850.0,0.0003711061646289965,282.0,328.0,47
u30,BCwave_b1_u30_n6_s0,1.0,6,0,baroclinic_conversion_proxy,925.0,0.0004882369106239144,282.0,328.0,47
u30,BCwave_b1_u30_n6_s0,1.0,6,0,baroclinic_conversion_proxy,975.0,0.0004652916116917387,282.0,328.0,47
u30,BCwave_b1_u30_n6_s0,1.0,6,0,baroclinic_conversion_proxy,1000.0,0.0003176060157823079,282.0,328.0,47
u30,BCwave_b1_u30_n6_s0,1.0,6,0,ep_flux_vertical,10.0,-45.838084890487345,282.0,328.0,47
u30,BCwave_b1_u30_n6_s0,1.0,6,0,ep_flux_vertical,50.0,-1346.9536678233046,282.0,328.0,47
u30,BCwave_b1_u30_n6_s0,1.0,6,0,ep_flux_vertical,100.0,-39654.31416223404,282.0,328.0,47
u30,BCwave_b1_u30_n6_s0,1.0,6,0,ep_flux_vertical,150.0,75743.09190076463,282.0,328.0,47
u30,BCwave_b1_u30_n6_s0,1.0,6,0,ep_flux_vertical,200.0,767148.1429521276,282.0,328.0,47
u30,BCwave_b1_u30_n6_s0,1.0,6,0,ep_flux_vertical,250.0,834236.6050531915,282.0,328.0,47
u30,BCwave_b1_u30_n6_s0,1.0,6,0,ep_flux_vertical,300.0,147875.80221362825,282.0,328.0,47
u30,BCwave_b1_u30_n6_s0,1.0,6,0,ep_flux_vertical,400.0,-1954876.3670212766,282.0,328.0,47
u30,BCwave_b1_u30_n6_s0,1.0,6,0,ep_flux_vertical,500.0,-3915768.670212766,282.0,328.0,47
u30,BCwave_b1_u30_n6_s0,1.0,6,0,ep_flux_vertical,600.0,-7237677.755319149,282.0,328.0,47
u30,BCwave_b1_u30_n6_s0,1.0,6,0,ep_flux_vertical,700.0,-10139882.191489361,282.0,328.0,47
u30,BCwave_b1_u30_n6_s0,1.0,6,0,ep_flux_vertical,850.0,-12330449.446808511,282.0,328.0,47
u30,BCwave_b1_u30_n6_s0,1.0,6,0,ep_flux_vertical,925.0,-11208608.957446808,282.0,328.0,47
u30,BCwave_b1_u30_n6_s0,1.0,6,0,ep_flux_vertical,975.0,-11408703.808510639,282.0,328.0,47
u30,BCwave_b1_u30_n6_s0,1.0,6,0,ep_flux_vertical,1000.0,-16543246.425531914,282.0,328.0,47
u30,BCwave_b1_u30_n6_s5,1.0,6,5,eddy_heat_flux_vT,10.0,0.04426851686504152,284.0,328.0,45
u30,BCwave_b1_u30_n6_s5,1.0,6,5,eddy_heat_flux_vT,50.0,0.31237933933734896,284.0,328.0,45
u30,BCwave_b1_u30_n6_s5,1.0,6,5,eddy_heat_flux_vT,100.0,1.2056669314702353,284.0,328.0,45
u30,BCwave_b1_u30_n6_s5,1.0,6,5,eddy_heat_flux_vT,150.0,-2.68461496035258,284.0,328.0,45
u30,BCwave_b1_u30_n6_s5,1.0,6,5,eddy_heat_flux_vT,200.0,-7.702400673760308,284.0,328.0,45
u30,BCwave_b1_u30_n6_s5,1.0,6,5,eddy_heat_flux_vT,250.0,-9.060916476779514,284.0,328.0,45
u30,BCwave_b1_u30_n6_s5,1.0,6,5,eddy_heat_flux_vT,300.0,-7.644299846225315,284.0,328.0,45
u30,BCwave_b1_u30_n6_s5,1.0,6,5,eddy_heat_flux_vT,400.0,-0.10149459398041169,284.0,328.0,45
u30,BCwave_b1_u30_n6_s5,1.0,6,5,eddy_heat_flux_vT,500.0,8.243228265974256,284.0,328.0,45
u30,BCwave_b1_u30_n6_s5,1.0,6,5,eddy_heat_flux_vT,600.0,16.073502201504176,284.0,328.0,45
u30,BCwave_b1_u30_n6_s5,1.0,6,5,eddy_heat_flux_vT,700.0,25.528124321831598,284.0,328.0,45
u30,BCwave_b1_u30_n6_s5,1.0,6,5,eddy_heat_flux_vT,850.0,39.74007975260417,284.0,328.0,45
u30,BCwave_b1_u30_n6_s5,1.0,6,5,eddy_heat_flux_vT,925.0,44.55546705457899,284.0,328.0,45
u30,BCwave_b1_u30_n6_s5,1.0,6,5,eddy_heat_flux_vT,975.0,38.93458285861545,284.0,328.0,45
u30,BCwave_b1_u30_n6_s5,1.0,6,5,eddy_heat_flux_vT,1000.0,31.197893820868597,284.0,328.0,45
u30,BCwave_b1_u30_n6_s5,1.0,6,5,baroclinic_conversion_proxy,10.0,2.1975177720722093e-09,284.0,328.0,45
u30,BCwave_b1_u30_n6_s5,1.0,6,5,baroclinic_conversion_proxy,50.0,4.279142910876585e-08,284.0,328.0,45
u30,BCwave_b1_u30_n6_s5,1.0,6,5,baroclinic_conversion_proxy,100.0,-1.178781387049336e-06,284.0,328.0,45
u30,BCwave_b1_u30_n6_s5,1.0,6,5,baroclinic_conversion_proxy,150.0,8.37796896020235e-06,284.0,328.0,45
u30,BCwave_b1_u30_n6_s5,1.0,6,5,baroclinic_conversion_proxy,200.0,4.037499044594976e-05,284.0,328.0,45
u30,BCwave_b1_u30_n6_s5,1.0,6,5,baroclinic_conversion_proxy,250.0,6.283923147647228e-05,284.0,328.0,45
u30,BCwave_b1_u30_n6_s5,1.0,6,5,baroclinic_conversion_proxy,300.0,5.5999966813639425e-05,284.0,328.0,45
u30,BCwave_b1_u30_n6_s5,1.0,6,5,baroclinic_conversion_proxy,400.0,-2.1460455508955554e-06,284.0,328.0,45
u30,BCwave_b1_u30_n6_s5,1.0,6,5,baroclinic_conversion_proxy,500.0,-9.410648403394993e-06,284.0,328.0,45
u30,BCwave_b1_u30_n6_s5,1.0,6,5,baroclinic_conversion_proxy,600.0,6.497817254664066e-05,284.0,328.0,45
u30,BCwave_b1_u30_n6_s5,1.0,6,5,baroclinic_conversion_proxy,700.0,0.0002055615202860079,284.0,328.0,45
u30,BCwave_b1_u30_n6_s5,1.0,6,5,baroclinic_conversion_proxy,850.0,0.0004884731173256619,284.0,328.0,45
u30,BCwave_b1_u30_n6_s5,1.0,6,5,baroclinic_conversion_proxy,925.0,0.0006269612970451514,284.0,328.0,45
u30,BCwave_b1_u30_n6_s5,1.0,6,5,baroclinic_conversion_proxy,975.0,0.0005432128789834678,284.0,328.0,45
u30,BCwave_b1_u30_n6_s5,1.0,6,5,baroclinic_conversion_proxy,1000.0,0.00036616506080867515,284.0,328.0,45
u30,BCwave_b1_u30_n6_s5,1.0,6,5,ep_flux_vertical,10.0,-450.0217851426866,284.0,328.0,45
u30,BCwave_b1_u30_n6_s5,1.0,6,5,ep_flux_vertical,50.0,-4018.654806857639,284.0,328.0,45
u30,BCwave_b1_u30_n6_s5,1.0,6,5,ep_flux_vertical,100.0,-71308.79756944445,284.0,328.0,45
u30,BCwave_b1_u30_n6_s5,1.0,6,5,ep_flux_vertical,150.0,539445.1194444444,284.0,328.0,45
u30,BCwave_b1_u30_n6_s5,1.0,6,5,ep_flux_vertical,200.0,2532468.061111111,284.0,328.0,45
u30,BCwave_b1_u30_n6_s5,1.0,6,5,ep_flux_vertical,250.0,2919683.9111111113,284.0,328.0,45
u30,BCwave_b1_u30_n6_s5,1.0,6,5,ep_flux_vertical,300.0,2407767.316666667,284.0,328.0,45
u30,BCwave_b1_u30_n6_s5,1.0,6,5,ep_flux_vertical,400.0,-90813.4620388455,284.0,328.0,45
u30,BCwave_b1_u30_n6_s5,1.0,6,5,ep_flux_vertical,500.0,-3725433.9166666665,284.0,328.0,45
u30,BCwave_b1_u30_n6_s5,1.0,6,5,ep_flux_vertical,600.0,-7931311.344444444,284.0,328.0,45
u30,BCwave_b1_u30_n6_s5,1.0,6,5,ep_flux_vertical,700.0,-11727405.111111112,284.0,328.0,45
u30,BCwave_b1_u30_n6_s5,1.0,6,5,ep_flux_vertical,850.0,-13837333.266666668,284.0,328.0,45
u30,BCwave_b1_u30_n6_s5,1.0,6,5,ep_flux_vertical,925.0,-12473982.6,284.0,328.0,45
u30,BCwave_b1_u30_n6_s5,1.0,6,5,ep_flux_vertical,975.0,-12133779.333333334,284.0,328.0,45
u30,BCwave_b1_u30_n6_s5,1.0,6,5,ep_flux_vertical,1000.0,-25095591.577777777,284.0,328.0,45
u30,BCwave_b1_u30_n6_s10,1.0,6,10,eddy_heat_flux_vT,10.0,0.014008131002056156,279.0,325.0,47
u30,BCwave_b1_u30_n6_s10,1.0,6,10,eddy_heat_flux_vT,50.0,0.25611667937420785,279.0,325.0,47
u30,BCwave_b1_u30_n6_s10,1.0,6,10,eddy_heat_flux_vT,100.0,0.3451554244186016,279.0,325.0,47
u30,BCwave_b1_u30_n6_s10,1.0,6,10,eddy_heat_flux_vT,150.0,-3.027995266812913,279.0,325.0,47
u30,BCwave_b1_u30_n6_s10,1.0,6,10,eddy_heat_flux_vT,200.0,-9.13538925698463,279.0,325.0,47
u30,BCwave_b1_u30_n6_s10,1.0,6,10,eddy_heat_flux_vT,250.0,-11.527149403348883,279.0,325.0,47
u30,BCwave_b1_u30_n6_s10,1.0,6,10,eddy_heat_flux_vT,300.0,-9.093599583240266,279.0,325.0,47
u30,BCwave_b1_u30_n6_s10,1.0,6,10,eddy_heat_flux_vT,400.0,2.468391838265543,279.0,325.0,47
u30,BCwave_b1_u30_n6_s10,1.0,6,10,eddy_heat_flux_vT,500.0,13.407475299023567,279.0,325.0,47
u30,BCwave_b1_u30_n6_s10,1.0,6,10,eddy_heat_flux_vT,600.0,20.75612275143887,279.0,325.0,47
u30,BCwave_b1_u30_n6_s10,1.0,6,10,eddy_heat_flux_vT,700.0,31.710092990956408,279.0,325.0,47
u30,BCwave_b1_u30_n6_s10,1.0,6,10,eddy_heat_flux_vT,850.0,59.64866337877639,279.0,325.0,47
u30,BCwave_b1_u30_n6_s10,1.0,6,10,eddy_heat_flux_vT,925.0,66.22370358730885,279.0,325.0,47
u30,BCwave_b1_u30_n6_s10,1.0,6,10,eddy_heat_flux_vT,975.0,58.193073029213764,279.0,325.0,47
u30,BCwave_b1_u30_n6_s10,1.0,6,10,eddy_heat_flux_vT,1000.0,49.79713261381109,279.0,325.0,47
u30,BCwave_b1_u30_n6_s10,1.0,6,10,baroclinic_conversion_proxy,10.0,2.3354418295834395e-10,279.0,325.0,47
u30,BCwave_b1_u30_n6_s10,1.0,6,10,baroclinic_conversion_proxy,50.0,-6.921287509078169e-08,279.0,325.0,47
u30,BCwave_b1_u30_n6_s10,1.0,6,10,baroclinic_conversion_proxy,100.0,-1.928025570591484e-07,279.0,325.0,47
u30,BCwave_b1_u30_n6_s10,1.0,6,10,baroclinic_conversion_proxy,150.0,1.0465825246857538e-05,279.0,325.0,47
u30,BCwave_b1_u30_n6_s10,1.0,6,10,baroclinic_conversion_proxy,200.0,5.314788931889083e-05,279.0,325.0,47
u30,BCwave_b1_u30_n6_s10,1.0,6,10,baroclinic_conversion_proxy,250.0,8.56598143148771e-05,279.0,325.0,47
u30,BCwave_b1_u30_n6_s10,1.0,6,10,baroclinic_conversion_proxy,300.0,7.118366193026304e-05,279.0,325.0,47
u30,BCwave_b1_u30_n6_s10,1.0,6,10,baroclinic_conversion_proxy,400.0,-1.8780172444834572e-05,279.0,325.0,47
u30,BCwave_b1_u30_n6_s10,1.0,6,10,baroclinic_conversion_proxy,500.0,-1.784921296541839e-05,279.0,325.0,47
u30,BCwave_b1_u30_n6_s10,1.0,6,10,baroclinic_conversion_proxy,600.0,8.919184155603672e-05,279.0,325.0,47
u30,BCwave_b1_u30_n6_s10,1.0,6,10,baroclinic_conversion_proxy,700.0,0.00028007992783541535,279.0,325.0,47
u30,BCwave_b1_u30_n6_s10,1.0,6,10,baroclinic_conversion_proxy,850.0,0.0008035244103124801,279.0,325.0,47
u30,BCwave_b1_u30_n6_s10,1.0,6,10,baroclinic_conversion_proxy,925.0,0.0009635014724521402,279.0,325.0,47
u30,BCwave_b1_u30_n6_s10,1.0,6,10,baroclinic_conversion_proxy,975.0,0.0008550518677827526,279.0,325.0,47
u30,BCwave_b1_u30_n6_s10,1.0,6,10,baroclinic_conversion_proxy,1000.0,0.0006687099143783462,279.0,325.0,47
u30,BCwave_b1_u30_n6_s10,1.0,6,10,ep_flux_vertical,10.0,-135.77105339537275,279.0,325.0,47
u30,BCwave_b1_u30_n6_s10,1.0,6,10,ep_flux_vertical,50.0,-2927.723840591755,279.0,325.0,47
u30,BCwave_b1_u30_n6_s10,1.0,6,10,ep_flux_vertical,100.0,-17830.326410821144,279.0,325.0,47
u30,BCwave_b1_u30_n6_s10,1.0,6,10,ep_flux_vertical,150.0,632573.3710106383,279.0,325.0,47
u30,BCwave_b1_u30_n6_s10,1.0,6,10,ep_flux_vertical,200.0,3052360.1223404254,279.0,325.0,47
u30,BCwave_b1_u30_n6_s10,1.0,6,10,ep_flux_vertical,250.0,3527460.159574468,279.0,325.0,47
u30,BCwave_b1_u30_n6_s10,1.0,6,10,ep_flux_vertical,300.0,2605221.654255319,279.0,325.0,47
u30,BCwave_b1_u30_n6_s10,1.0,6,10,ep_flux_vertical,400.0,-952198.6527593085,279.0,325.0,47
u30,BCwave_b1_u30_n6_s10,1.0,6,10,ep_flux_vertical,500.0,-5245648.835106383,279.0,325.0,47
u30,BCwave_b1_u30_n6_s10,1.0,6,10,ep_flux_vertical,600.0,-9403489.138297873,279.0,325.0,47
u30,BCwave_b1_u30_n6_s10,1.0,6,10,ep_flux_vertical,700.0,-13548960.212765958,279.0,325.0,47
u30,BCwave_b1_u30_n6_s10,1.0,6,10,ep_flux_vertical,850.0,-18733026.55319149,279.0,325.0,47
u30,BCwave_b1_u30_n6_s10,1.0,6,10,ep_flux_vertical,925.0,-17069965.297872342,279.0,325.0,47
u30,BCwave_b1_u30_n6_s10,1.0,6,10,ep_flux_vertical,975.0,-14711182.212765958,279.0,325.0,47
u30,BCwave_b1_u30_n6_s10,1.0,6,10,ep_flux_vertical,1000.0,-18521707.425531916,279.0,325.0,47
u30,BCwave_b15_u30_n1_s-10,1.5,1,-10,eddy_heat_flux_vT,10.0,0.0009705143306884124,304.0,336.0,33
u30,BCwave_b15_u30_n1_s-10,1.5,1,-10,eddy_heat_flux_vT,50.0,0.12901065611478055,304.0,336.0,33
u30,BCwave_b15_u30_n1_s-10,1.5,1,-10,eddy_heat_flux_vT,100.0,-0.022251598967352147,304.0,336.0,33
u30,BCwave_b15_u30_n1_s-10,1.5,1,-10,eddy_heat_flux_vT,150.0,-1.3453907352505308,304.0,336.0,33
u30,BCwave_b15_u30_n1_s-10,1.5,1,-10,eddy_heat_flux_vT,200.0,0.3639748877648151,304.0,336.0,33
u30,BCwave_b15_u30_n1_s-10,1.5,1,-10,eddy_heat_flux_vT,250.0,2.7152390407793447,304.0,336.0,33
u30,BCwave_b15_u30_n1_s-10,1.5,1,-10,eddy_heat_flux_vT,300.0,4.980453809102376,304.0,336.0,33
u30,BCwave_b15_u30_n1_s-10,1.5,1,-10,eddy_heat_flux_vT,400.0,9.14073605970903,304.0,336.0,33
u30,BCwave_b15_u30_n1_s-10,1.5,1,-10,eddy_heat_flux_vT,500.0,12.704293308836041,304.0,336.0,33
u30,BCwave_b15_u30_n1_s-10,1.5,1,-10,eddy_heat_flux_vT,600.0,14.840959520050973,304.0,336.0,33
u30,BCwave_b15_u30_n1_s-10,1.5,1,-10,eddy_heat_flux_vT,700.0,18.57088109218713,304.0,336.0,33
u30,BCwave_b15_u30_n1_s-10,1.5,1,-10,eddy_heat_flux_vT,850.0,30.6319992759011,304.0,336.0,33
u30,BCwave_b15_u30_n1_s-10,1.5,1,-10,eddy_heat_flux_vT,925.0,38.76366990985292,304.0,336.0,33
u30,BCwave_b15_u30_n1_s-10,1.5,1,-10,eddy_heat_flux_vT,975.0,40.56969625299627,304.0,336.0,33
u30,BCwave_b15_u30_n1_s-10,1.5,1,-10,eddy_heat_flux_vT,1000.0,36.56057103474935,304.0,336.0,33
u30,BCwave_b15_u30_n1_s-10,1.5,1,-10,baroclinic_conversion_proxy,10.0,1.424118144341507e-12,304.0,336.0,33
u30,BCwave_b15_u30_n1_s-10,1.5,1,-10,baroclinic_conversion_proxy,50.0,-2.3203061258217614e-07,304.0,336.0,33
u30,BCwave_b15_u30_n1_s-10,1.5,1,-10,baroclinic_conversion_proxy,100.0,3.401636395322481e-07,304.0,336.0,33
u30,BCwave_b15_u30_n1_s-10,1.5,1,-10,baroclinic_conversion_proxy,150.0,8.686203590045668e-06,304.0,336.0,33
u30,BCwave_b15_u30_n1_s-10,1.5,1,-10,baroclinic_conversion_proxy,200.0,-2.4228026845638384e-06,304.0,336.0,33
u30,BCwave_b15_u30_n1_s-10,1.5,1,-10,baroclinic_conversion_proxy,250.0,-1.3298060311530152e-05,304.0,336.0,33
u30,BCwave_b15_u30_n1_s-10,1.5,1,-10,baroclinic_conversion_proxy,300.0,-1.4534304103687067e-05,304.0,336.0,33
u30,BCwave_b15_u30_n1_s-10,1.5,1,-10,baroclinic_conversion_proxy,400.0,1.3118246015713368e-05,304.0,336.0,33
u30,BCwave_b15_u30_n1_s-10,1.5,1,-10,baroclinic_conversion_proxy,500.0,6.368331620857741e-05,304.0,336.0,33
u30,BCwave_b15_u30_n1_s-10,1.5,1,-10,baroclinic_conversion_proxy,600.0,0.00010909257715948942,304.0,336.0,33
u30,BCwave_b15_u30_n1_s-10,1.5,1,-10,baroclinic_conversion_proxy,700.0,0.0001601830828638578,304.0,336.0,33
u30,BCwave_b15_u30_n1_s-10,1.5,1,-10,baroclinic_conversion_proxy,850.0,0.0002981135780415074,304.0,336.0,33
u30,BCwave_b15_u30_n1_s-10,1.5,1,-10,baroclinic_conversion_proxy,925.0,0.0003774927516298538,304.0,336.0,33
u30,BCwave_b15_u30_n1_s-10,1.5,1,-10,baroclinic_conversion_proxy,975.0,0.00035892650096987683,304.0,336.0,33
u30,BCwave_b15_u30_n1_s-10,1.5,1,-10,baroclinic_conversion_proxy,1000.0,0.000267912371782586,304.0,336.0,33
u30,BCwave_b15_u30_n1_s-10,1.5,1,-10,ep_flux_vertical,10.0,-10.006554574677438,304.0,336.0,33
u30,BCwave_b15_u30_n1_s-10,1.5,1,-10,ep_flux_vertical,50.0,-1782.6776640920928,304.0,336.0,33
u30,BCwave_b15_u30_n1_s-10,1.5,1,-10,ep_flux_vertical,100.0,3844.2047974557586,304.0,336.0,33
u30,BCwave_b15_u30_n1_s-10,1.5,1,-10,ep_flux_vertical,150.0,228781.22206439395,304.0,336.0,33
u30,BCwave_b15_u30_n1_s-10,1.5,1,-10,ep_flux_vertical,200.0,-90356.03858901515,304.0,336.0,33
u30,BCwave_b15_u30_n1_s-10,1.5,1,-10,ep_flux_vertical,250.0,-758415.2679924242,304.0,336.0,33
u30,BCwave_b15_u30_n1_s-10,1.5,1,-10,ep_flux_vertical,300.0,-1578434.7234848484,304.0,336.0,33
u30,BCwave_b15_u30_n1_s-10,1.5,1,-10,ep_flux_vertical,400.0,-3759235.196969697,304.0,336.0,33
u30,BCwave_b15_u30_n1_s-10,1.5,1,-10,ep_flux_vertical,500.0,-6550615.7727272725,304.0,336.0,33
u30,BCwave_b15_u30_n1_s-10,1.5,1,-10,ep_flux_vertical,600.0,-8998892.015151516,304.0,336.0,33
u30,BCwave_b15_u30_n1_s-10,1.5,1,-10,ep_flux_vertical,700.0,-11796091.424242424,304.0,336.0,33
u30,BCwave_b15_u30_n1_s-10,1.5,1,-10,ep_flux_vertical,850.0,-15840095.424242424,304.0,336.0,33
u30,BCwave_b15_u30_n1_s-10,1.5,1,-10,ep_flux_vertical,925.0,-16790445.939393938,304.0,336.0,33
u30,BCwave_b15_u30_n1_s-10,1.5,1,-10,ep_flux_vertical,975.0,-18449659.21212121,304.0,336.0,33
u30,BCwave_b15_u30_n1_s-10,1.5,1,-10,ep_flux_vertical,1000.0,-22242681.636363637,304.0,336.0,33
u30,BCwave_b15_u30_n1_s-5,1.5,1,-5,eddy_heat_flux_vT,10.0,0.007630091059995307,287.0,330.0,44
u30,BCwave_b15_u30_n1_s-5,1.5,1,-5,eddy_heat_flux_vT,50.0,0.2284864734180949,287.0,330.0,44
u30,BCwave_b15_u30_n1_s-5,1.5,1,-5,eddy_heat_flux_vT,100.0,-0.6957360072569414,287.0,330.0,44
u30,BCwave_b15_u30_n1_s-5,1.5,1,-5,eddy_heat_flux_vT,150.0,-2.6330889463424683,287.0,330.0,44
u30,BCwave_b15_u30_n1_s-5,1.5,1,-5,eddy_heat_flux_vT,200.0,-0.17203044849024576,287.0,330.0,44
u30,BCwave_b15_u30_n1_s-5,1.5,1,-5,eddy_heat_flux_vT,250.0,3.792976986278187,287.0,330.0,44
u30,BCwave_b15_u30_n1_s-5,1.5,1,-5,eddy_heat_flux_vT,300.0,7.720758232203397,287.0,330.0,44
u30,BCwave_b15_u30_n1_s-5,1.5,1,-5,eddy_heat_flux_vT,400.0,14.939357367428867,287.0,330.0,44
u30,BCwave_b15_u30_n1_s-5,1.5,1,-5,eddy_heat_flux_vT,500.0,19.927219325845893,287.0,330.0,44
u30,BCwave_b15_u30_n1_s-5,1.5,1,-5,eddy_heat_flux_vT,600.0,21.821524533358488,287.0,330.0,44
u30,BCwave_b15_u30_n1_s-5,1.5,1,-5,eddy_heat_flux_vT,700.0,25.437314293601297,287.0,330.0,44
u30,BCwave_b15_u30_n1_s-5,1.5,1,-5,eddy_heat_flux_vT,850.0,37.15364460511641,287.0,330.0,44
u30,BCwave_b15_u30_n1_s-5,1.5,1,-5,eddy_heat_flux_vT,925.0,46.92028643868186,287.0,330.0,44
u30,BCwave_b15_u30_n1_s-5,1.5,1,-5,eddy_heat_flux_vT,975.0,48.60880687020042,287.0,330.0,44
u30,BCwave_b15_u30_n1_s-5,1.5,1,-5,eddy_heat_flux_vT,1000.0,44.363796667619184,287.0,330.0,44
u30,BCwave_b15_u30_n1_s-5,1.5,1,-5,baroclinic_conversion_proxy,10.0,5.7965930114579524e-11,287.0,330.0,44
u30,BCwave_b15_u30_n1_s-5,1.5,1,-5,baroclinic_conversion_proxy,50.0,-4.6069311016532827e-07,287.0,330.0,44
u30,BCwave_b15_u30_n1_s-5,1.5,1,-5,baroclinic_conversion_proxy,100.0,4.029969886687468e-06,287.0,330.0,44
u30,BCwave_b15_u30_n1_s-5,1.5,1,-5,baroclinic_conversion_proxy,150.0,1.8000695821352895e-05,287.0,330.0,44
u30,BCwave_b15_u30_n1_s-5,1.5,1,-5,baroclinic_conversion_proxy,200.0,4.7656789234099245e-07,287.0,330.0,44
u30,BCwave_b15_u30_n1_s-5,1.5,1,-5,baroclinic_conversion_proxy,250.0,-2.000292490513609e-05,287.0,330.0,44
u30,BCwave_b15_u30_n1_s-5,1.5,1,-5,baroclinic_conversion_proxy,300.0,-2.2652258229010673e-05,287.0,330.0,44
u30,BCwave_b15_u30_n1_s-5,1.5,1,-5,baroclinic_conversion_proxy,400.0,2.7930585805403428e-05,287.0,330.0,44
u30,BCwave_b15_u30_n1_s-5,1.5,1,-5,baroclinic_conversion_proxy,500.0,0.00011078293242793403,287.0,330.0,44
u30,BCwave_b15_u30_n1_s-5,1.5,1,-5,baroclinic_conversion_proxy,600.0,0.0001739016092456454,287.0,330.0,44
u30,BCwave_b15_u30_n1_s-5,1.5,1,-5,baroclinic_conversion_proxy,700.0,0.00024019307238631882,287.0,330.0,44
u30,BCwave_b15_u30_n1_s-5,1.5,1,-5,baroclinic_conversion_proxy,850.0,0.00040952882475473666,287.0,330.0,44
u30,BCwave_b15_u30_n1_s-5,1.5,1,-5,baroclinic_conversion_proxy,925.0,0.000521328464938878,287.0,330.0,44
u30,BCwave_b15_u30_n1_s-5,1.5,1,-5,baroclinic_conversion_proxy,975.0,0.00048117321024289015,287.0,330.0,44
u30,BCwave_b15_u30_n1_s-5,1.5,1,-5,baroclinic_conversion_proxy,1000.0,0.00037001121514053506,287.0,330.0,44
u30,BCwave_b15_u30_n1_s-5,1.5,1,-5,ep_flux_vertical,10.0,-80.09536864540793,287.0,330.0,44
u30,BCwave_b15_u30_n1_s-5,1.5,1,-5,ep_flux_vertical,50.0,-3236.813418301669,287.0,330.0,44
u30,BCwave_b15_u30_n1_s-5,1.5,1,-5,ep_flux_vertical,100.0,43981.990900213066,287.0,330.0,44
u30,BCwave_b15_u30_n1_s-5,1.5,1,-5,ep_flux_vertical,150.0,437204.55042613635,287.0,330.0,44
u30,BCwave_b15_u30_n1_s-5,1.5,1,-5,ep_flux_vertical,200.0,41890.347445401276,287.0,330.0,44
u30,BCwave_b15_u30_n1_s-5,1.5,1,-5,ep_flux_vertical,250.0,-1021217.2997159091,287.0,330.0,44
u30,BCwave_b15_u30_n1_s-5,1.5,1,-5,ep_flux_vertical,300.0,-2420690.7073863638,287.0,330.0,44
u30,BCwave_b15_u30_n1_s-5,1.5,1,-5,ep_flux_vertical,400.0,-6340500.784090909,287.0,330.0,44
u30,BCwave_b15_u30_n1_s-5,1.5,1,-5,ep_flux_vertical,500.0,-10712535.931818182,287.0,330.0,44
u30,BCwave_b15_u30_n1_s-5,1.5,1,-5,ep_flux_vertical,600.0,-13530130.75,287.0,330.0,44
u30,BCwave_b15_u30_n1_s-5,1.5,1,-5,ep_flux_vertical,700.0,-15872151.022727273,287.0,330.0,44
u30,BCwave_b15_u30_n1_s-5,1.5,1,-5,ep_flux_vertical,850.0,-17948878.181818184,287.0,330.0,44
u30,BCwave_b15_u30_n1_s-5,1.5,1,-5,ep_flux_vertical,925.0,-18441716.272727273,287.0,330.0,44
u30,BCwave_b15_u30_n1_s-5,1.5,1,-5,ep_flux_vertical,975.0,-18655834.931818184,287.0,330.0,44
u30,BCwave_b15_u30_n1_s-5,1.5,1,-5,ep_flux_vertical,1000.0,-19834252.295454547,287.0,330.0,44
u30,BCwave_b15_u30_n1_s0,1.5,1,0,eddy_heat_flux_vT,10.0,0.00959602151209872,265.0,332.0,68
u30,BCwave_b15_u30_n1_s0,1.5,1,0,eddy_heat_flux_vT,50.0,0.1681963498430217,265.0,332.0,68
u30,BCwave_b15_u30_n1_s0,1.5,1,0,eddy_heat_flux_vT,100.0,-0.995010386714164,265.0,332.0,68
u30,BCwave_b15_u30_n1_s0,1.5,1,0,eddy_heat_flux_vT,150.0,-2.632263281766106,265.0,332.0,68
u30,BCwave_b15_u30_n1_s0,1.5,1,0,eddy_heat_flux_vT,200.0,0.03969106604071224,265.0,332.0,68
u30,BCwave_b15_u30_n1_s0,1.5,1,0,eddy_heat_flux_vT,250.0,3.5559245102545796,265.0,332.0,68
u30,BCwave_b15_u30_n1_s0,1.5,1,0,eddy_heat_flux_vT,300.0,7.175075404784259,265.0,332.0,68
u30,BCwave_b15_u30_n1_s0,1.5,1,0,eddy_heat_flux_vT,400.0,13.096469191943898,265.0,332.0,68
u30,BCwave_b15_u30_n1_s0,1.5,1,0,eddy_heat_flux_vT,500.0,16.074593039119947,265.0,332.0,68
u30,BCwave_b15_u30_n1_s0,1.5,1,0,eddy_heat_flux_vT,600.0,18.224829842062558,265.0,332.0,68
u30,BCwave_b15_u30_n1_s0,1.5,1,0,eddy_heat_flux_vT,700.0,22.487162674174588,265.0,332.0,68
u30,BCwave_b15_u30_n1_s0,1.5,1,0,eddy_heat_flux_vT,850.0,32.40867342668421,265.0,332.0,68
u30,BCwave_b15_u30_n1_s0,1.5,1,0,eddy_heat_flux_vT,925.0,37.27263792823343,265.0,332.0,68
u30,BCwave_b15_u30_n1_s0,1.5,1,0,eddy_heat_flux_vT,975.0,35.009167699252856,265.0,332.0,68
u30,BCwave_b15_u30_n1_s0,1.5,1,0,eddy_heat_flux_vT,1000.0,32.96059501872343,265.0,332.0,68
u30,BCwave_b15_u30_n1_s0,1.5,1,0,baroclinic_conversion_proxy,10.0,1.770409402304489e-10,265.0,332.0,68
u30,BCwave_b15_u30_n1_s0,1.5,1,0,baroclinic_conversion_proxy,50.0,-3.331263347786596e-07,265.0,332.0,68
u30,BCwave_b15_u30_n1_s0,1.5,1,0,baroclinic_conversion_proxy,100.0,6.179437944558017e-06,265.0,332.0,68
u30,BCwave_b15_u30_n1_s0,1.5,1,0,baroclinic_conversion_proxy,150.0,1.9891041828861274e-05,265.0,332.0,68
u30,BCwave_b15_u30_n1_s0,1.5,1,0,baroclinic_conversion_proxy,200.0,3.6686340543212737e-07,265.0,332.0,68
u30,BCwave_b15_u30_n1_s0,1.5,1,0,baroclinic_conversion_proxy,250.0,-1.836679300194031e-05,265.0,332.0,68
u30,BCwave_b15_u30_n1_s0,1.5,1,0,baroclinic_conversion_proxy,300.0,-2.1199453626382712e-05,265.0,332.0,68
u30,BCwave_b15_u30_n1_s0,1.5,1,0,baroclinic_conversion_proxy,400.0,2.8353231541319366e-05,265.0,332.0,68
u30,BCwave_b15_u30_n1_s0,1.5,1,0,baroclinic_conversion_proxy,500.0,9.932487185270635e-05,265.0,332.0,68
u30,BCwave_b15_u30_n1_s0,1.5,1,0,baroclinic_conversion_proxy,600.0,0.00015803347838193397,265.0,332.0,68
u30,BCwave_b15_u30_n1_s0,1.5,1,0,baroclinic_conversion_proxy,700.0,0.00023323971575283555,265.0,332.0,68
u30,BCwave_b15_u30_n1_s0,1.5,1,0,baroclinic_conversion_proxy,850.0,0.0003987650767050903,265.0,332.0,68
u30,BCwave_b15_u30_n1_s0,1.5,1,0,baroclinic_conversion_proxy,925.0,0.0004850990821175989,265.0,332.0,68
u30,BCwave_b15_u30_n1_s0,1.5,1,0,baroclinic_conversion_proxy,975.0,0.00043992898495429577,265.0,332.0,68
u30,BCwave_b15_u30_n1_s0,1.5,1,0,baroclinic_conversion_proxy,1000.0,0.0003847484434064587,265.0,332.0,68
u30,BCwave_b15_u30_n1_s0,1.5,1,0,ep_flux_vertical,10.0,-100.56496237306034,265.0,332.0,68
u30,BCwave_b15_u30_n1_s0,1.5,1,0,ep_flux_vertical,50.0,-2355.4827095480528,265.0,332.0,68
u30,BCwave_b15_u30_n1_s0,1.5,1,0,ep_flux_vertical,100.0,62920.21164119945,265.0,332.0,68
u30,BCwave_b15_u30_n1_s0,1.5,1,0,ep_flux_vertical,150.0,426695.82123161765,265.0,332.0,68
u30,BCwave_b15_u30_n1_s0,1.5,1,0,ep_flux_vertical,200.0,-35537.98079905791,265.0,332.0,68
u30,BCwave_b15_u30_n1_s0,1.5,1,0,ep_flux_vertical,250.0,-948577.7591911765,265.0,332.0,68
u30,BCwave_b15_u30_n1_s0,1.5,1,0,ep_flux_vertical,300.0,-2188100.625,265.0,332.0,68
u30,BCwave_b15_u30_n1_s0,1.5,1,0,ep_flux_vertical,400.0,-5476000.919117647,265.0,332.0,68
u30,BCwave_b15_u30_n1_s0,1.5,1,0,ep_flux_vertical,500.0,-8765546.80882353,265.0,332.0,68
u30,BCwave_b15_u30_n1_s0,1.5,1,0,ep_flux_vertical,600.0,-11192974.323529411,265.0,332.0,68
u30,BCwave_b15_u30_n1_s0,1.5,1,0,ep_flux_vertical,700.0,-13574351.30882353,265.0,332.0,68
u30,BCwave_b15_u30_n1_s0,1.5,1,0,ep_flux_vertical,850.0,-14956278.705882354,265.0,332.0,68
u30,BCwave_b15_u30_n1_s0,1.5,1,0,ep_flux_vertical,925.0,-13773107.352941176,265.0,332.0,68
u30,BCwave_b15_u30_n1_s0,1.5,1,0,ep_flux_vertical,975.0,-12071241.44117647,265.0,332.0,68
u30,BCwave_b15_u30_n1_s0,1.5,1,0,ep_flux_vertical,1000.0,-13197876.338235294,265.0,332.0,68
u30,BCwave_b15_u30_n1_s5,1.5,1,5,eddy_heat_flux_vT,10.0,0.01662286007973138,253.0,338.0,86
u30,BCwave_b15_u30_n1_s5,1.5,1,5,eddy_heat_flux_vT,50.0,0.18369581649989583,253.0,338.0,86
u30,BCwave_b15_u30_n1_s5,1.5,1,5,eddy_heat_flux_vT,100.0,-1.9975406915642495,253.0,338.0,86
u30,BCwave_b15_u30_n1_s5,1.5,1,5,eddy_heat_flux_vT,150.0,-3.179808261782624,253.0,338.0,86
u30,BCwave_b15_u30_n1_s5,1.5,1,5,eddy_heat_flux_vT,200.0,-1.2638844946442649,253.0,338.0,86
u30,BCwave_b15_u30_n1_s5,1.5,1,5,eddy_heat_flux_vT,250.0,2.1047193536231683,253.0,338.0,86
u30,BCwave_b15_u30_n1_s5,1.5,1,5,eddy_heat_flux_vT,300.0,5.8422297932380856,253.0,338.0,86
u30,BCwave_b15_u30_n1_s5,1.5,1,5,eddy_heat_flux_vT,400.0,11.471824729165366,253.0,338.0,86
u30,BCwave_b15_u30_n1_s5,1.5,1,5,eddy_heat_flux_vT,500.0,13.889966121939725,253.0,338.0,86
u30,BCwave_b15_u30_n1_s5,1.5,1,5,eddy_heat_flux_vT,600.0,17.23855436679929,253.0,338.0,86
u30,BCwave_b15_u30_n1_s5,1.5,1,5,eddy_heat_flux_vT,700.0,23.955120397168535,253.0,338.0,86
u30,BCwave_b15_u30_n1_s5,1.5,1,5,eddy_heat_flux_vT,850.0,38.904019865878794,253.0,338.0,86
u30,BCwave_b15_u30_n1_s5,1.5,1,5,eddy_heat_flux_vT,925.0,47.00490960409475,253.0,338.0,86
u30,BCwave_b15_u30_n1_s5,1.5,1,5,eddy_heat_flux_vT,975.0,50.40316173642181,253.0,338.0,86
u30,BCwave_b15_u30_n1_s5,1.5,1,5,eddy_heat_flux_vT,1000.0,51.34015234126601,253.0,338.0,86
u30,BCwave_b15_u30_n1_s5,1.5,1,5,baroclinic_conversion_proxy,10.0,-1.7761785931276858e-10,253.0,338.0,86
u30,BCwave_b15_u30_n1_s5,1.5,1,5,baroclinic_conversion_proxy,50.0,-4.17096358389586e-07,253.0,338.0,86
u30,BCwave_b15_u30_n1_s5,1.5,1,5,baroclinic_conversion_proxy,100.0,1.3415556712822954e-05,253.0,338.0,86
u30,BCwave_b15_u30_n1_s5,1.5,1,5,baroclinic_conversion_proxy,150.0,2.6744951059680357e-05,253.0,338.0,86
u30,BCwave_b15_u30_n1_s5,1.5,1,5,baroclinic_conversion_proxy,200.0,1.1021140695177678e-05,253.0,338.0,86
u30,BCwave_b15_u30_n1_s5,1.5,1,5,baroclinic_conversion_proxy,250.0,-1.071488302313863e-05,253.0,338.0,86
u30,BCwave_b15_u30_n1_s5,1.5,1,5,baroclinic_conversion_proxy,300.0,-1.670262397880812e-05,253.0,338.0,86
u30,BCwave_b15_u30_n1_s5,1.5,1,5,baroclinic_conversion_proxy,400.0,2.9839731300747847e-05,253.0,338.0,86
u30,BCwave_b15_u30_n1_s5,1.5,1,5,baroclinic_conversion_proxy,500.0,9.33909532038744e-05,253.0,338.0,86
u30,BCwave_b15_u30_n1_s5,1.5,1,5,baroclinic_conversion_proxy,600.0,0.00016250720144070816,253.0,338.0,86
u30,BCwave_b15_u30_n1_s5,1.5,1,5,baroclinic_conversion_proxy,700.0,0.00027339995028532305,253.0,338.0,86
u30,BCwave_b15_u30_n1_s5,1.5,1,5,baroclinic_conversion_proxy,850.0,0.0005314519363563767,253.0,338.0,86
u30,BCwave_b15_u30_n1_s5,1.5,1,5,baroclinic_conversion_proxy,925.0,0.0006873544710309267,253.0,338.0,86
u30,BCwave_b15_u30_n1_s5,1.5,1,5,baroclinic_conversion_proxy,975.0,0.0007283344274646667,253.0,338.0,86
u30,BCwave_b15_u30_n1_s5,1.5,1,5,baroclinic_conversion_proxy,1000.0,0.0006999628446443916,253.0,338.0,86
u30,BCwave_b15_u30_n1_s5,1.5,1,5,ep_flux_vertical,10.0,-173.82744630443494,253.0,338.0,86
u30,BCwave_b15_u30_n1_s5,1.5,1,5,ep_flux_vertical,50.0,-2536.519129919451,253.0,338.0,86
u30,BCwave_b15_u30_n1_s5,1.5,1,5,ep_flux_vertical,100.0,122972.23233103198,253.0,338.0,86
u30,BCwave_b15_u30_n1_s5,1.5,1,5,ep_flux_vertical,150.0,494777.91351744183,253.0,338.0,86
u30,BCwave_b15_u30_n1_s5,1.5,1,5,ep_flux_vertical,200.0,225533.72093023255,253.0,338.0,86
u30,BCwave_b15_u30_n1_s5,1.5,1,5,ep_flux_vertical,250.0,-550808.4723837209,253.0,338.0,86
u30,BCwave_b15_u30_n1_s5,1.5,1,5,ep_flux_vertical,300.0,-1649257.7863372094,253.0,338.0,86
u30,BCwave_b15_u30_n1_s5,1.5,1,5,ep_flux_vertical,400.0,-4277184.212209302,253.0,338.0,86
u30,BCwave_b15_u30_n1_s5,1.5,1,5,ep_flux_vertical,500.0,-6754112.511627907,253.0,338.0,86
u30,BCwave_b15_u30_n1_s5,1.5,1,5,ep_flux_vertical,600.0,-9505605.96511628,253.0,338.0,86
u30,BCwave_b15_u30_n1_s5,1.5,1,5,ep_flux_vertical,700.0,-12736549.162790697,253.0,338.0,86
u30,BCwave_b15_u30_n1_s5,1.5,1,5,ep_flux_vertical,850.0,-15527488.290697675,253.0,338.0,86
u30,BCwave_b15_u30_n1_s5,1.5,1,5,ep_flux_vertical,925.0,-15534165.313953489,253.0,338.0,86
u30,BCwave_b15_u30_n1_s5,1.5,1,5,ep_flux_vertical,975.0,-16336057.127906976,253.0,338.0,86
u30,BCwave_b15_u30_n1_s5,1.5,1,5,ep_flux_vertical,1000.0,-20525127.093023255,253.0,338.0,86
u30,BCwave_b15_u30_n1_s10,1.5,1,10,eddy_heat_flux_vT,10.0,0.07339111228096992,276.0,322.0,47
u30,BCwave_b15_u30_n1_s10,1.5,1,10,eddy_heat_flux_vT,50.0,0.17274979660485654,276.0,322.0,47
u30,BCwave_b15_u30_n1_s10,1.5,1,10,eddy_heat_flux_vT,100.0,-7.08532344534042,276.0,322.0,47
u30,BCwave_b15_u30_n1_s10,1.5,1,10,eddy_heat_flux_vT,150.0,-12.190504936461753,276.0,322.0,47
u30,BCwave_b15_u30_n1_s10,1.5,1,10,eddy_heat_flux_vT,200.0,-7.653489904200777,276.0,322.0,47
u30,BCwave_b15_u30_n1_s10,1.5,1,10,eddy_heat_flux_vT,250.0,-2.0240046445359576,276.0,322.0,47
u30,BCwave_b15_u30_n1_s10,1.5,1,10,eddy_heat_flux_vT,300.0,3.481744829644548,276.0,322.0,47
u30,BCwave_b15_u30_n1_s10,1.5,1,10,eddy_heat_flux_vT,400.0,13.559063911437988,276.0,322.0,47
u30,BCwave_b15_u30_n1_s10,1.5,1,10,eddy_heat_flux_vT,500.0,19.350469974761314,276.0,322.0,47
u30,BCwave_b15_u30_n1_s10,1.5,1,10,eddy_heat_flux_vT,600.0,22.45422829972937,276.0,322.0,47
u30,BCwave_b15_u30_n1_s10,1.5,1,10,eddy_heat_flux_vT,700.0,27.77768094488915,276.0,322.0,47
u30,BCwave_b15_u30_n1_s10,1.5,1,10,eddy_heat_flux_vT,850.0,40.61851761188913,276.0,322.0,47
u30,BCwave_b15_u30_n1_s10,1.5,1,10,eddy_heat_flux_vT,925.0,46.20225029803337,276.0,322.0,47
u30,BCwave_b15_u30_n1_s10,1.5,1,10,eddy_heat_flux_vT,975.0,47.161264784792635,276.0,322.0,47
u30,BCwave_b15_u30_n1_s10,1.5,1,10,eddy_heat_flux_vT,1000.0,47.681701092009845,276.0,322.0,47
u30,BCwave_b15_u30_n1_s10,1.5,1,10,baroclinic_conversion_proxy,10.0,-4.35464279529291e-09,276.0,322.0,47
u30,BCwave_b15_u30_n1_s10,1.5,1,10,baroclinic_conversion_proxy,50.0,-6.981782213548537e-07,276.0,322.0,47
u30,BCwave_b15_u30_n1_s10,1.5,1,10,baroclinic_conversion_proxy,100.0,4.864056864654289e-05,276.0,322.0,47
u30,BCwave_b15_u30_n1_s10,1.5,1,10,baroclinic_conversion_proxy,150.0,9.892002484040394e-05,276.0,322.0,47
u30,BCwave_b15_u30_n1_s10,1.5,1,10,baroclinic_conversion_proxy,200.0,6.306040171345576e-05,276.0,322.0,47
u30,BCwave_b15_u30_n1_s10,1.5,1,10,baroclinic_conversion_proxy,250.0,1.688525050239382e-05,276.0,322.0,47
u30,BCwave_b15_u30_n1_s10,1.5,1,10,baroclinic_conversion_proxy,300.0,-1.026317854335476e-05,276.0,322.0,47
u30,BCwave_b15_u30_n1_s10,1.5,1,10,baroclinic_conversion_proxy,400.0,2.475831113654149e-05,276.0,322.0,47
u30,BCwave_b15_u30_n1_s10,1.5,1,10,baroclinic_conversion_proxy,500.0,0.00012449300234909468,276.0,322.0,47
u30,BCwave_b15_u30_n1_s10,1.5,1,10,baroclinic_conversion_proxy,600.0,0.00021081210945069075,276.0,322.0,47
u30,BCwave_b15_u30_n1_s10,1.5,1,10,baroclinic_conversion_proxy,700.0,0.00032879211233948614,276.0,322.0,47
u30,BCwave_b15_u30_n1_s10,1.5,1,10,baroclinic_conversion_proxy,850.0,0.0006166385286091331,276.0,322.0,47
u30,BCwave_b15_u30_n1_s10,1.5,1,10,baroclinic_conversion_proxy,925.0,0.000781631389474298,276.0,322.0,47
u30,BCwave_b15_u30_n1_s10,1.5,1,10,baroclinic_conversion_proxy,975.0,0.0008219111998109741,276.0,322.0,47
u30,BCwave_b15_u30_n1_s10,1.5,1,10,baroclinic_conversion_proxy,1000.0,0.0008086020218584924,276.0,322.0,47
u30,BCwave_b15_u30_n1_s10,1.5,1,10,ep_flux_vertical,10.0,-709.2946147512882,276.0,322.0,47
u30,BCwave_b15_u30_n1_s10,1.5,1,10,ep_flux_vertical,50.0,-1876.5267775515292,276.0,322.0,47
u30,BCwave_b15_u30_n1_s10,1.5,1,10,ep_flux_vertical,100.0,418359.55219414894,276.0,322.0,47
u30,BCwave_b15_u30_n1_s10,1.5,1,10,ep_flux_vertical,150.0,1720063.6502659575,276.0,322.0,47
u30,BCwave_b15_u30_n1_s10,1.5,1,10,ep_flux_vertical,200.0,1206394.3091755318,276.0,322.0,47
u30,BCwave_b15_u30_n1_s10,1.5,1,10,ep_flux_vertical,250.0,146560.2350191157,276.0,322.0,47
u30,BCwave_b15_u30_n1_s10,1.5,1,10,ep_flux_vertical,300.0,-1090869.3204787234,276.0,322.0,47
u30,BCwave_b15_u30_n1_s10,1.5,1,10,ep_flux_vertical,400.0,-4183637.154255319,276.0,322.0,47
u30,BCwave_b15_u30_n1_s10,1.5,1,10,ep_flux_vertical,500.0,-7775826.904255319,276.0,322.0,47
u30,BCwave_b15_u30_n1_s10,1.5,1,10,ep_flux_vertical,600.0,-10814237.659574468,276.0,322.0,47
u30,BCwave_b15_u30_n1_s10,1.5,1,10,ep_flux_vertical,700.0,-12851223.212765958,276.0,322.0,47
u30,BCwave_b15_u30_n1_s10,1.5,1,10,ep_flux_vertical,850.0,-13944074.70212766,276.0,322.0,47
u30,BCwave_b15_u30_n1_s10,1.5,1,10,ep_flux_vertical,925.0,-12774096.340425532,276.0,322.0,47
u30,BCwave_b15_u30_n1_s10,1.5,1,10,ep_flux_vertical,975.0,-11481492.70212766,276.0,322.0,47
u30,BCwave_b15_u30_n1_s10,1.5,1,10,ep_flux_vertical,1000.0,-13232783.138297873,276.0,322.0,47
u30,BCwave_b15_u30_n3_s-10,1.5,3,-10,eddy_heat_flux_vT,10.0,0.0003757601167308167,302.0,341.0,40
u30,BCwave_b15_u30_n3_s-10,1.5,3,-10,eddy_heat_flux_vT,50.0,0.014986686315387488,302.0,341.0,40
u30,BCwave_b15_u30_n3_s-10,1.5,3,-10,eddy_heat_flux_vT,100.0,0.09471284877508879,302.0,341.0,40
u30,BCwave_b15_u30_n3_s-10,1.5,3,-10,eddy_heat_flux_vT,150.0,-0.23756324164569378,302.0,341.0,40
u30,BCwave_b15_u30_n3_s-10,1.5,3,-10,eddy_heat_flux_vT,200.0,0.3692013047635555,302.0,341.0,40
u30,BCwave_b15_u30_n3_s-10,1.5,3,-10,eddy_heat_flux_vT,250.0,1.056702221930027,302.0,341.0,40
u30,BCwave_b15_u30_n3_s-10,1.5,3,-10,eddy_heat_flux_vT,300.0,1.7639807730913162,302.0,341.0,40
u30,BCwave_b15_u30_n3_s-10,1.5,3,-10,eddy_heat_flux_vT,400.0,3.2006110191345214,302.0,341.0,40
u30,BCwave_b15_u30_n3_s-10,1.5,3,-10,eddy_heat_flux_vT,500.0,4.577296674251556,302.0,341.0,40
u30,BCwave_b15_u30_n3_s-10,1.5,3,-10,eddy_heat_flux_vT,600.0,5.764108574390411,302.0,341.0,40
u30,BCwave_b15_u30_n3_s-10,1.5,3,-10,eddy_heat_flux_vT,700.0,7.334732270240783,302.0,341.0,40
u30,BCwave_b15_u30_n3_s-10,1.5,3,-10,eddy_heat_flux_vT,850.0,12.548321342468261,302.0,341.0,40
u30,BCwave_b15_u30_n3_s-10,1.5,3,-10,eddy_heat_flux_vT,925.0,16.442812895774843,302.0,341.0,40
u30,BCwave_b15_u30_n3_s-10,1.5,3,-10,eddy_heat_flux_vT,975.0,18.022529220581056,302.0,341.0,40
u30,BCwave_b15_u30_n3_s-10,1.5,3,-10,eddy_heat_flux_vT,1000.0,16.192682766914366,302.0,341.0,40
u30,BCwave_b15_u30_n3_s-10,1.5,3,-10,baroclinic_conversion_proxy,10.0,3.636349023544011e-12,302.0,341.0,40
u30,BCwave_b15_u30_n3_s-10,1.5,3,-10,baroclinic_conversion_proxy,50.0,-2.17764914545171e-08,302.0,341.0,40
u30,BCwave_b15_u30_n3_s-10,1.5,3,-10,baroclinic_conversion_proxy,100.0,-3.7508300856359254e-07,302.0,341.0,40
u30,BCwave_b15_u30_n3_s-10,1.5,3,-10,baroclinic_conversion_proxy,150.0,1.2465444171994023e-06,302.0,341.0,40
u30,BCwave_b15_u30_n3_s-10,1.5,3,-10,baroclinic_conversion_proxy,200.0,-1.9799312553914206e-06,302.0,341.0,40
u30,BCwave_b15_u30_n3_s-10,1.5,3,-10,baroclinic_conversion_proxy,250.0,-4.163363939824194e-06,302.0,341.0,40
u30,BCwave_b15_u30_n3_s-10,1.5,3,-10,baroclinic_conversion_proxy,300.0,-3.7131193494133185e-06,302.0,341.0,40
u30,BCwave_b15_u30_n3_s-10,1.5,3,-10,baroclinic_conversion_proxy,400.0,6.055213009403815e-06,302.0,341.0,40
u30,BCwave_b15_u30_n3_s-10,1.5,3,-10,baroclinic_conversion_proxy,500.0,2.3707855916654808e-05,302.0,341.0,40
u30,BCwave_b15_u30_n3_s-10,1.5,3,-10,baroclinic_conversion_proxy,600.0,4.178214412604575e-05,302.0,341.0,40
u30,BCwave_b15_u30_n3_s-10,1.5,3,-10,baroclinic_conversion_proxy,700.0,6.0168447726027806e-05,302.0,341.0,40
u30,BCwave_b15_u30_n3_s-10,1.5,3,-10,baroclinic_conversion_proxy,850.0,0.00011032931251975242,302.0,341.0,40
u30,BCwave_b15_u30_n3_s-10,1.5,3,-10,baroclinic_conversion_proxy,925.0,0.0001394918141158996,302.0,341.0,40
u30,BCwave_b15_u30_n3_s-10,1.5,3,-10,baroclinic_conversion_proxy,975.0,0.0001411855948390439,302.0,341.0,40
u30,BCwave_b15_u30_n3_s-10,1.5,3,-10,baroclinic_conversion_proxy,1000.0,0.0001112232403102098,302.0,341.0,40
u30,BCwave_b15_u30_n3_s-10,1.5,3,-10,ep_flux_vertical,10.0,-3.9632257521152496,302.0,341.0,40
u30,BCwave_b15_u30_n3_s-10,1.5,3,-10,ep_flux_vertical,50.0,-210.01862449645995,302.0,341.0,40
u30,BCwave_b15_u30_n3_s-10,1.5,3,-10,ep_flux_vertical,100.0,-5070.452648925781,302.0,341.0,40
u30,BCwave_b15_u30_n3_s-10,1.5,3,-10,ep_flux_vertical,150.0,42417.5197265625,302.0,341.0,40
u30,BCwave_b15_u30_n3_s-10,1.5,3,-10,ep_flux_vertical,200.0,-94260.932421875,302.0,341.0,40
u30,BCwave_b15_u30_n3_s-10,1.5,3,-10,ep_flux_vertical,250.0,-309009.025,302.0,341.0,40
u30,BCwave_b15_u30_n3_s-10,1.5,3,-10,ep_flux_vertical,300.0,-583316.55234375,302.0,341.0,40
u30,BCwave_b15_u30_n3_s-10,1.5,3,-10,ep_flux_vertical,400.0,-1350624.09375,302.0,341.0,40
u30,BCwave_b15_u30_n3_s-10,1.5,3,-10,ep_flux_vertical,500.0,-2380463.81875,302.0,341.0,40
u30,BCwave_b15_u30_n3_s-10,1.5,3,-10,ep_flux_vertical,600.0,-3549801.0125,302.0,341.0,40
u30,BCwave_b15_u30_n3_s-10,1.5,3,-10,ep_flux_vertical,700.0,-5063049.35,302.0,341.0,40
u30,BCwave_b15_u30_n3_s-10,1.5,3,-10,ep_flux_vertical,850.0,-8409418.3875,302.0,341.0,40
u30,BCwave_b15_u30_n3_s-10,1.5,3,-10,ep_flux_vertical,925.0,-9787957.475,302.0,341.0,40
u30,BCwave_b15_u30_n3_s-10,1.5,3,-10,ep_flux_vertical,975.0,-10737450.025,302.0,341.0,40
u30,BCwave_b15_u30_n3_s-10,1.5,3,-10,ep_flux_vertical,1000.0,-11386891.675,302.0,341.0,40
u30,BCwave_b15_u30_n3_s-5,1.5,3,-5,eddy_heat_flux_vT,10.0,0.0005618512489101185,303.0,337.0,35
u30,BCwave_b15_u30_n3_s-5,1.5,3,-5,eddy_heat_flux_vT,50.0,0.06097845275487219,303.0,337.0,35
u30,BCwave_b15_u30_n3_s-5,1.5,3,-5,eddy_heat_flux_vT,100.0,-0.06899895265232772,303.0,337.0,35
u30,BCwave_b15_u30_n3_s-5,1.5,3,-5,eddy_heat_flux_vT,150.0,-1.073062993798937,303.0,337.0,35
u30,BCwave_b15_u30_n3_s-5,1.5,3,-5,eddy_heat_flux_vT,200.0,0.2329183225120817,303.0,337.0,35
u30,BCwave_b15_u30_n3_s-5,1.5,3,-5,eddy_heat_flux_vT,250.0,1.8950694152287075,303.0,337.0,35
u30,BCwave_b15_u30_n3_s-5,1.5,3,-5,eddy_heat_flux_vT,300.0,3.5156474658421106,303.0,337.0,35
u30,BCwave_b15_u30_n3_s-5,1.5,3,-5,eddy_heat_flux_vT,400.0,6.633925179072789,303.0,337.0,35
u30,BCwave_b15_u30_n3_s-5,1.5,3,-5,eddy_heat_flux_vT,500.0,9.717528111594063,303.0,337.0,35
u30,BCwave_b15_u30_n3_s-5,1.5,3,-5,eddy_heat_flux_vT,600.0,11.950174386160715,303.0,337.0,35
u30,BCwave_b15_u30_n3_s-5,1.5,3,-5,eddy_heat_flux_vT,700.0,15.108392034258161,303.0,337.0,35
u30,BCwave_b15_u30_n3_s-5,1.5,3,-5,eddy_heat_flux_vT,850.0,24.97586795261928,303.0,337.0,35
u30,BCwave_b15_u30_n3_s-5,1.5,3,-5,eddy_heat_flux_vT,925.0,30.404345212663923,303.0,337.0,35
u30,BCwave_b15_u30_n3_s-5,1.5,3,-5,eddy_heat_flux_vT,975.0,30.132936096191408,303.0,337.0,35
u30,BCwave_b15_u30_n3_s-5,1.5,3,-5,eddy_heat_flux_vT,1000.0,28.06313536507743,303.0,337.0,35
u30,BCwave_b15_u30_n3_s-5,1.5,3,-5,baroclinic_conversion_proxy,10.0,4.733715591198716e-12,303.0,337.0,35
u30,BCwave_b15_u30_n3_s-5,1.5,3,-5,baroclinic_conversion_proxy,50.0,-9.67131135049775e-08,303.0,337.0,35
u30,BCwave_b15_u30_n3_s-5,1.5,3,-5,baroclinic_conversion_proxy,100.0,4.5329204466172867e-07,303.0,337.0,35
u30,BCwave_b15_u30_n3_s-5,1.5,3,-5,baroclinic_conversion_proxy,150.0,6.2980482263290985e-06,303.0,337.0,35
u30,BCwave_b15_u30_n3_s-5,1.5,3,-5,baroclinic_conversion_proxy,200.0,-1.4614748936635027e-06,303.0,337.0,35
u30,BCwave_b15_u30_n3_s-5,1.5,3,-5,baroclinic_conversion_proxy,250.0,-8.328889582896538e-06,303.0,337.0,35
u30,BCwave_b15_u30_n3_s-5,1.5,3,-5,baroclinic_conversion_proxy,300.0,-8.63417638226695e-06,303.0,337.0,35
u30,BCwave_b15_u30_n3_s-5,1.5,3,-5,baroclinic_conversion_proxy,400.0,1.1563349939284048e-05,303.0,337.0,35
u30,BCwave_b15_u30_n3_s-5,1.5,3,-5,baroclinic_conversion_proxy,500.0,5.046842447232588e-05,303.0,337.0,35
u30,BCwave_b15_u30_n3_s-5,1.5,3,-5,baroclinic_conversion_proxy,600.0,8.770610106044582e-05,303.0,337.0,35
u30,BCwave_b15_u30_n3_s-5,1.5,3,-5,baroclinic_conversion_proxy,700.0,0.00012801333422040833,303.0,337.0,35
u30,BCwave_b15_u30_n3_s-5,1.5,3,-5,baroclinic_conversion_proxy,850.0,0.00023452197243126907,303.0,337.0,35
u30,BCwave_b15_u30_n3_s-5,1.5,3,-5,baroclinic_conversion_proxy,925.0,0.0002749738349978413,303.0,337.0,35
u30,BCwave_b15_u30_n3_s-5,1.5,3,-5,baroclinic_conversion_proxy,975.0,0.00024669631966389716,303.0,337.0,35
u30,BCwave_b15_u30_n3_s-5,1.5,3,-5,baroclinic_conversion_proxy,1000.0,0.00020158603646060717,303.0,337.0,35
u30,BCwave_b15_u30_n3_s-5,1.5,3,-5,ep_flux_vertical,10.0,-5.853157193320138,303.0,337.0,35
u30,BCwave_b15_u30_n3_s-5,1.5,3,-5,ep_flux_vertical,50.0,-857.4453874860491,303.0,337.0,35
u30,BCwave_b15_u30_n3_s-5,1.5,3,-5,ep_flux_vertical,100.0,4848.981415666853,303.0,337.0,35
u30,BCwave_b15_u30_n3_s-5,1.5,3,-5,ep_flux_vertical,150.0,181699.76964285714,303.0,337.0,35
u30,BCwave_b15_u30_n3_s-5,1.5,3,-5,ep_flux_vertical,200.0,-57323.60524553571,303.0,337.0,35
u30,BCwave_b15_u30_n3_s-5,1.5,3,-5,ep_flux_vertical,250.0,-524653.6473214285,303.0,337.0,35
u30,BCwave_b15_u30_n3_s-5,1.5,3,-5,ep_flux_vertical,300.0,-1110110.9375,303.0,337.0,35
u30,BCwave_b15_u30_n3_s-5,1.5,3,-5,ep_flux_vertical,400.0,-2697506.9892857145,303.0,337.0,35
u30,BCwave_b15_u30_n3_s-5,1.5,3,-5,ep_flux_vertical,500.0,-4921620.221428571,303.0,337.0,35
u30,BCwave_b15_u30_n3_s-5,1.5,3,-5,ep_flux_vertical,600.0,-7189658.314285714,303.0,337.0,35
u30,BCwave_b15_u30_n3_s-5,1.5,3,-5,ep_flux_vertical,700.0,-9903201.414285714,303.0,337.0,35
u30,BCwave_b15_u30_n3_s-5,1.5,3,-5,ep_flux_vertical,850.0,-14667837.314285714,303.0,337.0,35
u30,BCwave_b15_u30_n3_s-5,1.5,3,-5,ep_flux_vertical,925.0,-15977069.2,303.0,337.0,35
u30,BCwave_b15_u30_n3_s-5,1.5,3,-5,ep_flux_vertical,975.0,-17458389.514285713,303.0,337.0,35
u30,BCwave_b15_u30_n3_s-5,1.5,3,-5,ep_flux_vertical,1000.0,-21250154.114285715,303.0,337.0,35
u30,BCwave_b15_u30_n3_s0,1.5,3,0,eddy_heat_flux_vT,10.0,0.0020545636224971317,281.0,314.0,34
u30,BCwave_b15_u30_n3_s0,1.5,3,0,eddy_heat_flux_vT,50.0,0.08966666405253551,281.0,314.0,34
u30,BCwave_b15_u30_n3_s0,1.5,3,0,eddy_heat_flux_vT,100.0,-0.5635881511604085,281.0,314.0,34
u30,BCwave_b15_u30_n3_s0,1.5,3,0,eddy_heat_flux_vT,150.0,-2.082111418247223,281.0,314.0,34
u30,BCwave_b15_u30_n3_s0,1.5,3,0,eddy_heat_flux_vT,200.0,-0.30923569772173376,281.0,314.0,34
u30,BCwave_b15_u30_n3_s0,1.5,3,0,eddy_heat_flux_vT,250.0,2.2647347450256348,281.0,314.0,34
u30,BCwave_b15_u30_n3_s0,1.5,3,0,eddy_heat_flux_vT,300.0,5.088815534816069,281.0,314.0,34
u30,BCwave_b15_u30_n3_s0,1.5,3,0,eddy_heat_flux_vT,400.0,10.548436164855957,281.0,314.0,34
u30,BCwave_b15_u30_n3_s0,1.5,3,0,eddy_heat_flux_vT,500.0,14.800721897798425,281.0,314.0,34
u30,BCwave_b15_u30_n3_s0,1.5,3,0,eddy_heat_flux_vT,600.0,17.422584505642163,281.0,314.0,34
u30,BCwave_b15_u30_n3_s0,1.5,3,0,eddy_heat_flux_vT,700.0,21.70062469033634,281.0,314.0,34
u30,BCwave_b15_u30_n3_s0,1.5,3,0,eddy_heat_flux_vT,850.0,33.74425119512222,281.0,314.0,34
u30,BCwave_b15_u30_n3_s0,1.5,3,0,eddy_heat_flux_vT,925.0,38.79175921047435,281.0,314.0,34
u30,BCwave_b15_u30_n3_s0,1.5,3,0,eddy_heat_flux_vT,975.0,38.13990940767176,281.0,314.0,34
u30,BCwave_b15_u30_n3_s0,1.5,3,0,eddy_heat_flux_vT,1000.0,36.61205757365507,281.0,314.0,34
u30,BCwave_b15_u30_n3_s0,1.5,3,0,baroclinic_conversion_proxy,10.0,1.6038095171519848e-11,281.0,314.0,34
u30,BCwave_b15_u30_n3_s0,1.5,3,0,baroclinic_conversion_proxy,50.0,-1.5875835631738803e-07,281.0,314.0,34
u30,BCwave_b15_u30_n3_s0,1.5,3,0,baroclinic_conversion_proxy,100.0,3.0527404733755462e-06,281.0,314.0,34
u30,BCwave_b15_u30_n3_s0,1.5,3,0,baroclinic_conversion_proxy,150.0,1.3198448601435624e-05,281.0,314.0,34
u30,BCwave_b15_u30_n3_s0,1.5,3,0,baroclinic_conversion_proxy,200.0,1.4430487972143003e-06,281.0,314.0,34
u30,BCwave_b15_u30_n3_s0,1.5,3,0,baroclinic_conversion_proxy,250.0,-1.1388256659890484e-05,281.0,314.0,34
u30,BCwave_b15_u30_n3_s0,1.5,3,0,baroclinic_conversion_proxy,300.0,-1.4064950284912757e-05,281.0,314.0,34
u30,BCwave_b15_u30_n3_s0,1.5,3,0,baroclinic_conversion_proxy,400.0,2.0044258502928322e-05,281.0,314.0,34
u30,BCwave_b15_u30_n3_s0,1.5,3,0,baroclinic_conversion_proxy,500.0,8.332035448641844e-05,281.0,314.0,34
u30,BCwave_b15_u30_n3_s0,1.5,3,0,baroclinic_conversion_proxy,600.0,0.00013834659009315895,281.0,314.0,34
u30,BCwave_b15_u30_n3_s0,1.5,3,0,baroclinic_conversion_proxy,700.0,0.00020006653272396172,281.0,314.0,34
u30,BCwave_b15_u30_n3_s0,1.5,3,0,baroclinic_conversion_proxy,850.0,0.0003502302630188163,281.0,314.0,34
u30,BCwave_b15_u30_n3_s0,1.5,3,0,baroclinic_conversion_proxy,925.0,0.0003898136141394977,281.0,314.0,34
u30,BCwave_b15_u30_n3_s0,1.5,3,0,baroclinic_conversion_proxy,975.0,0.00034801835564019927,281.0,314.0,34
u30,BCwave_b15_u30_n3_s0,1.5,3,0,baroclinic_conversion_proxy,1000.0,0.00029637375658186265,281.0,314.0,34
u30,BCwave_b15_u30_n3_s0,1.5,3,0,ep_flux_vertical,10.0,-21.55561093723073,281.0,314.0,34
u30,BCwave_b15_u30_n3_s0,1.5,3,0,ep_flux_vertical,50.0,-1258.97508688534,281.0,314.0,34
u30,BCwave_b15_u30_n3_s0,1.5,3,0,ep_flux_vertical,100.0,35004.4858972886,281.0,314.0,34
u30,BCwave_b15_u30_n3_s0,1.5,3,0,ep_flux_vertical,150.0,349081.4177389706,281.0,314.0,34
u30,BCwave_b15_u30_n3_s0,1.5,3,0,ep_flux_vertical,200.0,81764.85523897059,281.0,314.0,34
u30,BCwave_b15_u30_n3_s0,1.5,3,0,ep_flux_vertical,250.0,-585087.1525735294,281.0,314.0,34
u30,BCwave_b15_u30_n3_s0,1.5,3,0,ep_flux_vertical,300.0,-1524722.4117647058,281.0,314.0,34
u30,BCwave_b15_u30_n3_s0,1.5,3,0,ep_flux_vertical,400.0,-4135173.2647058824,281.0,314.0,34
u30,BCwave_b15_u30_n3_s0,1.5,3,0,ep_flux_vertical,500.0,-7353535.294117647,281.0,314.0,34
u30,BCwave_b15_u30_n3_s0,1.5,3,0,ep_flux_vertical,600.0,-10307941.220588235,281.0,314.0,34
u30,BCwave_b15_u30_n3_s0,1.5,3,0,ep_flux_vertical,700.0,-13733426.11764706,281.0,314.0,34
u30,BCwave_b15_u30_n3_s0,1.5,3,0,ep_flux_vertical,850.0,-18672744.0,281.0,314.0,34
u30,BCwave_b15_u30_n3_s0,1.5,3,0,ep_flux_vertical,925.0,-19480754.852941178,281.0,314.0,34
u30,BCwave_b15_u30_n3_s0,1.5,3,0,ep_flux_vertical,975.0,-21072115.11764706,281.0,314.0,34
u30,BCwave_b15_u30_n3_s0,1.5,3,0,ep_flux_vertical,1000.0,-25520433.23529412,281.0,314.0,34
u30,BCwave_b15_u30_n3_s5,1.5,3,5,eddy_heat_flux_vT,10.0,0.014432197860774718,281.0,336.0,56
u30,BCwave_b15_u30_n3_s5,1.5,3,5,eddy_heat_flux_vT,50.0,0.2810350244731775,281.0,336.0,56
u30,BCwave_b15_u30_n3_s5,1.5,3,5,eddy_heat_flux_vT,100.0,-1.0867400829281126,281.0,336.0,56
u30,BCwave_b15_u30_n3_s5,1.5,3,5,eddy_heat_flux_vT,150.0,-2.915900890316282,281.0,336.0,56
u30,BCwave_b15_u30_n3_s5,1.5,3,5,eddy_heat_flux_vT,200.0,-1.1983423509768076,281.0,336.0,56
u30,BCwave_b15_u30_n3_s5,1.5,3,5,eddy_heat_flux_vT,250.0,1.1668185068660282,281.0,336.0,56
u30,BCwave_b15_u30_n3_s5,1.5,3,5,eddy_heat_flux_vT,300.0,3.7262352172817503,281.0,336.0,56
u30,BCwave_b15_u30_n3_s5,1.5,3,5,eddy_heat_flux_vT,400.0,8.54290908575058,281.0,336.0,56
u30,BCwave_b15_u30_n3_s5,1.5,3,5,eddy_heat_flux_vT,500.0,11.933339187077113,281.0,336.0,56
u30,BCwave_b15_u30_n3_s5,1.5,3,5,eddy_heat_flux_vT,600.0,14.573457837104797,281.0,336.0,56
u30,BCwave_b15_u30_n3_s5,1.5,3,5,eddy_heat_flux_vT,700.0,19.69250556400844,281.0,336.0,56
u30,BCwave_b15_u30_n3_s5,1.5,3,5,eddy_heat_flux_vT,850.0,31.518086637769425,281.0,336.0,56
u30,BCwave_b15_u30_n3_s5,1.5,3,5,eddy_heat_flux_vT,925.0,35.65210117612566,281.0,336.0,56
u30,BCwave_b15_u30_n3_s5,1.5,3,5,eddy_heat_flux_vT,975.0,35.08068697793143,281.0,336.0,56
u30,BCwave_b15_u30_n3_s5,1.5,3,5,eddy_heat_flux_vT,1000.0,32.67777269227164,281.0,336.0,56
u30,BCwave_b15_u30_n3_s5,1.5,3,5,baroclinic_conversion_proxy,10.0,-7.207391002609032e-11,281.0,336.0,56
u30,BCwave_b15_u30_n3_s5,1.5,3,5,baroclinic_conversion_proxy,50.0,-5.596043778207818e-07,281.0,336.0,56
u30,BCwave_b15_u30_n3_s5,1.5,3,5,baroclinic_conversion_proxy,100.0,6.39414892995254e-06,281.0,336.0,56
u30,BCwave_b15_u30_n3_s5,1.5,3,5,baroclinic_conversion_proxy,150.0,1.992574660952024e-05,281.0,336.0,56
u30,BCwave_b15_u30_n3_s5,1.5,3,5,baroclinic_conversion_proxy,200.0,9.106939525541488e-06,281.0,336.0,56
u30,BCwave_b15_u30_n3_s5,1.5,3,5,baroclinic_conversion_proxy,250.0,-3.913423136785761e-06,281.0,336.0,56
u30,BCwave_b15_u30_n3_s5,1.5,3,5,baroclinic_conversion_proxy,300.0,-8.59444790560612e-06,281.0,336.0,56
u30,BCwave_b15_u30_n3_s5,1.5,3,5,baroclinic_conversion_proxy,400.0,1.831589409968209e-05,281.0,336.0,56
u30,BCwave_b15_u30_n3_s5,1.5,3,5,baroclinic_conversion_proxy,500.0,6.863914203287485e-05,281.0,336.0,56
u30,BCwave_b15_u30_n3_s5,1.5,3,5,baroclinic_conversion_proxy,600.0,0.00011304508682639738,281.0,336.0,56
u30,BCwave_b15_u30_n3_s5,1.5,3,5,baroclinic_conversion_proxy,700.0,0.0001832201482362247,281.0,336.0,56
u30,BCwave_b15_u30_n3_s5,1.5,3,5,baroclinic_conversion_proxy,850.0,0.0003469940669934398,281.0,336.0,56
u30,BCwave_b15_u30_n3_s5,1.5,3,5,baroclinic_conversion_proxy,925.0,0.0004008845945853474,281.0,336.0,56
u30,BCwave_b15_u30_n3_s5,1.5,3,5,baroclinic_conversion_proxy,975.0,0.0003742309698801754,281.0,336.0,56
u30,BCwave_b15_u30_n3_s5,1.5,3,5,baroclinic_conversion_proxy,1000.0,0.0003195436594458962,281.0,336.0,56
u30,BCwave_b15_u30_n3_s5,1.5,3,5,ep_flux_vertical,10.0,-149.5082221712385,281.0,336.0,56
u30,BCwave_b15_u30_n3_s5,1.5,3,5,ep_flux_vertical,50.0,-3860.5567049298966,281.0,336.0,56
u30,BCwave_b15_u30_n3_s5,1.5,3,5,ep_flux_vertical,100.0,66325.93443080357,281.0,336.0,56
u30,BCwave_b15_u30_n3_s5,1.5,3,5,ep_flux_vertical,150.0,468574.02678571426,281.0,336.0,56
u30,BCwave_b15_u30_n3_s5,1.5,3,5,ep_flux_vertical,200.0,241325.53097098213,281.0,336.0,56
u30,BCwave_b15_u30_n3_s5,1.5,3,5,ep_flux_vertical,250.0,-367497.2083391462,281.0,336.0,56
u30,BCwave_b15_u30_n3_s5,1.5,3,5,ep_flux_vertical,300.0,-1227306.7220982143,281.0,336.0,56
u30,BCwave_b15_u30_n3_s5,1.5,3,5,ep_flux_vertical,400.0,-3552225.433035714,281.0,336.0,56
u30,BCwave_b15_u30_n3_s5,1.5,3,5,ep_flux_vertical,500.0,-6229411.375,281.0,336.0,56
u30,BCwave_b15_u30_n3_s5,1.5,3,5,ep_flux_vertical,600.0,-8769382.6875,281.0,336.0,56
u30,BCwave_b15_u30_n3_s5,1.5,3,5,ep_flux_vertical,700.0,-11668023.07142857,281.0,336.0,56
u30,BCwave_b15_u30_n3_s5,1.5,3,5,ep_flux_vertical,850.0,-14593680.67857143,281.0,336.0,56
u30,BCwave_b15_u30_n3_s5,1.5,3,5,ep_flux_vertical,925.0,-14344018.67857143,281.0,336.0,56
u30,BCwave_b15_u30_n3_s5,1.5,3,5,ep_flux_vertical,975.0,-14412432.089285715,281.0,336.0,56
u30,BCwave_b15_u30_n3_s5,1.5,3,5,ep_flux_vertical,1000.0,-16569197.767857144,281.0,336.0,56
u30,BCwave_b15_u30_n3_s10,1.5,3,10,eddy_heat_flux_vT,10.0,0.00601039644269008,239.0,302.0,64
u30,BCwave_b15_u30_n3_s10,1.5,3,10,eddy_heat_flux_vT,50.0,0.03684939158711131,239.0,302.0,64
u30,BCwave_b15_u30_n3_s10,1.5,3,10,eddy_heat_flux_vT,100.0,-0.805209631100297,239.0,302.0,64
u30,BCwave_b15_u30_n3_s10,1.5,3,10,eddy_heat_flux_vT,150.0,-2.454237185418606,239.0,302.0,64
u30,BCwave_b15_u30_n3_s10,1.5,3,10,eddy_heat_flux_vT,200.0,-1.001429651863873,239.0,302.0,64
u30,BCwave_b15_u30_n3_s10,1.5,3,10,eddy_heat_flux_vT,250.0,1.4799573346972466,239.0,302.0,64
u30,BCwave_b15_u30_n3_s10,1.5,3,10,eddy_heat_flux_vT,300.0,4.121391396969557,239.0,302.0,64
u30,BCwave_b15_u30_n3_s10,1.5,3,10,eddy_heat_flux_vT,400.0,8.215219475328922,239.0,302.0,64
u30,BCwave_b15_u30_n3_s10,1.5,3,10,eddy_heat_flux_vT,500.0,9.919485434889793,239.0,302.0,64
u30,BCwave_b15_u30_n3_s10,1.5,3,10,eddy_heat_flux_vT,600.0,12.006685078144073,239.0,302.0,64
u30,BCwave_b15_u30_n3_s10,1.5,3,10,eddy_heat_flux_vT,700.0,16.749831274151802,239.0,302.0,64
u30,BCwave_b15_u30_n3_s10,1.5,3,10,eddy_heat_flux_vT,850.0,25.71086522936821,239.0,302.0,64
u30,BCwave_b15_u30_n3_s10,1.5,3,10,eddy_heat_flux_vT,925.0,27.551828265190125,239.0,302.0,64
u30,BCwave_b15_u30_n3_s10,1.5,3,10,eddy_heat_flux_vT,975.0,27.124288707971573,239.0,302.0,64
u30,BCwave_b15_u30_n3_s10,1.5,3,10,eddy_heat_flux_vT,1000.0,26.464579671621323,239.0,302.0,64
u30,BCwave_b15_u30_n3_s10,1.5,3,10,baroclinic_conversion_proxy,10.0,-3.6729813975089554e-11,239.0,302.0,64
u30,BCwave_b15_u30_n3_s10,1.5,3,10,baroclinic_conversion_proxy,50.0,-4.9579851614436204e-08,239.0,302.0,64
u30,BCwave_b15_u30_n3_s10,1.5,3,10,baroclinic_conversion_proxy,100.0,4.967957593748906e-06,239.0,302.0,64
u30,BCwave_b15_u30_n3_s10,1.5,3,10,baroclinic_conversion_proxy,150.0,1.7212168842206665e-05,239.0,302.0,64
u30,BCwave_b15_u30_n3_s10,1.5,3,10,baroclinic_conversion_proxy,200.0,6.558537819500998e-06,239.0,302.0,64
u30,BCwave_b15_u30_n3_s10,1.5,3,10,baroclinic_conversion_proxy,250.0,-8.699342110674024e-06,239.0,302.0,64
u30,BCwave_b15_u30_n3_s10,1.5,3,10,baroclinic_conversion_proxy,300.0,-1.3310599840110626e-05,239.0,302.0,64
u30,BCwave_b15_u30_n3_s10,1.5,3,10,baroclinic_conversion_proxy,400.0,1.793576126374319e-05,239.0,302.0,64
u30,BCwave_b15_u30_n3_s10,1.5,3,10,baroclinic_conversion_proxy,500.0,6.386561494764464e-05,239.0,302.0,64
u30,BCwave_b15_u30_n3_s10,1.5,3,10,baroclinic_conversion_proxy,600.0,0.00010626525556745037,239.0,302.0,64
u30,BCwave_b15_u30_n3_s10,1.5,3,10,baroclinic_conversion_proxy,700.0,0.00017311552437604405,239.0,302.0,64
u30,BCwave_b15_u30_n3_s10,1.5,3,10,baroclinic_conversion_proxy,850.0,0.00030912015358808276,239.0,302.0,64
u30,BCwave_b15_u30_n3_s10,1.5,3,10,baroclinic_conversion_proxy,925.0,0.00033995968851741054,239.0,302.0,64
u30,BCwave_b15_u30_n3_s10,1.5,3,10,baroclinic_conversion_proxy,975.0,0.00032627511018290534,239.0,302.0,64
u30,BCwave_b15_u30_n3_s10,1.5,3,10,baroclinic_conversion_proxy,1000.0,0.000303435139812791,239.0,302.0,64
u30,BCwave_b15_u30_n3_s10,1.5,3,10,ep_flux_vertical,10.0,-62.05870031705126,239.0,302.0,64
u30,BCwave_b15_u30_n3_s10,1.5,3,10,ep_flux_vertical,50.0,-424.302632316947,239.0,302.0,64
u30,BCwave_b15_u30_n3_s10,1.5,3,10,ep_flux_vertical,100.0,47527.550231933594,239.0,302.0,64
u30,BCwave_b15_u30_n3_s10,1.5,3,10,ep_flux_vertical,150.0,376835.3056640625,239.0,302.0,64
u30,BCwave_b15_u30_n3_s10,1.5,3,10,ep_flux_vertical,200.0,210312.34741210938,239.0,302.0,64
u30,BCwave_b15_u30_n3_s10,1.5,3,10,ep_flux_vertical,250.0,-295459.60595703125,239.0,302.0,64
u30,BCwave_b15_u30_n3_s10,1.5,3,10,ep_flux_vertical,300.0,-956487.2109375,239.0,302.0,64
u30,BCwave_b15_u30_n3_s10,1.5,3,10,ep_flux_vertical,400.0,-2533733.66796875,239.0,302.0,64
u30,BCwave_b15_u30_n3_s10,1.5,3,10,ep_flux_vertical,500.0,-4174512.50390625,239.0,302.0,64
u30,BCwave_b15_u30_n3_s10,1.5,3,10,ep_flux_vertical,600.0,-6243649.8828125,239.0,302.0,64
u30,BCwave_b15_u30_n3_s10,1.5,3,10,ep_flux_vertical,700.0,-9178539.6875,239.0,302.0,64
u30,BCwave_b15_u30_n3_s10,1.5,3,10,ep_flux_vertical,850.0,-12231933.109375,239.0,302.0,64
u30,BCwave_b15_u30_n3_s10,1.5,3,10,ep_flux_vertical,925.0,-12253930.53125,239.0,302.0,64
u30,BCwave_b15_u30_n3_s10,1.5,3,10,ep_flux_vertical,975.0,-13079777.5078125,239.0,302.0,64
u30,BCwave_b15_u30_n3_s10,1.5,3,10,ep_flux_vertical,1000.0,-16319470.453125,239.0,302.0,64
u30,BCwave_b15_u30_n6_s-10,1.5,6,-10,eddy_heat_flux_vT,10.0,0.00022758124857607138,304.0,344.0,41
u30,BCwave_b15_u30_n6_s-10,1.5,6,-10,eddy_heat_flux_vT,50.0,0.006661084821311439,304.0,344.0,41
u30,BCwave_b15_u30_n6_s-10,1.5,6,-10,eddy_heat_flux_vT,100.0,0.09852147883758312,304.0,344.0,41
u30,BCwave_b15_u30_n6_s-10,1.5,6,-10,eddy_heat_flux_vT,150.0,0.013342988154873616,304.0,344.0,41
u30,BCwave_b15_u30_n6_s-10,1.5,6,-10,eddy_heat_flux_vT,200.0,0.2703664350073512,304.0,344.0,41
u30,BCwave_b15_u30_n6_s-10,1.5,6,-10,eddy_heat_flux_vT,250.0,0.5608241136481122,304.0,344.0,41
u30,BCwave_b15_u30_n6_s-10,1.5,6,-10,eddy_heat_flux_vT,300.0,0.8707776418546351,304.0,344.0,41
u30,BCwave_b15_u30_n6_s-10,1.5,6,-10,eddy_heat_flux_vT,400.0,1.5838607578742794,304.0,344.0,41
u30,BCwave_b15_u30_n6_s-10,1.5,6,-10,eddy_heat_flux_vT,500.0,2.360548967268409,304.0,344.0,41
u30,BCwave_b15_u30_n6_s-10,1.5,6,-10,eddy_heat_flux_vT,600.0,3.2792360608170674,304.0,344.0,41
u30,BCwave_b15_u30_n6_s-10,1.5,6,-10,eddy_heat_flux_vT,700.0,4.306356639396854,304.0,344.0,41
u30,BCwave_b15_u30_n6_s-10,1.5,6,-10,eddy_heat_flux_vT,850.0,7.221226331664295,304.0,344.0,41
u30,BCwave_b15_u30_n6_s-10,1.5,6,-10,eddy_heat_flux_vT,925.0,9.611981484948135,304.0,344.0,41
u30,BCwave_b15_u30_n6_s-10,1.5,6,-10,eddy_heat_flux_vT,975.0,10.668512065236161,304.0,344.0,41
u30,BCwave_b15_u30_n6_s-10,1.5,6,-10,eddy_heat_flux_vT,1000.0,10.22185397729641,304.0,344.0,41
u30,BCwave_b15_u30_n6_s-10,1.5,6,-10,baroclinic_conversion_proxy,10.0,1.6055916362070488e-12,304.0,344.0,41
u30,BCwave_b15_u30_n6_s-10,1.5,6,-10,baroclinic_conversion_proxy,50.0,-8.074754491066022e-09,304.0,344.0,41
u30,BCwave_b15_u30_n6_s-10,1.5,6,-10,baroclinic_conversion_proxy,100.0,-3.7662281488614897e-07,304.0,344.0,41
u30,BCwave_b15_u30_n6_s-10,1.5,6,-10,baroclinic_conversion_proxy,150.0,-1.313254738992849e-07,304.0,344.0,41
u30,BCwave_b15_u30_n6_s-10,1.5,6,-10,baroclinic_conversion_proxy,200.0,-1.326523297060836e-06,304.0,344.0,41
u30,BCwave_b15_u30_n6_s-10,1.5,6,-10,baroclinic_conversion_proxy,250.0,-2.003294853017085e-06,304.0,344.0,41
u30,BCwave_b15_u30_n6_s-10,1.5,6,-10,baroclinic_conversion_proxy,300.0,-1.6242234340363832e-06,304.0,344.0,41
u30,BCwave_b15_u30_n6_s-10,1.5,6,-10,baroclinic_conversion_proxy,400.0,2.995397613719943e-06,304.0,344.0,41
u30,BCwave_b15_u30_n6_s-10,1.5,6,-10,baroclinic_conversion_proxy,500.0,1.1797554091062033e-05,304.0,344.0,41
u30,BCwave_b15_u30_n6_s-10,1.5,6,-10,baroclinic_conversion_proxy,600.0,2.2801510745122824e-05,304.0,344.0,41
u30,BCwave_b15_u30_n6_s-10,1.5,6,-10,baroclinic_conversion_proxy,700.0,3.339980543298624e-05,304.0,344.0,41
u30,BCwave_b15_u30_n6_s-10,1.5,6,-10,baroclinic_conversion_proxy,850.0,5.837608770844981e-05,304.0,344.0,41
u30,BCwave_b15_u30_n6_s-10,1.5,6,-10,baroclinic_conversion_proxy,925.0,7.312816248996546e-05,304.0,344.0,41
u30,BCwave_b15_u30_n6_s-10,1.5,6,-10,baroclinic_conversion_proxy,975.0,7.382277331865824e-05,304.0,344.0,41
u30,BCwave_b15_u30_n6_s-10,1.5,6,-10,baroclinic_conversion_proxy,1000.0,6.360943983209592e-05,304.0,344.0,41
u30,BCwave_b15_u30_n6_s-10,1.5,6,-10,ep_flux_vertical,10.0,-2.39539866331147,304.0,344.0,41
u30,BCwave_b15_u30_n6_s-10,1.5,6,-10,ep_flux_vertical,50.0,-92.7959810582603,304.0,344.0,41
u30,BCwave_b15_u30_n6_s-10,1.5,6,-10,ep_flux_vertical,100.0,-5495.372600276296,304.0,344.0,41
u30,BCwave_b15_u30_n6_s-10,1.5,6,-10,ep_flux_vertical,150.0,-800.5207041298471,304.0,344.0,41
u30,BCwave_b15_u30_n6_s-10,1.5,6,-10,ep_flux_vertical,200.0,-69653.47246570123,304.0,344.0,41
u30,BCwave_b15_u30_n6_s-10,1.5,6,-10,ep_flux_vertical,250.0,-169503.20731707316,304.0,344.0,41
u30,BCwave_b15_u30_n6_s-10,1.5,6,-10,ep_flux_vertical,300.0,-299161.9405487805,304.0,344.0,41
u30,BCwave_b15_u30_n6_s-10,1.5,6,-10,ep_flux_vertical,400.0,-686164.8399390244,304.0,344.0,41
u30,BCwave_b15_u30_n6_s-10,1.5,6,-10,ep_flux_vertical,500.0,-1247380.2408536586,304.0,344.0,41
u30,BCwave_b15_u30_n6_s-10,1.5,6,-10,ep_flux_vertical,600.0,-2035029.0091463414,304.0,344.0,41
u30,BCwave_b15_u30_n6_s-10,1.5,6,-10,ep_flux_vertical,700.0,-3040689.4695121953,304.0,344.0,41
u30,BCwave_b15_u30_n6_s-10,1.5,6,-10,ep_flux_vertical,850.0,-5373657.4878048785,304.0,344.0,41
u30,BCwave_b15_u30_n6_s-10,1.5,6,-10,ep_flux_vertical,925.0,-6618904.792682927,304.0,344.0,41
u30,BCwave_b15_u30_n6_s-10,1.5,6,-10,ep_flux_vertical,975.0,-7135546.048780488,304.0,344.0,41
u30,BCwave_b15_u30_n6_s-10,1.5,6,-10,ep_flux_vertical,1000.0,-7170002.036585365,304.0,344.0,41
u30,BCwave_b15_u30_n6_s-5,1.5,6,-5,eddy_heat_flux_vT,10.0,0.0004462917155857819,306.0,341.0,36
u30,BCwave_b15_u30_n6_s-5,1.5,6,-5,eddy_heat_flux_vT,50.0,0.02975851794083913,306.0,341.0,36
u30,BCwave_b15_u30_n6_s-5,1.5,6,-5,eddy_heat_flux_vT,100.0,0.08891269378364086,306.0,341.0,36
u30,BCwave_b15_u30_n6_s-5,1.5,6,-5,eddy_heat_flux_vT,150.0,-0.36483759101894164,306.0,341.0,36
u30,BCwave_b15_u30_n6_s-5,1.5,6,-5,eddy_heat_flux_vT,200.0,0.3457461984621154,306.0,341.0,36
u30,BCwave_b15_u30_n6_s-5,1.5,6,-5,eddy_heat_flux_vT,250.0,1.1767802370919123,306.0,341.0,36
u30,BCwave_b15_u30_n6_s-5,1.5,6,-5,eddy_heat_flux_vT,300.0,2.02035152581003,306.0,341.0,36
u30,BCwave_b15_u30_n6_s-5,1.5,6,-5,eddy_heat_flux_vT,400.0,3.748600297504001,306.0,341.0,36
u30,BCwave_b15_u30_n6_s-5,1.5,6,-5,eddy_heat_flux_vT,500.0,5.536454048421648,306.0,341.0,36
u30,BCwave_b15_u30_n6_s-5,1.5,6,-5,eddy_heat_flux_vT,600.0,7.2681283420986595,306.0,341.0,36
u30,BCwave_b15_u30_n6_s-5,1.5,6,-5,eddy_heat_flux_vT,700.0,9.465559323628744,306.0,341.0,36
u30,BCwave_b15_u30_n6_s-5,1.5,6,-5,eddy_heat_flux_vT,850.0,16.07327980465359,306.0,341.0,36
u30,BCwave_b15_u30_n6_s-5,1.5,6,-5,eddy_heat_flux_vT,925.0,19.368929968939888,306.0,341.0,36
u30,BCwave_b15_u30_n6_s-5,1.5,6,-5,eddy_heat_flux_vT,975.0,19.00457935863071,306.0,341.0,36
u30,BCwave_b15_u30_n6_s-5,1.5,6,-5,eddy_heat_flux_vT,1000.0,17.562755558225845,306.0,341.0,36
u30,BCwave_b15_u30_n6_s-5,1.5,6,-5,baroclinic_conversion_proxy,10.0,4.54883275505825e-12,306.0,341.0,36
u30,BCwave_b15_u30_n6_s-5,1.5,6,-5,baroclinic_conversion_proxy,50.0,-3.865269067778362e-08,306.0,341.0,36
u30,BCwave_b15_u30_n6_s-5,1.5,6,-5,baroclinic_conversion_proxy,100.0,-2.836228907041358e-07,306.0,341.0,36
u30,BCwave_b15_u30_n6_s-5,1.5,6,-5,baroclinic_conversion_proxy,150.0,1.8825301929660377e-06,306.0,341.0,36
u30,BCwave_b15_u30_n6_s-5,1.5,6,-5,baroclinic_conversion_proxy,200.0,-1.8149655937173116e-06,306.0,341.0,36
u30,BCwave_b15_u30_n6_s-5,1.5,6,-5,baroclinic_conversion_proxy,250.0,-4.519732259369549e-06,306.0,341.0,36
u30,BCwave_b15_u30_n6_s-5,1.5,6,-5,baroclinic_conversion_proxy,300.0,-4.149540586695366e-06,306.0,341.0,36
u30,BCwave_b15_u30_n6_s-5,1.5,6,-5,baroclinic_conversion_proxy,400.0,6.761363617139675e-06,306.0,341.0,36
u30,BCwave_b15_u30_n6_s-5,1.5,6,-5,baroclinic_conversion_proxy,500.0,2.7262340710068303e-05,306.0,341.0,36
u30,BCwave_b15_u30_n6_s-5,1.5,6,-5,baroclinic_conversion_proxy,600.0,4.9331027791292094e-05,306.0,341.0,36
u30,BCwave_b15_u30_n6_s-5,1.5,6,-5,baroclinic_conversion_proxy,700.0,7.20802576729006e-05,306.0,341.0,36
u30,BCwave_b15_u30_n6_s-5,1.5,6,-5,baroclinic_conversion_proxy,850.0,0.00013058356368370974,306.0,341.0,36
u30,BCwave_b15_u30_n6_s-5,1.5,6,-5,baroclinic_conversion_proxy,925.0,0.00014606377468832457,306.0,341.0,36
u30,BCwave_b15_u30_n6_s-5,1.5,6,-5,baroclinic_conversion_proxy,975.0,0.0001316301063020041,306.0,341.0,36
u30,BCwave_b15_u30_n6_s-5,1.5,6,-5,baroclinic_conversion_proxy,1000.0,0.0001098230661429827,306.0,341.0,36
u30,BCwave_b15_u30_n6_s-5,1.5,6,-5,ep_flux_vertical,10.0,-4.718821677896711,306.0,341.0,36
u30,BCwave_b15_u30_n6_s-5,1.5,6,-5,ep_flux_vertical,50.0,-417.56016794840497,306.0,341.0,36
u30,BCwave_b15_u30_n6_s-5,1.5,6,-5,ep_flux_vertical,100.0,-4948.410054524739,306.0,341.0,36
u30,BCwave_b15_u30_n6_s-5,1.5,6,-5,ep_flux_vertical,150.0,62674.14453125,306.0,341.0,36
u30,BCwave_b15_u30_n6_s-5,1.5,6,-5,ep_flux_vertical,200.0,-89429.74956597222,306.0,341.0,36
u30,BCwave_b15_u30_n6_s-5,1.5,6,-5,ep_flux_vertical,250.0,-346251.28819444444,306.0,341.0,36
u30,BCwave_b15_u30_n6_s-5,1.5,6,-5,ep_flux_vertical,300.0,-672087.875,306.0,341.0,36
u30,BCwave_b15_u30_n6_s-5,1.5,6,-5,ep_flux_vertical,400.0,-1569328.0243055555,306.0,341.0,36
u30,BCwave_b15_u30_n6_s-5,1.5,6,-5,ep_flux_vertical,500.0,-2855122.8541666665,306.0,341.0,36
u30,BCwave_b15_u30_n6_s-5,1.5,6,-5,ep_flux_vertical,600.0,-4462341.979166667,306.0,341.0,36
u30,BCwave_b15_u30_n6_s-5,1.5,6,-5,ep_flux_vertical,700.0,-6543232.138888889,306.0,341.0,36
u30,BCwave_b15_u30_n6_s-5,1.5,6,-5,ep_flux_vertical,850.0,-10790488.833333334,306.0,341.0,36
u30,BCwave_b15_u30_n6_s-5,1.5,6,-5,ep_flux_vertical,925.0,-12035804.111111112,306.0,341.0,36
u30,BCwave_b15_u30_n6_s-5,1.5,6,-5,ep_flux_vertical,975.0,-12607873.694444444,306.0,341.0,36
u30,BCwave_b15_u30_n6_s-5,1.5,6,-5,ep_flux_vertical,1000.0,-13749796.222222222,306.0,341.0,36
u30,BCwave_b15_u30_n6_s0,1.5,6,0,eddy_heat_flux_vT,10.0,0.0009304861095087188,293.0,328.0,36
u30,BCwave_b15_u30_n6_s0,1.5,6,0,eddy_heat_flux_vT,50.0,0.06881106272339821,293.0,328.0,36
u30,BCwave_b15_u30_n6_s0,1.5,6,0,eddy_heat_flux_vT,100.0,-0.1927912878907389,293.0,328.0,36
u30,BCwave_b15_u30_n6_s0,1.5,6,0,eddy_heat_flux_vT,150.0,-1.2218579815493689,293.0,328.0,36
u30,BCwave_b15_u30_n6_s0,1.5,6,0,eddy_heat_flux_vT,200.0,0.140991171511511,293.0,328.0,36
u30,BCwave_b15_u30_n6_s0,1.5,6,0,eddy_heat_flux_vT,250.0,1.9182941185103521,293.0,328.0,36
u30,BCwave_b15_u30_n6_s0,1.5,6,0,eddy_heat_flux_vT,300.0,3.77773341205385,293.0,328.0,36
u30,BCwave_b15_u30_n6_s0,1.5,6,0,eddy_heat_flux_vT,400.0,7.352343757947286,293.0,328.0,36
u30,BCwave_b15_u30_n6_s0,1.5,6,0,eddy_heat_flux_vT,500.0,10.420828594101799,293.0,328.0,36
u30,BCwave_b15_u30_n6_s0,1.5,6,0,eddy_heat_flux_vT,600.0,12.556753158569336,293.0,328.0,36
u30,BCwave_b15_u30_n6_s0,1.5,6,0,eddy_heat_flux_vT,700.0,15.48042074839274,293.0,328.0,36
u30,BCwave_b15_u30_n6_s0,1.5,6,0,eddy_heat_flux_vT,850.0,24.651760048336453,293.0,328.0,36
u30,BCwave_b15_u30_n6_s0,1.5,6,0,eddy_heat_flux_vT,925.0,28.567232025994194,293.0,328.0,36
u30,BCwave_b15_u30_n6_s0,1.5,6,0,eddy_heat_flux_vT,975.0,28.86761172612508,293.0,328.0,36
u30,BCwave_b15_u30_n6_s0,1.5,6,0,eddy_heat_flux_vT,1000.0,27.452566146850586,293.0,328.0,36
u30,BCwave_b15_u30_n6_s0,1.5,6,0,baroclinic_conversion_proxy,10.0,1.394435729115067e-11,293.0,328.0,36
u30,BCwave_b15_u30_n6_s0,1.5,6,0,baroclinic_conversion_proxy,50.0,-9.621029365784277e-08,293.0,328.0,36
u30,BCwave_b15_u30_n6_s0,1.5,6,0,baroclinic_conversion_proxy,100.0,1.0711874528131677e-06,293.0,328.0,36
u30,BCwave_b15_u30_n6_s0,1.5,6,0,baroclinic_conversion_proxy,150.0,6.834153926623306e-06,293.0,328.0,36
u30,BCwave_b15_u30_n6_s0,1.5,6,0,baroclinic_conversion_proxy,200.0,-9.508249089801918e-07,293.0,328.0,36
u30,BCwave_b15_u30_n6_s0,1.5,6,0,baroclinic_conversion_proxy,250.0,-8.173375881091892e-06,293.0,328.0,36
u30,BCwave_b15_u30_n6_s0,1.5,6,0,baroclinic_conversion_proxy,300.0,-8.847008037567624e-06,293.0,328.0,36
u30,BCwave_b15_u30_n6_s0,1.5,6,0,baroclinic_conversion_proxy,400.0,1.275972019559251e-05,293.0,328.0,36
u30,BCwave_b15_u30_n6_s0,1.5,6,0,baroclinic_conversion_proxy,500.0,5.227163920709346e-05,293.0,328.0,36
u30,BCwave_b15_u30_n6_s0,1.5,6,0,baroclinic_conversion_proxy,600.0,8.803748480406486e-05,293.0,328.0,36
u30,BCwave_b15_u30_n6_s0,1.5,6,0,baroclinic_conversion_proxy,700.0,0.00012350890028756112,293.0,328.0,36
u30,BCwave_b15_u30_n6_s0,1.5,6,0,baroclinic_conversion_proxy,850.0,0.0002108035166909556,293.0,328.0,36
u30,BCwave_b15_u30_n6_s0,1.5,6,0,baroclinic_conversion_proxy,925.0,0.00022768931861113137,293.0,328.0,36
u30,BCwave_b15_u30_n6_s0,1.5,6,0,baroclinic_conversion_proxy,975.0,0.00021173200325898101,293.0,328.0,36
u30,BCwave_b15_u30_n6_s0,1.5,6,0,baroclinic_conversion_proxy,1000.0,0.0001785813619790133,293.0,328.0,36
u30,BCwave_b15_u30_n6_s0,1.5,6,0,ep_flux_vertical,10.0,-9.786779522895813,293.0,328.0,36
u30,BCwave_b15_u30_n6_s0,1.5,6,0,ep_flux_vertical,50.0,-964.4551628960503,293.0,328.0,36
u30,BCwave_b15_u30_n6_s0,1.5,6,0,ep_flux_vertical,100.0,12214.667222764758,293.0,328.0,36
u30,BCwave_b15_u30_n6_s0,1.5,6,0,ep_flux_vertical,150.0,206603.95616319444,293.0,328.0,36
u30,BCwave_b15_u30_n6_s0,1.5,6,0,ep_flux_vertical,200.0,-32263.639973958332,293.0,328.0,36
u30,BCwave_b15_u30_n6_s0,1.5,6,0,ep_flux_vertical,250.0,-537273.8107638889,293.0,328.0,36
u30,BCwave_b15_u30_n6_s0,1.5,6,0,ep_flux_vertical,300.0,-1209556.0086805555,293.0,328.0,36
u30,BCwave_b15_u30_n6_s0,1.5,6,0,ep_flux_vertical,400.0,-3017169.684027778,293.0,328.0,36
u30,BCwave_b15_u30_n6_s0,1.5,6,0,ep_flux_vertical,500.0,-5324616.770833333,293.0,328.0,36
u30,BCwave_b15_u30_n6_s0,1.5,6,0,ep_flux_vertical,600.0,-7657098.5,293.0,328.0,36
u30,BCwave_b15_u30_n6_s0,1.5,6,0,ep_flux_vertical,700.0,-10358326.944444444,293.0,328.0,36
u30,BCwave_b15_u30_n6_s0,1.5,6,0,ep_flux_vertical,850.0,-15161662.333333334,293.0,328.0,36
u30,BCwave_b15_u30_n6_s0,1.5,6,0,ep_flux_vertical,925.0,-16368339.138888888,293.0,328.0,36
u30,BCwave_b15_u30_n6_s0,1.5,6,0,ep_flux_vertical,975.0,-17560217.805555556,293.0,328.0,36
u30,BCwave_b15_u30_n6_s0,1.5,6,0,ep_flux_vertical,1000.0,-19711481.055555556,293.0,328.0,36
u30,BCwave_b15_u30_n6_s5,1.5,6,5,eddy_heat_flux_vT,10.0,0.005536275094974849,281.0,339.0,59
u30,BCwave_b15_u30_n6_s5,1.5,6,5,eddy_heat_flux_vT,50.0,0.14521855494733585,281.0,339.0,59
u30,BCwave_b15_u30_n6_s5,1.5,6,5,eddy_heat_flux_vT,100.0,-0.39332020535307416,281.0,339.0,59
u30,BCwave_b15_u30_n6_s5,1.5,6,5,eddy_heat_flux_vT,150.0,-1.6198720285447978,281.0,339.0,59
u30,BCwave_b15_u30_n6_s5,1.5,6,5,eddy_heat_flux_vT,200.0,-0.2871740664971077,281.0,339.0,59
u30,BCwave_b15_u30_n6_s5,1.5,6,5,eddy_heat_flux_vT,250.0,1.722245198185161,281.0,339.0,59
u30,BCwave_b15_u30_n6_s5,1.5,6,5,eddy_heat_flux_vT,300.0,3.903927136275728,281.0,339.0,59
u30,BCwave_b15_u30_n6_s5,1.5,6,5,eddy_heat_flux_vT,400.0,7.671797057329598,281.0,339.0,59
u30,BCwave_b15_u30_n6_s5,1.5,6,5,eddy_heat_flux_vT,500.0,10.459020921739482,281.0,339.0,59
u30,BCwave_b15_u30_n6_s5,1.5,6,5,eddy_heat_flux_vT,600.0,12.268705190238306,281.0,339.0,59
u30,BCwave_b15_u30_n6_s5,1.5,6,5,eddy_heat_flux_vT,700.0,15.571052551269531,281.0,339.0,59
u30,BCwave_b15_u30_n6_s5,1.5,6,5,eddy_heat_flux_vT,850.0,24.140846446409064,281.0,339.0,59
u30,BCwave_b15_u30_n6_s5,1.5,6,5,eddy_heat_flux_vT,925.0,27.84358577404992,281.0,339.0,59
u30,BCwave_b15_u30_n6_s5,1.5,6,5,eddy_heat_flux_vT,975.0,27.589631872662043,281.0,339.0,59
u30,BCwave_b15_u30_n6_s5,1.5,6,5,eddy_heat_flux_vT,1000.0,25.90699810092732,281.0,339.0,59
u30,BCwave_b15_u30_n6_s5,1.5,6,5,baroclinic_conversion_proxy,10.0,3.460386877784226e-11,281.0,339.0,59
u30,BCwave_b15_u30_n6_s5,1.5,6,5,baroclinic_conversion_proxy,50.0,-2.2846661505774923e-07,281.0,339.0,59
u30,BCwave_b15_u30_n6_s5,1.5,6,5,baroclinic_conversion_proxy,100.0,2.016942476537656e-06,281.0,339.0,59
u30,BCwave_b15_u30_n6_s5,1.5,6,5,baroclinic_conversion_proxy,150.0,8.967500295928064e-06,281.0,339.0,59
u30,BCwave_b15_u30_n6_s5,1.5,6,5,baroclinic_conversion_proxy,200.0,1.550117382852847e-06,281.0,339.0,59
u30,BCwave_b15_u30_n6_s5,1.5,6,5,baroclinic_conversion_proxy,250.0,-7.556649052276043e-06,281.0,339.0,59
u30,BCwave_b15_u30_n6_s5,1.5,6,5,baroclinic_conversion_proxy,300.0,-9.648811455763743e-06,281.0,339.0,59
u30,BCwave_b15_u30_n6_s5,1.5,6,5,baroclinic_conversion_proxy,400.0,1.348991434312311e-05,281.0,339.0,59
u30,BCwave_b15_u30_n6_s5,1.5,6,5,baroclinic_conversion_proxy,500.0,5.309573618618187e-05,281.0,339.0,59
u30,BCwave_b15_u30_n6_s5,1.5,6,5,baroclinic_conversion_proxy,600.0,8.554190275914398e-05,281.0,339.0,59
u30,BCwave_b15_u30_n6_s5,1.5,6,5,baroclinic_conversion_proxy,700.0,0.00012460971654144163,281.0,339.0,59
u30,BCwave_b15_u30_n6_s5,1.5,6,5,baroclinic_conversion_proxy,850.0,0.0002166217506736896,281.0,339.0,59
u30,BCwave_b15_u30_n6_s5,1.5,6,5,baroclinic_conversion_proxy,925.0,0.00024591444895831645,281.0,339.0,59
u30,BCwave_b15_u30_n6_s5,1.5,6,5,baroclinic_conversion_proxy,975.0,0.00022938611973432225,281.0,339.0,59
u30,BCwave_b15_u30_n6_s5,1.5,6,5,baroclinic_conversion_proxy,1000.0,0.00019163607424361852,281.0,339.0,59
u30,BCwave_b15_u30_n6_s5,1.5,6,5,ep_flux_vertical,10.0,-57.544966746184784,281.0,339.0,59
u30,BCwave_b15_u30_n6_s5,1.5,6,5,ep_flux_vertical,50.0,-1997.985238802635,281.0,339.0,59
u30,BCwave_b15_u30_n6_s5,1.5,6,5,ep_flux_vertical,100.0,23853.5163532839,281.0,339.0,59
u30,BCwave_b15_u30_n6_s5,1.5,6,5,ep_flux_vertical,150.0,268375.45789194916,281.0,339.0,59
u30,BCwave_b15_u30_n6_s5,1.5,6,5,ep_flux_vertical,200.0,59886.34161480403,281.0,339.0,59
u30,BCwave_b15_u30_n6_s5,1.5,6,5,ep_flux_vertical,250.0,-504157.30243644066,281.0,339.0,59
u30,BCwave_b15_u30_n6_s5,1.5,6,5,ep_flux_vertical,300.0,-1293122.8485169492,281.0,339.0,59
u30,BCwave_b15_u30_n6_s5,1.5,6,5,ep_flux_vertical,400.0,-3268443.9830508474,281.0,339.0,59
u30,BCwave_b15_u30_n6_s5,1.5,6,5,ep_flux_vertical,500.0,-5561531.644067797,281.0,339.0,59
u30,BCwave_b15_u30_n6_s5,1.5,6,5,ep_flux_vertical,600.0,-7685955.77118644,281.0,339.0,59
u30,BCwave_b15_u30_n6_s5,1.5,6,5,ep_flux_vertical,700.0,-10121502.288135594,281.0,339.0,59
u30,BCwave_b15_u30_n6_s5,1.5,6,5,ep_flux_vertical,850.0,-13167333.79661017,281.0,339.0,59
u30,BCwave_b15_u30_n6_s5,1.5,6,5,ep_flux_vertical,925.0,-13393494.322033899,281.0,339.0,59
u30,BCwave_b15_u30_n6_s5,1.5,6,5,ep_flux_vertical,975.0,-13460578.322033899,281.0,339.0,59
u30,BCwave_b15_u30_n6_s5,1.5,6,5,ep_flux_vertical,1000.0,-15018706.762711864,281.0,339.0,59
u30,BCwave_b15_u30_n6_s10,1.5,6,10,eddy_heat_flux_vT,10.0,0.01100572925578389,266.0,337.0,72
u30,BCwave_b15_u30_n6_s10,1.5,6,10,eddy_heat_flux_vT,50.0,0.1958086452860799,266.0,337.0,72
u30,BCwave_b15_u30_n6_s10,1.5,6,10,eddy_heat_flux_vT,100.0,-0.629941810750299,266.0,337.0,72
u30,BCwave_b15_u30_n6_s10,1.5,6,10,eddy_heat_flux_vT,150.0,-2.0404720422294407,266.0,337.0,72
u30,BCwave_b15_u30_n6_s10,1.5,6,10,eddy_heat_flux_vT,200.0,-1.066654470231798,266.0,337.0,72
u30,BCwave_b15_u30_n6_s10,1.5,6,10,eddy_heat_flux_vT,250.0,0.2801489020801253,266.0,337.0,72
u30,BCwave_b15_u30_n6_s10,1.5,6,10,eddy_heat_flux_vT,300.0,2.057987569934792,266.0,337.0,72
u30,BCwave_b15_u30_n6_s10,1.5,6,10,eddy_heat_flux_vT,400.0,5.6229600376553,266.0,337.0,72
u30,BCwave_b15_u30_n6_s10,1.5,6,10,eddy_heat_flux_vT,500.0,8.085696895917257,266.0,337.0,72
u30,BCwave_b15_u30_n6_s10,1.5,6,10,eddy_heat_flux_vT,600.0,9.74884354405933,266.0,337.0,72
u30,BCwave_b15_u30_n6_s10,1.5,6,10,eddy_heat_flux_vT,700.0,12.57626540131039,266.0,337.0,72
u30,BCwave_b15_u30_n6_s10,1.5,6,10,eddy_heat_flux_vT,850.0,20.224973175260757,266.0,337.0,72
u30,BCwave_b15_u30_n6_s10,1.5,6,10,eddy_heat_flux_vT,925.0,22.460973103841145,266.0,337.0,72
u30,BCwave_b15_u30_n6_s10,1.5,6,10,eddy_heat_flux_vT,975.0,21.918683793809677,266.0,337.0,72
u30,BCwave_b15_u30_n6_s10,1.5,6,10,eddy_heat_flux_vT,1000.0,21.065880669487846,266.0,337.0,72
u30,BCwave_b15_u30_n6_s10,1.5,6,10,baroclinic_conversion_proxy,10.0,5.4360613510877776e-11,266.0,337.0,72
u30,BCwave_b15_u30_n6_s10,1.5,6,10,baroclinic_conversion_proxy,50.0,-2.9200755500033733e-07,266.0,337.0,72
u30,BCwave_b15_u30_n6_s10,1.5,6,10,baroclinic_conversion_proxy,100.0,3.866155054765841e-06,266.0,337.0,72
u30,BCwave_b15_u30_n6_s10,1.5,6,10,baroclinic_conversion_proxy,150.0,1.3254083581968087e-05,266.0,337.0,72
u30,BCwave_b15_u30_n6_s10,1.5,6,10,baroclinic_conversion_proxy,200.0,7.157858909244573e-06,266.0,337.0,72
u30,BCwave_b15_u30_n6_s10,1.5,6,10,baroclinic_conversion_proxy,250.0,-3.490529080589037e-07,266.0,337.0,72
u30,BCwave_b15_u30_n6_s10,1.5,6,10,baroclinic_conversion_proxy,300.0,-4.410892972749201e-06,266.0,337.0,72
u30,BCwave_b15_u30_n6_s10,1.5,6,10,baroclinic_conversion_proxy,400.0,1.128793806199408e-05,266.0,337.0,72
u30,BCwave_b15_u30_n6_s10,1.5,6,10,baroclinic_conversion_proxy,500.0,4.394266392814138e-05,266.0,337.0,72
u30,BCwave_b15_u30_n6_s10,1.5,6,10,baroclinic_conversion_proxy,600.0,7.150729157324854e-05,266.0,337.0,72
u30,BCwave_b15_u30_n6_s10,1.5,6,10,baroclinic_conversion_proxy,700.0,0.00010674348636206964,266.0,337.0,72
u30,BCwave_b15_u30_n6_s10,1.5,6,10,baroclinic_conversion_proxy,850.0,0.00019925861589500628,266.0,337.0,72
u30,BCwave_b15_u30_n6_s10,1.5,6,10,baroclinic_conversion_proxy,925.0,0.0002292035387654323,266.0,337.0,72
u30,BCwave_b15_u30_n6_s10,1.5,6,10,baroclinic_conversion_proxy,975.0,0.00022546816641503634,266.0,337.0,72
u30,BCwave_b15_u30_n6_s10,1.5,6,10,baroclinic_conversion_proxy,1000.0,0.00020623402795333986,266.0,337.0,72
u30,BCwave_b15_u30_n6_s10,1.5,6,10,ep_flux_vertical,10.0,-113.12435388565063,266.0,337.0,72
u30,BCwave_b15_u30_n6_s10,1.5,6,10,ep_flux_vertical,50.0,-2620.031408098009,266.0,337.0,72
u30,BCwave_b15_u30_n6_s10,1.5,6,10,ep_flux_vertical,100.0,36383.893744574656,266.0,337.0,72
u30,BCwave_b15_u30_n6_s10,1.5,6,10,ep_flux_vertical,150.0,316630.8302951389,266.0,337.0,72
u30,BCwave_b15_u30_n6_s10,1.5,6,10,ep_flux_vertical,200.0,223959.98741319444,266.0,337.0,72
u30,BCwave_b15_u30_n6_s10,1.5,6,10,ep_flux_vertical,250.0,-89662.71044243706,266.0,337.0,72
u30,BCwave_b15_u30_n6_s10,1.5,6,10,ep_flux_vertical,300.0,-631014.3967013889,266.0,337.0,72
u30,BCwave_b15_u30_n6_s10,1.5,6,10,ep_flux_vertical,400.0,-2178864.5069444445,266.0,337.0,72
u30,BCwave_b15_u30_n6_s10,1.5,6,10,ep_flux_vertical,500.0,-3988775.371527778,266.0,337.0,72
u30,BCwave_b15_u30_n6_s10,1.5,6,10,ep_flux_vertical,600.0,-5821049.756944444,266.0,337.0,72
u30,BCwave_b15_u30_n6_s10,1.5,6,10,ep_flux_vertical,700.0,-7684974.069444444,266.0,337.0,72
u30,BCwave_b15_u30_n6_s10,1.5,6,10,ep_flux_vertical,850.0,-9995936.055555556,266.0,337.0,72
u30,BCwave_b15_u30_n6_s10,1.5,6,10,ep_flux_vertical,925.0,-9848131.666666666,266.0,337.0,72
u30,BCwave_b15_u30_n6_s10,1.5,6,10,ep_flux_vertical,975.0,-9407777.576388888,266.0,337.0,72
u30,BCwave_b15_u30_n6_s10,1.5,6,10,ep_flux_vertical,1000.0,-10053793.652777778,266.0,337.0,72
u30,BCwave_b2_u30_n1_s-10,2.0,1,-10,eddy_heat_flux_vT,10.0,0.0008260583679657429,314.0,343.0,30
u30,BCwave_b2_u30_n1_s-10,2.0,1,-10,eddy_heat_flux_vT,50.0,0.2559417515993118,314.0,343.0,30
u30,BCwave_b2_u30_n1_s-10,2.0,1,-10,eddy_heat_flux_vT,100.0,0.3457964469989141,314.0,343.0,30
u30,BCwave_b2_u30_n1_s-10,2.0,1,-10,eddy_heat_flux_vT,150.0,0.34515333076318105,314.0,343.0,30
u30,BCwave_b2_u30_n1_s-10,2.0,1,-10,eddy_heat_flux_vT,200.0,0.6822158475716908,314.0,343.0,30
u30,BCwave_b2_u30_n1_s-10,2.0,1,-10,eddy_heat_flux_vT,250.0,1.157636821269989,314.0,343.0,30
u30,BCwave_b2_u30_n1_s-10,2.0,1,-10,eddy_heat_flux_vT,300.0,1.6834384282430013,314.0,343.0,30
u30,BCwave_b2_u30_n1_s-10,2.0,1,-10,eddy_heat_flux_vT,400.0,2.787884489695231,314.0,343.0,30
u30,BCwave_b2_u30_n1_s-10,2.0,1,-10,eddy_heat_flux_vT,500.0,4.053373193740844,314.0,343.0,30
u30,BCwave_b2_u30_n1_s-10,2.0,1,-10,eddy_heat_flux_vT,600.0,5.401216379801432,314.0,343.0,30
u30,BCwave_b2_u30_n1_s-10,2.0,1,-10,eddy_heat_flux_vT,700.0,7.363511244455974,314.0,343.0,30
u30,BCwave_b2_u30_n1_s-10,2.0,1,-10,eddy_heat_flux_vT,850.0,13.21642853418986,314.0,343.0,30
u30,BCwave_b2_u30_n1_s-10,2.0,1,-10,eddy_heat_flux_vT,925.0,16.72398999532064,314.0,343.0,30
u30,BCwave_b2_u30_n1_s-10,2.0,1,-10,eddy_heat_flux_vT,975.0,18.384854952494305,314.0,343.0,30
u30,BCwave_b2_u30_n1_s-10,2.0,1,-10,eddy_heat_flux_vT,1000.0,18.34619820912679,314.0,343.0,30
u30,BCwave_b2_u30_n1_s-10,2.0,1,-10,baroclinic_conversion_proxy,10.0,-4.0459136226485744e-10,314.0,343.0,30
u30,BCwave_b2_u30_n1_s-10,2.0,1,-10,baroclinic_conversion_proxy,50.0,-9.769513250527476e-07,314.0,343.0,30
u30,BCwave_b2_u30_n1_s-10,2.0,1,-10,baroclinic_conversion_proxy,100.0,-1.5610207772927728e-06,314.0,343.0,30
u30,BCwave_b2_u30_n1_s-10,2.0,1,-10,baroclinic_conversion_proxy,150.0,-1.2881485266310241e-06,314.0,343.0,30
u30,BCwave_b2_u30_n1_s-10,2.0,1,-10,baroclinic_conversion_proxy,200.0,-1.3122098039275443e-06,314.0,343.0,30
u30,BCwave_b2_u30_n1_s-10,2.0,1,-10,baroclinic_conversion_proxy,250.0,6.100133026857671e-08,314.0,343.0,30
u30,BCwave_b2_u30_n1_s-10,2.0,1,-10,baroclinic_conversion_proxy,300.0,3.1864577749729506e-06,314.0,343.0,30
u30,BCwave_b2_u30_n1_s-10,2.0,1,-10,baroclinic_conversion_proxy,400.0,1.3493099898672274e-05,314.0,343.0,30
u30,BCwave_b2_u30_n1_s-10,2.0,1,-10,baroclinic_conversion_proxy,500.0,2.7475716342451052e-05,314.0,343.0,30
u30,BCwave_b2_u30_n1_s-10,2.0,1,-10,baroclinic_conversion_proxy,600.0,4.186130681773648e-05,314.0,343.0,30
u30,BCwave_b2_u30_n1_s-10,2.0,1,-10,baroclinic_conversion_proxy,700.0,5.9498717382666656e-05,314.0,343.0,30
u30,BCwave_b2_u30_n1_s-10,2.0,1,-10,baroclinic_conversion_proxy,850.0,0.00010533514990432499,314.0,343.0,30
u30,BCwave_b2_u30_n1_s-10,2.0,1,-10,baroclinic_conversion_proxy,925.0,0.00012726669932211127,314.0,343.0,30
u30,BCwave_b2_u30_n1_s-10,2.0,1,-10,baroclinic_conversion_proxy,975.0,0.00013539212013711222,314.0,343.0,30
u30,BCwave_b2_u30_n1_s-10,2.0,1,-10,baroclinic_conversion_proxy,1000.0,0.00012848307548362451,314.0,343.0,30
u30,BCwave_b2_u30_n1_s-10,2.0,1,-10,ep_flux_vertical,10.0,-8.816198857625325,314.0,343.0,30
u30,BCwave_b2_u30_n1_s-10,2.0,1,-10,ep_flux_vertical,50.0,-3468.8675048828127,314.0,343.0,30
u30,BCwave_b2_u30_n1_s-10,2.0,1,-10,ep_flux_vertical,100.0,-19298.535904947916,314.0,343.0,30
u30,BCwave_b2_u30_n1_s-10,2.0,1,-10,ep_flux_vertical,150.0,-53841.03658854167,314.0,343.0,30
u30,BCwave_b2_u30_n1_s-10,2.0,1,-10,ep_flux_vertical,200.0,-160115.68046875,314.0,343.0,30
u30,BCwave_b2_u30_n1_s-10,2.0,1,-10,ep_flux_vertical,250.0,-325008.13958333334,314.0,343.0,30
u30,BCwave_b2_u30_n1_s-10,2.0,1,-10,ep_flux_vertical,300.0,-549655.9958333333,314.0,343.0,30
u30,BCwave_b2_u30_n1_s-10,2.0,1,-10,ep_flux_vertical,400.0,-1181399.6458333333,314.0,343.0,30
u30,BCwave_b2_u30_n1_s-10,2.0,1,-10,ep_flux_vertical,500.0,-2179933.595833333,314.0,343.0,30
u30,BCwave_b2_u30_n1_s-10,2.0,1,-10,ep_flux_vertical,600.0,-3542216.175,314.0,343.0,30
u30,BCwave_b2_u30_n1_s-10,2.0,1,-10,ep_flux_vertical,700.0,-5399721.483333333,314.0,343.0,30
u30,BCwave_b2_u30_n1_s-10,2.0,1,-10,ep_flux_vertical,850.0,-9458207.1,314.0,343.0,30
u30,BCwave_b2_u30_n1_s-10,2.0,1,-10,ep_flux_vertical,925.0,-11352772.333333334,314.0,343.0,30
u30,BCwave_b2_u30_n1_s-10,2.0,1,-10,ep_flux_vertical,975.0,-12616376.966666667,314.0,343.0,30
u30,BCwave_b2_u30_n1_s-10,2.0,1,-10,ep_flux_vertical,1000.0,-13088873.766666668,314.0,343.0,30
u30,BCwave_b2_u30_n1_s-5,2.0,1,-5,eddy_heat_flux_vT,10.0,0.002537099026085343,308.0,339.0,32
u30,BCwave_b2_u30_n1_s-5,2.0,1,-5,eddy_heat_flux_vT,50.0,0.4634982720017433,308.0,339.0,32
u30,BCwave_b2_u30_n1_s-5,2.0,1,-5,eddy_heat_flux_vT,100.0,0.5740184262394905,308.0,339.0,32
u30,BCwave_b2_u30_n1_s-5,2.0,1,-5,eddy_heat_flux_vT,150.0,0.7387230303138494,308.0,339.0,32
u30,BCwave_b2_u30_n1_s-5,2.0,1,-5,eddy_heat_flux_vT,200.0,1.730098970234394,308.0,339.0,32
u30,BCwave_b2_u30_n1_s-5,2.0,1,-5,eddy_heat_flux_vT,250.0,2.9530771747231483,308.0,339.0,32
u30,BCwave_b2_u30_n1_s-5,2.0,1,-5,eddy_heat_flux_vT,300.0,4.079798385500908,308.0,339.0,32
u30,BCwave_b2_u30_n1_s-5,2.0,1,-5,eddy_heat_flux_vT,400.0,6.003547176718712,308.0,339.0,32
u30,BCwave_b2_u30_n1_s-5,2.0,1,-5,eddy_heat_flux_vT,500.0,8.095074966549873,308.0,339.0,32
u30,BCwave_b2_u30_n1_s-5,2.0,1,-5,eddy_heat_flux_vT,600.0,10.509941577911377,308.0,339.0,32
u30,BCwave_b2_u30_n1_s-5,2.0,1,-5,eddy_heat_flux_vT,700.0,14.325067341327667,308.0,339.0,32
u30,BCwave_b2_u30_n1_s-5,2.0,1,-5,eddy_heat_flux_vT,850.0,24.061848878860474,308.0,339.0,32
u30,BCwave_b2_u30_n1_s-5,2.0,1,-5,eddy_heat_flux_vT,925.0,27.33218950033188,308.0,339.0,32
u30,BCwave_b2_u30_n1_s-5,2.0,1,-5,eddy_heat_flux_vT,975.0,27.730502545833588,308.0,339.0,32
u30,BCwave_b2_u30_n1_s-5,2.0,1,-5,eddy_heat_flux_vT,1000.0,27.798888564109802,308.0,339.0,32
u30,BCwave_b2_u30_n1_s-5,2.0,1,-5,baroclinic_conversion_proxy,10.0,-1.2822755739161362e-09,308.0,339.0,32
u30,BCwave_b2_u30_n1_s-5,2.0,1,-5,baroclinic_conversion_proxy,50.0,-1.885109440991073e-06,308.0,339.0,32
u30,BCwave_b2_u30_n1_s-5,2.0,1,-5,baroclinic_conversion_proxy,100.0,-2.7712159749171406e-06,308.0,339.0,32
u30,BCwave_b2_u30_n1_s-5,2.0,1,-5,baroclinic_conversion_proxy,150.0,-3.0130872374911633e-06,308.0,339.0,32
u30,BCwave_b2_u30_n1_s-5,2.0,1,-5,baroclinic_conversion_proxy,200.0,-3.652018541799862e-06,308.0,339.0,32
u30,BCwave_b2_u30_n1_s-5,2.0,1,-5,baroclinic_conversion_proxy,250.0,8.771445021357738e-08,308.0,339.0,32
u30,BCwave_b2_u30_n1_s-5,2.0,1,-5,baroclinic_conversion_proxy,300.0,8.19390473338899e-06,308.0,339.0,32
u30,BCwave_b2_u30_n1_s-5,2.0,1,-5,baroclinic_conversion_proxy,400.0,3.097406562346805e-05,308.0,339.0,32
u30,BCwave_b2_u30_n1_s-5,2.0,1,-5,baroclinic_conversion_proxy,500.0,5.819108150717511e-05,308.0,339.0,32
u30,BCwave_b2_u30_n1_s-5,2.0,1,-5,baroclinic_conversion_proxy,600.0,8.644640274724225e-05,308.0,339.0,32
u30,BCwave_b2_u30_n1_s-5,2.0,1,-5,baroclinic_conversion_proxy,700.0,0.00012384259252939955,308.0,339.0,32
u30,BCwave_b2_u30_n1_s-5,2.0,1,-5,baroclinic_conversion_proxy,850.0,0.00021107916336404742,308.0,339.0,32
u30,BCwave_b2_u30_n1_s-5,2.0,1,-5,baroclinic_conversion_proxy,925.0,0.00023023463290883228,308.0,339.0,32
u30,BCwave_b2_u30_n1_s-5,2.0,1,-5,baroclinic_conversion_proxy,975.0,0.00022774911712986068,308.0,339.0,32
u30,BCwave_b2_u30_n1_s-5,2.0,1,-5,baroclinic_conversion_proxy,1000.0,0.0002192090282733261,308.0,339.0,32
u30,BCwave_b2_u30_n1_s-5,2.0,1,-5,ep_flux_vertical,10.0,-26.783572018146515,308.0,339.0,32
u30,BCwave_b2_u30_n1_s-5,2.0,1,-5,ep_flux_vertical,50.0,-6425.797378540039,308.0,339.0,32
u30,BCwave_b2_u30_n1_s-5,2.0,1,-5,ep_flux_vertical,100.0,-32732.06707763672,308.0,339.0,32
u30,BCwave_b2_u30_n1_s-5,2.0,1,-5,ep_flux_vertical,150.0,-110632.275390625,308.0,339.0,32
u30,BCwave_b2_u30_n1_s-5,2.0,1,-5,ep_flux_vertical,200.0,-378774.8876953125,308.0,339.0,32
u30,BCwave_b2_u30_n1_s-5,2.0,1,-5,ep_flux_vertical,250.0,-775297.0625,308.0,339.0,32
u30,BCwave_b2_u30_n1_s-5,2.0,1,-5,ep_flux_vertical,300.0,-1258567.771484375,308.0,339.0,32
u30,BCwave_b2_u30_n1_s-5,2.0,1,-5,ep_flux_vertical,400.0,-2463997.06640625,308.0,339.0,32
u30,BCwave_b2_u30_n1_s-5,2.0,1,-5,ep_flux_vertical,500.0,-4298007.0625,308.0,339.0,32
u30,BCwave_b2_u30_n1_s-5,2.0,1,-5,ep_flux_vertical,600.0,-6807626.71875,308.0,339.0,32
u30,BCwave_b2_u30_n1_s-5,2.0,1,-5,ep_flux_vertical,700.0,-10147946.5625,308.0,339.0,32
u30,BCwave_b2_u30_n1_s-5,2.0,1,-5,ep_flux_vertical,850.0,-15501079.78125,308.0,339.0,32
u30,BCwave_b2_u30_n1_s-5,2.0,1,-5,ep_flux_vertical,925.0,-16393950.65625,308.0,339.0,32
u30,BCwave_b2_u30_n1_s-5,2.0,1,-5,ep_flux_vertical,975.0,-16974622.75,308.0,339.0,32
u30,BCwave_b2_u30_n1_s-5,2.0,1,-5,ep_flux_vertical,1000.0,-17994874.25,308.0,339.0,32
u30,BCwave_b2_u30_n1_s0,2.0,1,0,eddy_heat_flux_vT,10.0,0.0038528564130707135,286.0,316.0,31
u30,BCwave_b2_u30_n1_s0,2.0,1,0,eddy_heat_flux_vT,50.0,0.33833409941965537,286.0,316.0,31
u30,BCwave_b2_u30_n1_s0,2.0,1,0,eddy_heat_flux_vT,100.0,0.4431916215727406,286.0,316.0,31
u30,BCwave_b2_u30_n1_s0,2.0,1,0,eddy_heat_flux_vT,150.0,0.8880631885220928,286.0,316.0,31
u30,BCwave_b2_u30_n1_s0,2.0,1,0,eddy_heat_flux_vT,200.0,2.462293040367865,286.0,316.0,31
u30,BCwave_b2_u30_n1_s0,2.0,1,0,eddy_heat_flux_vT,250.0,4.264098305856028,286.0,316.0,31
u30,BCwave_b2_u30_n1_s0,2.0,1,0,eddy_heat_flux_vT,300.0,5.838428835715017,286.0,316.0,31
u30,BCwave_b2_u30_n1_s0,2.0,1,0,eddy_heat_flux_vT,400.0,8.693234705155895,286.0,316.0,31
u30,BCwave_b2_u30_n1_s0,2.0,1,0,eddy_heat_flux_vT,500.0,11.311653383316532,286.0,316.0,31
u30,BCwave_b2_u30_n1_s0,2.0,1,0,eddy_heat_flux_vT,600.0,13.96989268641318,286.0,316.0,31
u30,BCwave_b2_u30_n1_s0,2.0,1,0,eddy_heat_flux_vT,700.0,18.540011006016886,286.0,316.0,31
u30,BCwave_b2_u30_n1_s0,2.0,1,0,eddy_heat_flux_vT,850.0,29.57756325506395,286.0,316.0,31
u30,BCwave_b2_u30_n1_s0,2.0,1,0,eddy_heat_flux_vT,925.0,31.330362504528416,286.0,316.0,31
u30,BCwave_b2_u30_n1_s0,2.0,1,0,eddy_heat_flux_vT,975.0,31.570918483118856,286.0,316.0,31
u30,BCwave_b2_u30_n1_s0,2.0,1,0,eddy_heat_flux_vT,1000.0,32.43133181910361,286.0,316.0,31
u30,BCwave_b2_u30_n1_s0,2.0,1,0,baroclinic_conversion_proxy,10.0,-2.1553327474032082e-09,286.0,316.0,31
u30,BCwave_b2_u30_n1_s0,2.0,1,0,baroclinic_conversion_proxy,50.0,-1.4621808355924815e-06,286.0,316.0,31
u30,BCwave_b2_u30_n1_s0,2.0,1,0,baroclinic_conversion_proxy,100.0,-2.324263541888814e-06,286.0,316.0,31
u30,BCwave_b2_u30_n1_s0,2.0,1,0,baroclinic_conversion_proxy,150.0,-3.992898310541697e-06,286.0,316.0,31
u30,BCwave_b2_u30_n1_s0,2.0,1,0,baroclinic_conversion_proxy,200.0,-5.5782672256276375e-06,286.0,316.0,31
u30,BCwave_b2_u30_n1_s0,2.0,1,0,baroclinic_conversion_proxy,250.0,3.5965356823174757e-07,286.0,316.0,31
u30,BCwave_b2_u30_n1_s0,2.0,1,0,baroclinic_conversion_proxy,300.0,1.307544150017014e-05,286.0,316.0,31
u30,BCwave_b2_u30_n1_s0,2.0,1,0,baroclinic_conversion_proxy,400.0,4.91902589396153e-05,286.0,316.0,31
u30,BCwave_b2_u30_n1_s0,2.0,1,0,baroclinic_conversion_proxy,500.0,8.84964277746246e-05,286.0,316.0,31
u30,BCwave_b2_u30_n1_s0,2.0,1,0,baroclinic_conversion_proxy,600.0,0.00012514664511752103,286.0,316.0,31
u30,BCwave_b2_u30_n1_s0,2.0,1,0,baroclinic_conversion_proxy,700.0,0.0001769120567440686,286.0,316.0,31
u30,BCwave_b2_u30_n1_s0,2.0,1,0,baroclinic_conversion_proxy,850.0,0.0002900532816701959,286.0,316.0,31
u30,BCwave_b2_u30_n1_s0,2.0,1,0,baroclinic_conversion_proxy,925.0,0.00029760772444968744,286.0,316.0,31
u30,BCwave_b2_u30_n1_s0,2.0,1,0,baroclinic_conversion_proxy,975.0,0.00029398856643256884,286.0,316.0,31
u30,BCwave_b2_u30_n1_s0,2.0,1,0,baroclinic_conversion_proxy,1000.0,0.00029458575825687616,286.0,316.0,31
u30,BCwave_b2_u30_n1_s0,2.0,1,0,ep_flux_vertical,10.0,-40.92953429683562,286.0,316.0,31
u30,BCwave_b2_u30_n1_s0,2.0,1,0,ep_flux_vertical,50.0,-4767.120361328125,286.0,316.0,31
u30,BCwave_b2_u30_n1_s0,2.0,1,0,ep_flux_vertical,100.0,-25531.629599294356,286.0,316.0,31
u30,BCwave_b2_u30_n1_s0,2.0,1,0,ep_flux_vertical,150.0,-122033.18019153226,286.0,316.0,31
u30,BCwave_b2_u30_n1_s0,2.0,1,0,ep_flux_vertical,200.0,-484643.7217741936,286.0,316.0,31
u30,BCwave_b2_u30_n1_s0,2.0,1,0,ep_flux_vertical,250.0,-1008443.5483870967,286.0,316.0,31
u30,BCwave_b2_u30_n1_s0,2.0,1,0,ep_flux_vertical,300.0,-1635830.9798387096,286.0,316.0,31
u30,BCwave_b2_u30_n1_s0,2.0,1,0,ep_flux_vertical,400.0,-3333217.459677419,286.0,316.0,31
u30,BCwave_b2_u30_n1_s0,2.0,1,0,ep_flux_vertical,500.0,-5776753.870967742,286.0,316.0,31
u30,BCwave_b2_u30_n1_s0,2.0,1,0,ep_flux_vertical,600.0,-8790824.483870968,286.0,316.0,31
u30,BCwave_b2_u30_n1_s0,2.0,1,0,ep_flux_vertical,700.0,-12616469.258064516,286.0,316.0,31
u30,BCwave_b2_u30_n1_s0,2.0,1,0,ep_flux_vertical,850.0,-18440261.032258064,286.0,316.0,31
u30,BCwave_b2_u30_n1_s0,2.0,1,0,ep_flux_vertical,925.0,-18795359.096774194,286.0,316.0,31
u30,BCwave_b2_u30_n1_s0,2.0,1,0,ep_flux_vertical,975.0,-19482438.419354837,286.0,316.0,31
u30,BCwave_b2_u30_n1_s0,2.0,1,0,ep_flux_vertical,1000.0,-20757509.258064516,286.0,316.0,31
u30,BCwave_b2_u30_n1_s5,2.0,1,5,eddy_heat_flux_vT,10.0,0.007169339327245123,262.0,297.0,36
u30,BCwave_b2_u30_n1_s5,2.0,1,5,eddy_heat_flux_vT,50.0,0.18562819912201828,262.0,297.0,36
u30,BCwave_b2_u30_n1_s5,2.0,1,5,eddy_heat_flux_vT,100.0,0.19983492087986734,262.0,297.0,36
u30,BCwave_b2_u30_n1_s5,2.0,1,5,eddy_heat_flux_vT,150.0,0.6662756701310476,262.0,297.0,36
u30,BCwave_b2_u30_n1_s5,2.0,1,5,eddy_heat_flux_vT,200.0,2.2213764588038125,262.0,297.0,36
u30,BCwave_b2_u30_n1_s5,2.0,1,5,eddy_heat_flux_vT,250.0,4.139164090156555,262.0,297.0,36
u30,BCwave_b2_u30_n1_s5,2.0,1,5,eddy_heat_flux_vT,300.0,6.004322687784831,262.0,297.0,36
u30,BCwave_b2_u30_n1_s5,2.0,1,5,eddy_heat_flux_vT,400.0,9.161041736602783,262.0,297.0,36
u30,BCwave_b2_u30_n1_s5,2.0,1,5,eddy_heat_flux_vT,500.0,11.163601477940878,262.0,297.0,36
u30,BCwave_b2_u30_n1_s5,2.0,1,5,eddy_heat_flux_vT,600.0,13.736304918924967,262.0,297.0,36
u30,BCwave_b2_u30_n1_s5,2.0,1,5,eddy_heat_flux_vT,700.0,18.912023040983414,262.0,297.0,36
u30,BCwave_b2_u30_n1_s5,2.0,1,5,eddy_heat_flux_vT,850.0,29.90196355183919,262.0,297.0,36
u30,BCwave_b2_u30_n1_s5,2.0,1,5,eddy_heat_flux_vT,925.0,31.509030712975395,262.0,297.0,36
u30,BCwave_b2_u30_n1_s5,2.0,1,5,eddy_heat_flux_vT,975.0,33.0342132780287,262.0,297.0,36
u30,BCwave_b2_u30_n1_s5,2.0,1,5,eddy_heat_flux_vT,1000.0,35.58294937345717,262.0,297.0,36
u30,BCwave_b2_u30_n1_s5,2.0,1,5,baroclinic_conversion_proxy,10.0,-4.432006662903455e-09,262.0,297.0,36
u30,BCwave_b2_u30_n1_s5,2.0,1,5,baroclinic_conversion_proxy,50.0,-8.315929815378493e-07,262.0,297.0,36
u30,BCwave_b2_u30_n1_s5,2.0,1,5,baroclinic_conversion_proxy,100.0,-1.0569342252766646e-06,262.0,297.0,36
u30,BCwave_b2_u30_n1_s5,2.0,1,5,baroclinic_conversion_proxy,150.0,-3.22694588324642e-06,262.0,297.0,36
u30,BCwave_b2_u30_n1_s5,2.0,1,5,baroclinic_conversion_proxy,200.0,-5.2797833265887875e-06,262.0,297.0,36
u30,BCwave_b2_u30_n1_s5,2.0,1,5,baroclinic_conversion_proxy,250.0,9.77297419682246e-07,262.0,297.0,36
u30,BCwave_b2_u30_n1_s5,2.0,1,5,baroclinic_conversion_proxy,300.0,1.5803763062649523e-05,262.0,297.0,36
u30,BCwave_b2_u30_n1_s5,2.0,1,5,baroclinic_conversion_proxy,400.0,5.840705974454371e-05,262.0,297.0,36
u30,BCwave_b2_u30_n1_s5,2.0,1,5,baroclinic_conversion_proxy,500.0,9.642199084838567e-05,262.0,297.0,36
u30,BCwave_b2_u30_n1_s5,2.0,1,5,baroclinic_conversion_proxy,600.0,0.00013415583392391758,262.0,297.0,36
u30,BCwave_b2_u30_n1_s5,2.0,1,5,baroclinic_conversion_proxy,700.0,0.00019680280133292804,262.0,297.0,36
u30,BCwave_b2_u30_n1_s5,2.0,1,5,baroclinic_conversion_proxy,850.0,0.0003220353747666296,262.0,297.0,36
u30,BCwave_b2_u30_n1_s5,2.0,1,5,baroclinic_conversion_proxy,925.0,0.0003338928476700352,262.0,297.0,36
u30,BCwave_b2_u30_n1_s5,2.0,1,5,baroclinic_conversion_proxy,975.0,0.00034665864222915843,262.0,297.0,36
u30,BCwave_b2_u30_n1_s5,2.0,1,5,baroclinic_conversion_proxy,1000.0,0.0003686627929305865,262.0,297.0,36
u30,BCwave_b2_u30_n1_s5,2.0,1,5,ep_flux_vertical,10.0,-74.29395442538791,262.0,297.0,36
u30,BCwave_b2_u30_n1_s5,2.0,1,5,ep_flux_vertical,50.0,-2636.0831468370225,262.0,297.0,36
u30,BCwave_b2_u30_n1_s5,2.0,1,5,ep_flux_vertical,100.0,-12272.32275390625,262.0,297.0,36
u30,BCwave_b2_u30_n1_s5,2.0,1,5,ep_flux_vertical,150.0,-86866.18825954861,262.0,297.0,36
u30,BCwave_b2_u30_n1_s5,2.0,1,5,ep_flux_vertical,200.0,-397583.1015625,262.0,297.0,36
u30,BCwave_b2_u30_n1_s5,2.0,1,5,ep_flux_vertical,250.0,-879898.0607638889,262.0,297.0,36
u30,BCwave_b2_u30_n1_s5,2.0,1,5,ep_flux_vertical,300.0,-1506022.4739583333,262.0,297.0,36
u30,BCwave_b2_u30_n1_s5,2.0,1,5,ep_flux_vertical,400.0,-3195647.940972222,262.0,297.0,36
u30,BCwave_b2_u30_n1_s5,2.0,1,5,ep_flux_vertical,500.0,-5352794.743055556,262.0,297.0,36
u30,BCwave_b2_u30_n1_s5,2.0,1,5,ep_flux_vertical,600.0,-8210416.625,262.0,297.0,36
u30,BCwave_b2_u30_n1_s5,2.0,1,5,ep_flux_vertical,700.0,-12212567.5,262.0,297.0,36
u30,BCwave_b2_u30_n1_s5,2.0,1,5,ep_flux_vertical,850.0,-18036504.277777776,262.0,297.0,36
u30,BCwave_b2_u30_n1_s5,2.0,1,5,ep_flux_vertical,925.0,-18584232.444444444,262.0,297.0,36
u30,BCwave_b2_u30_n1_s5,2.0,1,5,ep_flux_vertical,975.0,-19636595.972222224,262.0,297.0,36
u30,BCwave_b2_u30_n1_s5,2.0,1,5,ep_flux_vertical,1000.0,-21367034.666666668,262.0,297.0,36
u30,BCwave_b2_u30_n1_s10,2.0,1,10,eddy_heat_flux_vT,10.0,0.012353098410291268,255.0,322.0,68
u30,BCwave_b2_u30_n1_s10,2.0,1,10,eddy_heat_flux_vT,50.0,0.10624168051735443,255.0,322.0,68
u30,BCwave_b2_u30_n1_s10,2.0,1,10,eddy_heat_flux_vT,100.0,-0.32634964508607106,255.0,322.0,68
u30,BCwave_b2_u30_n1_s10,2.0,1,10,eddy_heat_flux_vT,150.0,0.23102721856797442,255.0,322.0,68
u30,BCwave_b2_u30_n1_s10,2.0,1,10,eddy_heat_flux_vT,200.0,1.583703537197674,255.0,322.0,68
u30,BCwave_b2_u30_n1_s10,2.0,1,10,eddy_heat_flux_vT,250.0,3.0714200419538162,255.0,322.0,68
u30,BCwave_b2_u30_n1_s10,2.0,1,10,eddy_heat_flux_vT,300.0,4.661484101239373,255.0,322.0,68
u30,BCwave_b2_u30_n1_s10,2.0,1,10,eddy_heat_flux_vT,400.0,7.288782884092892,255.0,322.0,68
u30,BCwave_b2_u30_n1_s10,2.0,1,10,eddy_heat_flux_vT,500.0,8.341428658541512,255.0,322.0,68
u30,BCwave_b2_u30_n1_s10,2.0,1,10,eddy_heat_flux_vT,600.0,10.63533329963684,255.0,322.0,68
u30,BCwave_b2_u30_n1_s10,2.0,1,10,eddy_heat_flux_vT,700.0,14.750841365141028,255.0,322.0,68
u30,BCwave_b2_u30_n1_s10,2.0,1,10,eddy_heat_flux_vT,850.0,21.223170392653522,255.0,322.0,68
u30,BCwave_b2_u30_n1_s10,2.0,1,10,eddy_heat_flux_vT,925.0,22.735622882843018,255.0,322.0,68
u30,BCwave_b2_u30_n1_s10,2.0,1,10,eddy_heat_flux_vT,975.0,25.64374578700346,255.0,322.0,68
u30,BCwave_b2_u30_n1_s10,2.0,1,10,eddy_heat_flux_vT,1000.0,28.77914254805621,255.0,322.0,68
u30,BCwave_b2_u30_n1_s10,2.0,1,10,baroclinic_conversion_proxy,10.0,-7.509059740020434e-09,255.0,322.0,68
u30,BCwave_b2_u30_n1_s10,2.0,1,10,baroclinic_conversion_proxy,50.0,-4.074081994640805e-07,255.0,322.0,68
u30,BCwave_b2_u30_n1_s10,2.0,1,10,baroclinic_conversion_proxy,100.0,2.6221220031342295e-06,255.0,322.0,68
u30,BCwave_b2_u30_n1_s10,2.0,1,10,baroclinic_conversion_proxy,150.0,-9.370155232639209e-07,255.0,322.0,68
u30,BCwave_b2_u30_n1_s10,2.0,1,10,baroclinic_conversion_proxy,200.0,-4.100710779151568e-06,255.0,322.0,68
u30,BCwave_b2_u30_n1_s10,2.0,1,10,baroclinic_conversion_proxy,250.0,3.965926175372888e-08,255.0,322.0,68
u30,BCwave_b2_u30_n1_s10,2.0,1,10,baroclinic_conversion_proxy,300.0,1.1513903593689011e-05,255.0,322.0,68
u30,BCwave_b2_u30_n1_s10,2.0,1,10,baroclinic_conversion_proxy,400.0,4.711568341436385e-05,255.0,322.0,68
u30,BCwave_b2_u30_n1_s10,2.0,1,10,baroclinic_conversion_proxy,500.0,7.511427579362028e-05,255.0,322.0,68
u30,BCwave_b2_u30_n1_s10,2.0,1,10,baroclinic_conversion_proxy,600.0,0.00010987218774971552,255.0,322.0,68
u30,BCwave_b2_u30_n1_s10,2.0,1,10,baroclinic_conversion_proxy,700.0,0.0001639169240661431,255.0,322.0,68
u30,BCwave_b2_u30_n1_s10,2.0,1,10,baroclinic_conversion_proxy,850.0,0.00024756103191654854,255.0,322.0,68
u30,BCwave_b2_u30_n1_s10,2.0,1,10,baroclinic_conversion_proxy,925.0,0.00026792966052787104,255.0,322.0,68
u30,BCwave_b2_u30_n1_s10,2.0,1,10,baroclinic_conversion_proxy,975.0,0.00030577811754911263,255.0,322.0,68
u30,BCwave_b2_u30_n1_s10,2.0,1,10,baroclinic_conversion_proxy,1000.0,0.00034235079125638176,255.0,322.0,68
u30,BCwave_b2_u30_n1_s10,2.0,1,10,ep_flux_vertical,10.0,-129.07073716556326,255.0,322.0,68
u30,BCwave_b2_u30_n1_s10,2.0,1,10,ep_flux_vertical,50.0,-1608.5693076638615,255.0,322.0,68
u30,BCwave_b2_u30_n1_s10,2.0,1,10,ep_flux_vertical,100.0,13229.481242460362,255.0,322.0,68
u30,BCwave_b2_u30_n1_s10,2.0,1,10,ep_flux_vertical,150.0,-36540.04609949449,255.0,322.0,68
u30,BCwave_b2_u30_n1_s10,2.0,1,10,ep_flux_vertical,200.0,-267667.71622242645,255.0,322.0,68
u30,BCwave_b2_u30_n1_s10,2.0,1,10,ep_flux_vertical,250.0,-600131.4329044118,255.0,322.0,68
u30,BCwave_b2_u30_n1_s10,2.0,1,10,ep_flux_vertical,300.0,-1052850.1920955882,255.0,322.0,68
u30,BCwave_b2_u30_n1_s10,2.0,1,10,ep_flux_vertical,400.0,-2248983.5459558824,255.0,322.0,68
u30,BCwave_b2_u30_n1_s10,2.0,1,10,ep_flux_vertical,500.0,-3601646.286764706,255.0,322.0,68
u30,BCwave_b2_u30_n1_s10,2.0,1,10,ep_flux_vertical,600.0,-5766875.632352941,255.0,322.0,68
u30,BCwave_b2_u30_n1_s10,2.0,1,10,ep_flux_vertical,700.0,-8480980.235294119,255.0,322.0,68
u30,BCwave_b2_u30_n1_s10,2.0,1,10,ep_flux_vertical,850.0,-11142280.426470589,255.0,322.0,68
u30,BCwave_b2_u30_n1_s10,2.0,1,10,ep_flux_vertical,925.0,-11080074.088235294,255.0,322.0,68
u30,BCwave_b2_u30_n1_s10,2.0,1,10,ep_flux_vertical,975.0,-11941181.088235294,255.0,322.0,68
u30,BCwave_b2_u30_n1_s10,2.0,1,10,ep_flux_vertical,1000.0,-13584737.926470589,255.0,322.0,68
u30,BCwave_b2_u30_n3_s-10,2.0,3,-10,eddy_heat_flux_vT,10.0,0.00026327598159416363,321.0,346.0,26
u30,BCwave_b2_u30_n3_s-10,2.0,3,-10,eddy_heat_flux_vT,50.0,0.07654943904624535,321.0,346.0,26
u30,BCwave_b2_u30_n3_s-10,2.0,3,-10,eddy_heat_flux_vT,100.0,0.14333259371610788,321.0,346.0,26
u30,BCwave_b2_u30_n3_s-10,2.0,3,-10,eddy_heat_flux_vT,150.0,0.14688423132667175,321.0,346.0,26
u30,BCwave_b2_u30_n3_s-10,2.0,3,-10,eddy_heat_flux_vT,200.0,0.2748485436806312,321.0,346.0,26
u30,BCwave_b2_u30_n3_s-10,2.0,3,-10,eddy_heat_flux_vT,250.0,0.4609164618528806,321.0,346.0,26
u30,BCwave_b2_u30_n3_s-10,2.0,3,-10,eddy_heat_flux_vT,300.0,0.6815347602734199,321.0,346.0,26
u30,BCwave_b2_u30_n3_s-10,2.0,3,-10,eddy_heat_flux_vT,400.0,1.2249991228947272,321.0,346.0,26
u30,BCwave_b2_u30_n3_s-10,2.0,3,-10,eddy_heat_flux_vT,500.0,1.8780255959584162,321.0,346.0,26
u30,BCwave_b2_u30_n3_s-10,2.0,3,-10,eddy_heat_flux_vT,600.0,2.6418169553463278,321.0,346.0,26
u30,BCwave_b2_u30_n3_s-10,2.0,3,-10,eddy_heat_flux_vT,700.0,3.4144682792516856,321.0,346.0,26
u30,BCwave_b2_u30_n3_s-10,2.0,3,-10,eddy_heat_flux_vT,850.0,5.459984687658457,321.0,346.0,26
u30,BCwave_b2_u30_n3_s-10,2.0,3,-10,eddy_heat_flux_vT,925.0,6.9604614331172066,321.0,346.0,26
u30,BCwave_b2_u30_n3_s-10,2.0,3,-10,eddy_heat_flux_vT,975.0,7.645803011380709,321.0,346.0,26
u30,BCwave_b2_u30_n3_s-10,2.0,3,-10,eddy_heat_flux_vT,1000.0,7.8524579635033245,321.0,346.0,26
u30,BCwave_b2_u30_n3_s-10,2.0,3,-10,baroclinic_conversion_proxy,10.0,-1.0563784809509873e-10,321.0,346.0,26
u30,BCwave_b2_u30_n3_s-10,2.0,3,-10,baroclinic_conversion_proxy,50.0,-2.680084453852662e-07,321.0,346.0,26
u30,BCwave_b2_u30_n3_s-10,2.0,3,-10,baroclinic_conversion_proxy,100.0,-5.775223821903917e-07,321.0,346.0,26
u30,BCwave_b2_u30_n3_s-10,2.0,3,-10,baroclinic_conversion_proxy,150.0,-4.6823091810648083e-07,321.0,346.0,26
u30,BCwave_b2_u30_n3_s-10,2.0,3,-10,baroclinic_conversion_proxy,200.0,-4.182554796181229e-07,321.0,346.0,26
u30,BCwave_b2_u30_n3_s-10,2.0,3,-10,baroclinic_conversion_proxy,250.0,1.2475572001099303e-07,321.0,346.0,26
u30,BCwave_b2_u30_n3_s-10,2.0,3,-10,baroclinic_conversion_proxy,300.0,1.3223788947960622e-06,321.0,346.0,26
u30,BCwave_b2_u30_n3_s-10,2.0,3,-10,baroclinic_conversion_proxy,400.0,5.629389236743848e-06,321.0,346.0,26
u30,BCwave_b2_u30_n3_s-10,2.0,3,-10,baroclinic_conversion_proxy,500.0,1.1767930538133862e-05,321.0,346.0,26
u30,BCwave_b2_u30_n3_s-10,2.0,3,-10,baroclinic_conversion_proxy,600.0,1.892293634087904e-05,321.0,346.0,26
u30,BCwave_b2_u30_n3_s-10,2.0,3,-10,baroclinic_conversion_proxy,700.0,2.5251204533560667e-05,321.0,346.0,26
u30,BCwave_b2_u30_n3_s-10,2.0,3,-10,baroclinic_conversion_proxy,850.0,3.939942913488127e-05,321.0,346.0,26
u30,BCwave_b2_u30_n3_s-10,2.0,3,-10,baroclinic_conversion_proxy,925.0,4.7721011679431496e-05,321.0,346.0,26
u30,BCwave_b2_u30_n3_s-10,2.0,3,-10,baroclinic_conversion_proxy,975.0,4.967540035767552e-05,321.0,346.0,26
u30,BCwave_b2_u30_n3_s-10,2.0,3,-10,baroclinic_conversion_proxy,1000.0,4.9062528257938815e-05,321.0,346.0,26
u30,BCwave_b2_u30_n3_s-10,2.0,3,-10,ep_flux_vertical,10.0,-2.735371608000535,321.0,346.0,26
u30,BCwave_b2_u30_n3_s-10,2.0,3,-10,ep_flux_vertical,50.0,-1044.9705880972056,321.0,346.0,26
u30,BCwave_b2_u30_n3_s-10,2.0,3,-10,ep_flux_vertical,100.0,-8023.635122445913,321.0,346.0,26
u30,BCwave_b2_u30_n3_s-10,2.0,3,-10,ep_flux_vertical,150.0,-23385.866436298078,321.0,346.0,26
u30,BCwave_b2_u30_n3_s-10,2.0,3,-10,ep_flux_vertical,200.0,-67860.42983774039,321.0,346.0,26
u30,BCwave_b2_u30_n3_s-10,2.0,3,-10,ep_flux_vertical,250.0,-136687.7665264423,321.0,346.0,26
u30,BCwave_b2_u30_n3_s-10,2.0,3,-10,ep_flux_vertical,300.0,-234004.4110576923,321.0,346.0,26
u30,BCwave_b2_u30_n3_s-10,2.0,3,-10,ep_flux_vertical,400.0,-537093.8954326923,321.0,346.0,26
u30,BCwave_b2_u30_n3_s-10,2.0,3,-10,ep_flux_vertical,500.0,-1024204.3317307692,321.0,346.0,26
u30,BCwave_b2_u30_n3_s-10,2.0,3,-10,ep_flux_vertical,600.0,-1737249.2307692308,321.0,346.0,26
u30,BCwave_b2_u30_n3_s-10,2.0,3,-10,ep_flux_vertical,700.0,-2589212.9615384615,321.0,346.0,26
u30,BCwave_b2_u30_n3_s-10,2.0,3,-10,ep_flux_vertical,850.0,-4578900.134615385,321.0,346.0,26
u30,BCwave_b2_u30_n3_s-10,2.0,3,-10,ep_flux_vertical,925.0,-5869471.019230769,321.0,346.0,26
u30,BCwave_b2_u30_n3_s-10,2.0,3,-10,ep_flux_vertical,975.0,-6553139.615384615,321.0,346.0,26
u30,BCwave_b2_u30_n3_s-10,2.0,3,-10,ep_flux_vertical,1000.0,-6812298.75,321.0,346.0,26
u30,BCwave_b2_u30_n3_s-5,2.0,3,-5,eddy_heat_flux_vT,10.0,0.0007174609292467886,309.0,341.0,33
u30,BCwave_b2_u30_n3_s-5,2.0,3,-5,eddy_heat_flux_vT,50.0,0.16850745181242624,309.0,341.0,33
u30,BCwave_b2_u30_n3_s-5,2.0,3,-5,eddy_heat_flux_vT,100.0,0.2876448978980382,309.0,341.0,33
u30,BCwave_b2_u30_n3_s-5,2.0,3,-5,eddy_heat_flux_vT,150.0,0.32225671184785437,309.0,341.0,33
u30,BCwave_b2_u30_n3_s-5,2.0,3,-5,eddy_heat_flux_vT,200.0,0.6536295675870144,309.0,341.0,33
u30,BCwave_b2_u30_n3_s-5,2.0,3,-5,eddy_heat_flux_vT,250.0,1.1008955204125606,309.0,341.0,33
u30,BCwave_b2_u30_n3_s-5,2.0,3,-5,eddy_heat_flux_vT,300.0,1.587435613978993,309.0,341.0,33
u30,BCwave_b2_u30_n3_s-5,2.0,3,-5,eddy_heat_flux_vT,400.0,2.5875233736905185,309.0,341.0,33
u30,BCwave_b2_u30_n3_s-5,2.0,3,-5,eddy_heat_flux_vT,500.0,3.6212854529872085,309.0,341.0,33
u30,BCwave_b2_u30_n3_s-5,2.0,3,-5,eddy_heat_flux_vT,600.0,4.684415123679421,309.0,341.0,33
u30,BCwave_b2_u30_n3_s-5,2.0,3,-5,eddy_heat_flux_vT,700.0,6.003178177457867,309.0,341.0,33
u30,BCwave_b2_u30_n3_s-5,2.0,3,-5,eddy_heat_flux_vT,850.0,9.783307769081809,309.0,341.0,33
u30,BCwave_b2_u30_n3_s-5,2.0,3,-5,eddy_heat_flux_vT,925.0,11.76652752269398,309.0,341.0,33
u30,BCwave_b2_u30_n3_s-5,2.0,3,-5,eddy_heat_flux_vT,975.0,12.774932427839799,309.0,341.0,33
u30,BCwave_b2_u30_n3_s-5,2.0,3,-5,eddy_heat_flux_vT,1000.0,12.724489443229906,309.0,341.0,33
u30,BCwave_b2_u30_n3_s-5,2.0,3,-5,baroclinic_conversion_proxy,10.0,-3.1674600484564485e-10,309.0,341.0,33
u30,BCwave_b2_u30_n3_s-5,2.0,3,-5,baroclinic_conversion_proxy,50.0,-6.478698761577217e-07,309.0,341.0,33
u30,BCwave_b2_u30_n3_s-5,2.0,3,-5,baroclinic_conversion_proxy,100.0,-1.2871163800231111e-06,309.0,341.0,33
u30,BCwave_b2_u30_n3_s-5,2.0,3,-5,baroclinic_conversion_proxy,150.0,-1.1438880312997561e-06,309.0,341.0,33
u30,BCwave_b2_u30_n3_s-5,2.0,3,-5,baroclinic_conversion_proxy,200.0,-1.1001508996190696e-06,309.0,341.0,33
u30,BCwave_b2_u30_n3_s-5,2.0,3,-5,baroclinic_conversion_proxy,250.0,2.743000450347167e-07,309.0,341.0,33
u30,BCwave_b2_u30_n3_s-5,2.0,3,-5,baroclinic_conversion_proxy,300.0,3.2034875637305738e-06,309.0,341.0,33
u30,BCwave_b2_u30_n3_s-5,2.0,3,-5,baroclinic_conversion_proxy,400.0,1.243016225943751e-05,309.0,341.0,33
u30,BCwave_b2_u30_n3_s-5,2.0,3,-5,baroclinic_conversion_proxy,500.0,2.3885692468011808e-05,309.0,341.0,33
u30,BCwave_b2_u30_n3_s-5,2.0,3,-5,baroclinic_conversion_proxy,600.0,3.5117164467616625e-05,309.0,341.0,33
u30,BCwave_b2_u30_n3_s-5,2.0,3,-5,baroclinic_conversion_proxy,700.0,4.63904265912292e-05,309.0,341.0,33
u30,BCwave_b2_u30_n3_s-5,2.0,3,-5,baroclinic_conversion_proxy,850.0,7.447969189591028e-05,309.0,341.0,33
u30,BCwave_b2_u30_n3_s-5,2.0,3,-5,baroclinic_conversion_proxy,925.0,8.391564033720924e-05,309.0,341.0,33
u30,BCwave_b2_u30_n3_s-5,2.0,3,-5,baroclinic_conversion_proxy,975.0,8.626076151179431e-05,309.0,341.0,33
u30,BCwave_b2_u30_n3_s-5,2.0,3,-5,baroclinic_conversion_proxy,1000.0,8.179497870680115e-05,309.0,341.0,33
u30,BCwave_b2_u30_n3_s-5,2.0,3,-5,ep_flux_vertical,10.0,-7.688034664500844,309.0,341.0,33
u30,BCwave_b2_u30_n3_s-5,2.0,3,-5,ep_flux_vertical,50.0,-2376.0968387488165,309.0,341.0,33
u30,BCwave_b2_u30_n3_s-5,2.0,3,-5,ep_flux_vertical,100.0,-16661.008641098484,309.0,341.0,33
u30,BCwave_b2_u30_n3_s-5,2.0,3,-5,ep_flux_vertical,150.0,-50721.16714015151,309.0,341.0,33
u30,BCwave_b2_u30_n3_s-5,2.0,3,-5,ep_flux_vertical,200.0,-153536.5693655303,309.0,341.0,33
u30,BCwave_b2_u30_n3_s-5,2.0,3,-5,ep_flux_vertical,250.0,-308498.0411931818,309.0,341.0,33
u30,BCwave_b2_u30_n3_s-5,2.0,3,-5,ep_flux_vertical,300.0,-516867.1164772727,309.0,341.0,33
u30,BCwave_b2_u30_n3_s-5,2.0,3,-5,ep_flux_vertical,400.0,-1095128.4166666667,309.0,341.0,33
u30,BCwave_b2_u30_n3_s-5,2.0,3,-5,ep_flux_vertical,500.0,-1953198.2121212122,309.0,341.0,33
u30,BCwave_b2_u30_n3_s-5,2.0,3,-5,ep_flux_vertical,600.0,-3088058.8333333335,309.0,341.0,33
u30,BCwave_b2_u30_n3_s-5,2.0,3,-5,ep_flux_vertical,700.0,-4534042.984848484,309.0,341.0,33
u30,BCwave_b2_u30_n3_s-5,2.0,3,-5,ep_flux_vertical,850.0,-7840321.666666667,309.0,341.0,33
u30,BCwave_b2_u30_n3_s-5,2.0,3,-5,ep_flux_vertical,925.0,-9455279.212121213,309.0,341.0,33
u30,BCwave_b2_u30_n3_s-5,2.0,3,-5,ep_flux_vertical,975.0,-10740616.242424242,309.0,341.0,33
u30,BCwave_b2_u30_n3_s-5,2.0,3,-5,ep_flux_vertical,1000.0,-11277262.818181818,309.0,341.0,33
u30,BCwave_b2_u30_n3_s0,2.0,3,0,eddy_heat_flux_vT,10.0,0.0013530397465309272,304.0,342.0,39
u30,BCwave_b2_u30_n3_s0,2.0,3,0,eddy_heat_flux_vT,50.0,0.31576541448250794,304.0,342.0,39
u30,BCwave_b2_u30_n3_s0,2.0,3,0,eddy_heat_flux_vT,100.0,0.49694850735175305,304.0,342.0,39
u30,BCwave_b2_u30_n3_s0,2.0,3,0,eddy_heat_flux_vT,150.0,0.6614369299167242,304.0,342.0,39
u30,BCwave_b2_u30_n3_s0,2.0,3,0,eddy_heat_flux_vT,200.0,1.4531203324978168,304.0,342.0,39
u30,BCwave_b2_u30_n3_s0,2.0,3,0,eddy_heat_flux_vT,250.0,2.4066370756198197,304.0,342.0,39
u30,BCwave_b2_u30_n3_s0,2.0,3,0,eddy_heat_flux_vT,300.0,3.2985657239571595,304.0,342.0,39
u30,BCwave_b2_u30_n3_s0,2.0,3,0,eddy_heat_flux_vT,400.0,4.738997153746776,304.0,342.0,39
u30,BCwave_b2_u30_n3_s0,2.0,3,0,eddy_heat_flux_vT,500.0,6.14388788663424,304.0,342.0,39
u30,BCwave_b2_u30_n3_s0,2.0,3,0,eddy_heat_flux_vT,600.0,7.875286591358674,304.0,342.0,39
u30,BCwave_b2_u30_n3_s0,2.0,3,0,eddy_heat_flux_vT,700.0,10.373190146226149,304.0,342.0,39
u30,BCwave_b2_u30_n3_s0,2.0,3,0,eddy_heat_flux_vT,850.0,17.072769580743252,304.0,342.0,39
u30,BCwave_b2_u30_n3_s0,2.0,3,0,eddy_heat_flux_vT,925.0,19.442337182851936,304.0,342.0,39
u30,BCwave_b2_u30_n3_s0,2.0,3,0,eddy_heat_flux_vT,975.0,19.91828077267378,304.0,342.0,39
u30,BCwave_b2_u30_n3_s0,2.0,3,0,eddy_heat_flux_vT,1000.0,19.598854554005158,304.0,342.0,39
u30,BCwave_b2_u30_n3_s0,2.0,3,0,baroclinic_conversion_proxy,10.0,-6.358153747088889e-10,304.0,342.0,39
u30,BCwave_b2_u30_n3_s0,2.0,3,0,baroclinic_conversion_proxy,50.0,-1.286923950607534e-06,304.0,342.0,39
u30,BCwave_b2_u30_n3_s0,2.0,3,0,baroclinic_conversion_proxy,100.0,-2.3717722756490007e-06,304.0,342.0,39
u30,BCwave_b2_u30_n3_s0,2.0,3,0,baroclinic_conversion_proxy,150.0,-2.5640906671516204e-06,304.0,342.0,39
u30,BCwave_b2_u30_n3_s0,2.0,3,0,baroclinic_conversion_proxy,200.0,-2.804304177772839e-06,304.0,342.0,39
u30,BCwave_b2_u30_n3_s0,2.0,3,0,baroclinic_conversion_proxy,250.0,2.463036576745463e-07,304.0,342.0,39
u30,BCwave_b2_u30_n3_s0,2.0,3,0,baroclinic_conversion_proxy,300.0,6.510775468389814e-06,304.0,342.0,39
u30,BCwave_b2_u30_n3_s0,2.0,3,0,baroclinic_conversion_proxy,400.0,2.343312273576605e-05,304.0,342.0,39
u30,BCwave_b2_u30_n3_s0,2.0,3,0,baroclinic_conversion_proxy,500.0,4.177277020435446e-05,304.0,342.0,39
u30,BCwave_b2_u30_n3_s0,2.0,3,0,baroclinic_conversion_proxy,600.0,6.025203065991473e-05,304.0,342.0,39
u30,BCwave_b2_u30_n3_s0,2.0,3,0,baroclinic_conversion_proxy,700.0,8.19497962276308e-05,304.0,342.0,39
u30,BCwave_b2_u30_n3_s0,2.0,3,0,baroclinic_conversion_proxy,850.0,0.00013285195652711898,304.0,342.0,39
u30,BCwave_b2_u30_n3_s0,2.0,3,0,baroclinic_conversion_proxy,925.0,0.00014225214395898944,304.0,342.0,39
u30,BCwave_b2_u30_n3_s0,2.0,3,0,baroclinic_conversion_proxy,975.0,0.00014009211661640363,304.0,342.0,39
u30,BCwave_b2_u30_n3_s0,2.0,3,0,baroclinic_conversion_proxy,1000.0,0.00013262382820427703,304.0,342.0,39
u30,BCwave_b2_u30_n3_s0,2.0,3,0,ep_flux_vertical,10.0,-14.315697107559595,304.0,342.0,39
u30,BCwave_b2_u30_n3_s0,2.0,3,0,ep_flux_vertical,50.0,-4487.6929775140225,304.0,342.0,39
u30,BCwave_b2_u30_n3_s0,2.0,3,0,ep_flux_vertical,100.0,-29031.229266826922,304.0,342.0,39
u30,BCwave_b2_u30_n3_s0,2.0,3,0,ep_flux_vertical,150.0,-99032.3842147436,304.0,342.0,39
u30,BCwave_b2_u30_n3_s0,2.0,3,0,ep_flux_vertical,200.0,-319562.21233974356,304.0,342.0,39
u30,BCwave_b2_u30_n3_s0,2.0,3,0,ep_flux_vertical,250.0,-635284.59375,304.0,342.0,39
u30,BCwave_b2_u30_n3_s0,2.0,3,0,ep_flux_vertical,300.0,-1021277.2996794871,304.0,342.0,39
u30,BCwave_b2_u30_n3_s0,2.0,3,0,ep_flux_vertical,400.0,-1944077.5673076923,304.0,342.0,39
u30,BCwave_b2_u30_n3_s0,2.0,3,0,ep_flux_vertical,500.0,-3240997.8333333335,304.0,342.0,39
u30,BCwave_b2_u30_n3_s0,2.0,3,0,ep_flux_vertical,600.0,-5063375.346153846,304.0,342.0,39
u30,BCwave_b2_u30_n3_s0,2.0,3,0,ep_flux_vertical,700.0,-7518097.666666667,304.0,342.0,39
u30,BCwave_b2_u30_n3_s0,2.0,3,0,ep_flux_vertical,850.0,-12404933.717948718,304.0,342.0,39
u30,BCwave_b2_u30_n3_s0,2.0,3,0,ep_flux_vertical,925.0,-14004598.307692308,304.0,342.0,39
u30,BCwave_b2_u30_n3_s0,2.0,3,0,ep_flux_vertical,975.0,-15354059.307692308,304.0,342.0,39
u30,BCwave_b2_u30_n3_s0,2.0,3,0,ep_flux_vertical,1000.0,-16531878.282051282,304.0,342.0,39
u30,BCwave_b2_u30_n3_s5,2.0,3,5,eddy_heat_flux_vT,10.0,0.0018762829131446779,286.0,323.0,38
u30,BCwave_b2_u30_n3_s5,2.0,3,5,eddy_heat_flux_vT,50.0,0.2689291297605163,286.0,323.0,38
u30,BCwave_b2_u30_n3_s5,2.0,3,5,eddy_heat_flux_vT,100.0,0.434730296072207,286.0,323.0,38
u30,BCwave_b2_u30_n3_s5,2.0,3,5,eddy_heat_flux_vT,150.0,0.8178801803212417,286.0,323.0,38
u30,BCwave_b2_u30_n3_s5,2.0,3,5,eddy_heat_flux_vT,200.0,2.1313504921762565,286.0,323.0,38
u30,BCwave_b2_u30_n3_s5,2.0,3,5,eddy_heat_flux_vT,250.0,3.614929431363156,286.0,323.0,38
u30,BCwave_b2_u30_n3_s5,2.0,3,5,eddy_heat_flux_vT,300.0,4.870944619178772,286.0,323.0,38
u30,BCwave_b2_u30_n3_s5,2.0,3,5,eddy_heat_flux_vT,400.0,6.6326226309726115,286.0,323.0,38
u30,BCwave_b2_u30_n3_s5,2.0,3,5,eddy_heat_flux_vT,500.0,8.270673325187282,286.0,323.0,38
u30,BCwave_b2_u30_n3_s5,2.0,3,5,eddy_heat_flux_vT,600.0,10.294601415332995,286.0,323.0,38
u30,BCwave_b2_u30_n3_s5,2.0,3,5,eddy_heat_flux_vT,700.0,13.643933195816842,286.0,323.0,38
u30,BCwave_b2_u30_n3_s5,2.0,3,5,eddy_heat_flux_vT,850.0,21.36888483950966,286.0,323.0,38
u30,BCwave_b2_u30_n3_s5,2.0,3,5,eddy_heat_flux_vT,925.0,23.366664233960602,286.0,323.0,38
u30,BCwave_b2_u30_n3_s5,2.0,3,5,eddy_heat_flux_vT,975.0,23.9789107473273,286.0,323.0,38
u30,BCwave_b2_u30_n3_s5,2.0,3,5,eddy_heat_flux_vT,1000.0,23.933163994236995,286.0,323.0,38
u30,BCwave_b2_u30_n3_s5,2.0,3,5,baroclinic_conversion_proxy,10.0,-9.174599238221129e-10,286.0,323.0,38
u30,BCwave_b2_u30_n3_s5,2.0,3,5,baroclinic_conversion_proxy,50.0,-1.153526540065286e-06,286.0,323.0,38
u30,BCwave_b2_u30_n3_s5,2.0,3,5,baroclinic_conversion_proxy,100.0,-2.2824742580652175e-06,286.0,323.0,38
u30,BCwave_b2_u30_n3_s5,2.0,3,5,baroclinic_conversion_proxy,150.0,-3.5974121003260064e-06,286.0,323.0,38
u30,BCwave_b2_u30_n3_s5,2.0,3,5,baroclinic_conversion_proxy,200.0,-4.6617349437981735e-06,286.0,323.0,38
u30,BCwave_b2_u30_n3_s5,2.0,3,5,baroclinic_conversion_proxy,250.0,5.904064515499227e-08,286.0,323.0,38
u30,BCwave_b2_u30_n3_s5,2.0,3,5,baroclinic_conversion_proxy,300.0,9.870658447509509e-06,286.0,323.0,38
u30,BCwave_b2_u30_n3_s5,2.0,3,5,baroclinic_conversion_proxy,400.0,3.450842527136525e-05,286.0,323.0,38
u30,BCwave_b2_u30_n3_s5,2.0,3,5,baroclinic_conversion_proxy,500.0,5.921893553979891e-05,286.0,323.0,38
u30,BCwave_b2_u30_n3_s5,2.0,3,5,baroclinic_conversion_proxy,600.0,8.293599392728586e-05,286.0,323.0,38
u30,BCwave_b2_u30_n3_s5,2.0,3,5,baroclinic_conversion_proxy,700.0,0.00011450619192481482,286.0,323.0,38
u30,BCwave_b2_u30_n3_s5,2.0,3,5,baroclinic_conversion_proxy,850.0,0.00017793514263375024,286.0,323.0,38
u30,BCwave_b2_u30_n3_s5,2.0,3,5,baroclinic_conversion_proxy,925.0,0.00018611099221743643,286.0,323.0,38
u30,BCwave_b2_u30_n3_s5,2.0,3,5,baroclinic_conversion_proxy,975.0,0.00018617479662153577,286.0,323.0,38
u30,BCwave_b2_u30_n3_s5,2.0,3,5,baroclinic_conversion_proxy,1000.0,0.00018111207119593593,286.0,323.0,38
u30,BCwave_b2_u30_n3_s5,2.0,3,5,ep_flux_vertical,10.0,-19.605246619174356,286.0,323.0,38
u30,BCwave_b2_u30_n3_s5,2.0,3,5,ep_flux_vertical,50.0,-3798.2202405427633,286.0,323.0,38
u30,BCwave_b2_u30_n3_s5,2.0,3,5,ep_flux_vertical,100.0,-24994.457956414473,286.0,323.0,38
u30,BCwave_b2_u30_n3_s5,2.0,3,5,ep_flux_vertical,150.0,-111078.68893914473,286.0,323.0,38
u30,BCwave_b2_u30_n3_s5,2.0,3,5,ep_flux_vertical,200.0,-422075.6850328947,286.0,323.0,38
u30,BCwave_b2_u30_n3_s5,2.0,3,5,ep_flux_vertical,250.0,-863378.1134868421,286.0,323.0,38
u30,BCwave_b2_u30_n3_s5,2.0,3,5,ep_flux_vertical,300.0,-1373910.8338815789,286.0,323.0,38
u30,BCwave_b2_u30_n3_s5,2.0,3,5,ep_flux_vertical,400.0,-2535663.835526316,286.0,323.0,38
u30,BCwave_b2_u30_n3_s5,2.0,3,5,ep_flux_vertical,500.0,-4125014.861842105,286.0,323.0,38
u30,BCwave_b2_u30_n3_s5,2.0,3,5,ep_flux_vertical,600.0,-6294311.157894737,286.0,323.0,38
u30,BCwave_b2_u30_n3_s5,2.0,3,5,ep_flux_vertical,700.0,-9304581.72368421,286.0,323.0,38
u30,BCwave_b2_u30_n3_s5,2.0,3,5,ep_flux_vertical,850.0,-14487617.789473685,286.0,323.0,38
u30,BCwave_b2_u30_n3_s5,2.0,3,5,ep_flux_vertical,925.0,-15964112.184210526,286.0,323.0,38
u30,BCwave_b2_u30_n3_s5,2.0,3,5,ep_flux_vertical,975.0,-17658397.210526317,286.0,323.0,38
u30,BCwave_b2_u30_n3_s5,2.0,3,5,ep_flux_vertical,1000.0,-19365370.789473683,286.0,323.0,38
u30,BCwave_b2_u30_n3_s10,2.0,3,10,eddy_heat_flux_vT,10.0,0.0027118094456252744,256.0,291.0,36
u30,BCwave_b2_u30_n3_s10,2.0,3,10,eddy_heat_flux_vT,50.0,0.13477729778322908,256.0,291.0,36
u30,BCwave_b2_u30_n3_s10,2.0,3,10,eddy_heat_flux_vT,100.0,0.17179062859051758,256.0,291.0,36
u30,BCwave_b2_u30_n3_s10,2.0,3,10,eddy_heat_flux_vT,150.0,0.5289603620767593,256.0,291.0,36
u30,BCwave_b2_u30_n3_s10,2.0,3,10,eddy_heat_flux_vT,200.0,1.7431186255481508,256.0,291.0,36
u30,BCwave_b2_u30_n3_s10,2.0,3,10,eddy_heat_flux_vT,250.0,3.179432557688819,256.0,291.0,36
u30,BCwave_b2_u30_n3_s10,2.0,3,10,eddy_heat_flux_vT,300.0,4.529657211568621,256.0,291.0,36
u30,BCwave_b2_u30_n3_s10,2.0,3,10,eddy_heat_flux_vT,400.0,6.829581406381395,256.0,291.0,36
u30,BCwave_b2_u30_n3_s10,2.0,3,10,eddy_heat_flux_vT,500.0,8.472465780046251,256.0,291.0,36
u30,BCwave_b2_u30_n3_s10,2.0,3,10,eddy_heat_flux_vT,600.0,10.502692381540934,256.0,291.0,36
u30,BCwave_b2_u30_n3_s10,2.0,3,10,eddy_heat_flux_vT,700.0,13.966493950949776,256.0,291.0,36
u30,BCwave_b2_u30_n3_s10,2.0,3,10,eddy_heat_flux_vT,850.0,21.169634448157417,256.0,291.0,36
u30,BCwave_b2_u30_n3_s10,2.0,3,10,eddy_heat_flux_vT,925.0,23.266967985365127,256.0,291.0,36
u30,BCwave_b2_u30_n3_s10,2.0,3,10,eddy_heat_flux_vT,975.0,24.607768959469265,256.0,291.0,36
u30,BCwave_b2_u30_n3_s10,2.0,3,10,eddy_heat_flux_vT,1000.0,24.72421137491862,256.0,291.0,36
u30,BCwave_b2_u30_n3_s10,2.0,3,10,baroclinic_conversion_proxy,10.0,-1.4926833812199822e-09,256.0,291.0,36
u30,BCwave_b2_u30_n3_s10,2.0,3,10,baroclinic_conversion_proxy,50.0,-6.17256183943482e-07,256.0,291.0,36
u30,BCwave_b2_u30_n3_s10,2.0,3,10,baroclinic_conversion_proxy,100.0,-1.0603342780591952e-06,256.0,291.0,36
u30,BCwave_b2_u30_n3_s10,2.0,3,10,baroclinic_conversion_proxy,150.0,-2.6698062798560486e-06,256.0,291.0,36
u30,BCwave_b2_u30_n3_s10,2.0,3,10,baroclinic_conversion_proxy,200.0,-4.245840513148222e-06,256.0,291.0,36
u30,BCwave_b2_u30_n3_s10,2.0,3,10,baroclinic_conversion_proxy,250.0,1.1642090698889737e-08,256.0,291.0,36
u30,BCwave_b2_u30_n3_s10,2.0,3,10,baroclinic_conversion_proxy,300.0,1.0061441255654952e-05,256.0,291.0,36
u30,BCwave_b2_u30_n3_s10,2.0,3,10,baroclinic_conversion_proxy,400.0,3.895672565098115e-05,256.0,291.0,36
u30,BCwave_b2_u30_n3_s10,2.0,3,10,baroclinic_conversion_proxy,500.0,6.580106977101725e-05,256.0,291.0,36
u30,BCwave_b2_u30_n3_s10,2.0,3,10,baroclinic_conversion_proxy,600.0,9.128919373324607e-05,256.0,291.0,36
u30,BCwave_b2_u30_n3_s10,2.0,3,10,baroclinic_conversion_proxy,700.0,0.00012712561733173465,256.0,291.0,36
u30,BCwave_b2_u30_n3_s10,2.0,3,10,baroclinic_conversion_proxy,850.0,0.0001920406769689483,256.0,291.0,36
u30,BCwave_b2_u30_n3_s10,2.0,3,10,baroclinic_conversion_proxy,925.0,0.0002022519038291648,256.0,291.0,36
u30,BCwave_b2_u30_n3_s10,2.0,3,10,baroclinic_conversion_proxy,975.0,0.00020765532786349973,256.0,291.0,36
u30,BCwave_b2_u30_n3_s10,2.0,3,10,baroclinic_conversion_proxy,1000.0,0.0002024266412061277,256.0,291.0,36
u30,BCwave_b2_u30_n3_s10,2.0,3,10,ep_flux_vertical,10.0,-26.399688747194077,256.0,291.0,36
u30,BCwave_b2_u30_n3_s10,2.0,3,10,ep_flux_vertical,50.0,-1842.3207465277778,256.0,291.0,36
u30,BCwave_b2_u30_n3_s10,2.0,3,10,ep_flux_vertical,100.0,-9407.565104166666,256.0,291.0,36
u30,BCwave_b2_u30_n3_s10,2.0,3,10,ep_flux_vertical,150.0,-61290.080674913195,256.0,291.0,36
u30,BCwave_b2_u30_n3_s10,2.0,3,10,ep_flux_vertical,200.0,-298187.3528645833,256.0,291.0,36
u30,BCwave_b2_u30_n3_s10,2.0,3,10,ep_flux_vertical,250.0,-657445.7439236111,256.0,291.0,36
u30,BCwave_b2_u30_n3_s10,2.0,3,10,ep_flux_vertical,300.0,-1109529.7083333333,256.0,291.0,36
u30,BCwave_b2_u30_n3_s10,2.0,3,10,ep_flux_vertical,400.0,-2292242.7708333335,256.0,291.0,36
u30,BCwave_b2_u30_n3_s10,2.0,3,10,ep_flux_vertical,500.0,-3791792.888888889,256.0,291.0,36
u30,BCwave_b2_u30_n3_s10,2.0,3,10,ep_flux_vertical,600.0,-5847243.611111111,256.0,291.0,36
u30,BCwave_b2_u30_n3_s10,2.0,3,10,ep_flux_vertical,700.0,-8761838.625,256.0,291.0,36
u30,BCwave_b2_u30_n3_s10,2.0,3,10,ep_flux_vertical,850.0,-13916899.944444444,256.0,291.0,36
u30,BCwave_b2_u30_n3_s10,2.0,3,10,ep_flux_vertical,925.0,-15952589.694444444,256.0,291.0,36
u30,BCwave_b2_u30_n3_s10,2.0,3,10,ep_flux_vertical,975.0,-18481871.75,256.0,291.0,36
u30,BCwave_b2_u30_n3_s10,2.0,3,10,ep_flux_vertical,1000.0,-20558744.416666668,256.0,291.0,36
u30,BCwave_b2_u30_n6_s-10,2.0,6,-10,eddy_heat_flux_vT,10.0,0.00012225930026033894,323.0,347.0,25
u30,BCwave_b2_u30_n6_s-10,2.0,6,-10,eddy_heat_flux_vT,50.0,0.040736123993992804,323.0,347.0,25
u30,BCwave_b2_u30_n6_s-10,2.0,6,-10,eddy_heat_flux_vT,100.0,0.07706933692097664,323.0,347.0,25
u30,BCwave_b2_u30_n6_s-10,2.0,6,-10,eddy_heat_flux_vT,150.0,0.06814231216907501,323.0,347.0,25
u30,BCwave_b2_u30_n6_s-10,2.0,6,-10,eddy_heat_flux_vT,200.0,0.11678797215223312,323.0,347.0,25
u30,BCwave_b2_u30_n6_s-10,2.0,6,-10,eddy_heat_flux_vT,250.0,0.19064009726047515,323.0,347.0,25
u30,BCwave_b2_u30_n6_s-10,2.0,6,-10,eddy_heat_flux_vT,300.0,0.28025209248065946,323.0,347.0,25
u30,BCwave_b2_u30_n6_s-10,2.0,6,-10,eddy_heat_flux_vT,400.0,0.514653536081314,323.0,347.0,25
u30,BCwave_b2_u30_n6_s-10,2.0,6,-10,eddy_heat_flux_vT,500.0,0.8394380450248718,323.0,347.0,25
u30,BCwave_b2_u30_n6_s-10,2.0,6,-10,eddy_heat_flux_vT,600.0,1.2606160020828248,323.0,347.0,25
u30,BCwave_b2_u30_n6_s-10,2.0,6,-10,eddy_heat_flux_vT,700.0,1.7162789630889892,323.0,347.0,25
u30,BCwave_b2_u30_n6_s-10,2.0,6,-10,eddy_heat_flux_vT,850.0,2.791653776168823,323.0,347.0,25
u30,BCwave_b2_u30_n6_s-10,2.0,6,-10,eddy_heat_flux_vT,925.0,3.623384380340576,323.0,347.0,25
u30,BCwave_b2_u30_n6_s-10,2.0,6,-10,eddy_heat_flux_vT,975.0,3.9028065967559815,323.0,347.0,25
u30,BCwave_b2_u30_n6_s-10,2.0,6,-10,eddy_heat_flux_vT,1000.0,3.951504974365234,323.0,347.0,25
u30,BCwave_b2_u30_n6_s-10,2.0,6,-10,baroclinic_conversion_proxy,10.0,-4.1752007337580996e-11,323.0,347.0,25
u30,BCwave_b2_u30_n6_s-10,2.0,6,-10,baroclinic_conversion_proxy,50.0,-1.347524977290959e-07,323.0,347.0,25
u30,BCwave_b2_u30_n6_s-10,2.0,6,-10,baroclinic_conversion_proxy,100.0,-2.8745130180141133e-07,323.0,347.0,25
u30,BCwave_b2_u30_n6_s-10,2.0,6,-10,baroclinic_conversion_proxy,150.0,-2.055777503073841e-07,323.0,347.0,25
u30,BCwave_b2_u30_n6_s-10,2.0,6,-10,baroclinic_conversion_proxy,200.0,-1.679114950547955e-07,323.0,347.0,25
u30,BCwave_b2_u30_n6_s-10,2.0,6,-10,baroclinic_conversion_proxy,250.0,4.95118544563411e-08,323.0,347.0,25
u30,BCwave_b2_u30_n6_s-10,2.0,6,-10,baroclinic_conversion_proxy,300.0,5.199669544708741e-07,323.0,347.0,25
u30,BCwave_b2_u30_n6_s-10,2.0,6,-10,baroclinic_conversion_proxy,400.0,2.264599961563363e-06,323.0,347.0,25
u30,BCwave_b2_u30_n6_s-10,2.0,6,-10,baroclinic_conversion_proxy,500.0,5.007679228583584e-06,323.0,347.0,25
u30,BCwave_b2_u30_n6_s-10,2.0,6,-10,baroclinic_conversion_proxy,600.0,8.542221912648529e-06,323.0,347.0,25
u30,BCwave_b2_u30_n6_s-10,2.0,6,-10,baroclinic_conversion_proxy,700.0,1.200551963847829e-05,323.0,347.0,25
u30,BCwave_b2_u30_n6_s-10,2.0,6,-10,baroclinic_conversion_proxy,850.0,1.8793950730469077e-05,323.0,347.0,25
u30,BCwave_b2_u30_n6_s-10,2.0,6,-10,baroclinic_conversion_proxy,925.0,2.309311646968126e-05,323.0,347.0,25
u30,BCwave_b2_u30_n6_s-10,2.0,6,-10,baroclinic_conversion_proxy,975.0,2.341555169550702e-05,323.0,347.0,25
u30,BCwave_b2_u30_n6_s-10,2.0,6,-10,baroclinic_conversion_proxy,1000.0,2.2811154049122707e-05,323.0,347.0,25
u30,BCwave_b2_u30_n6_s-10,2.0,6,-10,ep_flux_vertical,10.0,-1.2493188738822938,323.0,347.0,25
u30,BCwave_b2_u30_n6_s-10,2.0,6,-10,ep_flux_vertical,50.0,-551.6742126464844,323.0,347.0,25
u30,BCwave_b2_u30_n6_s-10,2.0,6,-10,ep_flux_vertical,100.0,-4303.124970703125,323.0,347.0,25
u30,BCwave_b2_u30_n6_s-10,2.0,6,-10,ep_flux_vertical,150.0,-10965.1990234375,323.0,347.0,25
u30,BCwave_b2_u30_n6_s-10,2.0,6,-10,ep_flux_vertical,200.0,-29588.439296875,323.0,347.0,25
u30,BCwave_b2_u30_n6_s-10,2.0,6,-10,ep_flux_vertical,250.0,-58322.94703125,323.0,347.0,25
u30,BCwave_b2_u30_n6_s-10,2.0,6,-10,ep_flux_vertical,300.0,-99473.2953125,323.0,347.0,25
u30,BCwave_b2_u30_n6_s-10,2.0,6,-10,ep_flux_vertical,400.0,-232190.886875,323.0,347.0,25
u30,BCwave_b2_u30_n6_s-10,2.0,6,-10,ep_flux_vertical,500.0,-465482.345,323.0,347.0,25
u30,BCwave_b2_u30_n6_s-10,2.0,6,-10,ep_flux_vertical,600.0,-828962.23,323.0,347.0,25
u30,BCwave_b2_u30_n6_s-10,2.0,6,-10,ep_flux_vertical,700.0,-1295967.52,323.0,347.0,25
u30,BCwave_b2_u30_n6_s-10,2.0,6,-10,ep_flux_vertical,850.0,-2417664.005,323.0,347.0,25
u30,BCwave_b2_u30_n6_s-10,2.0,6,-10,ep_flux_vertical,925.0,-3233986.72,323.0,347.0,25
u30,BCwave_b2_u30_n6_s-10,2.0,6,-10,ep_flux_vertical,975.0,-3561660.3,323.0,347.0,25
u30,BCwave_b2_u30_n6_s-10,2.0,6,-10,ep_flux_vertical,1000.0,-3643661.06,323.0,347.0,25
u30,BCwave_b2_u30_n6_s-5,2.0,6,-5,eddy_heat_flux_vT,10.0,0.0003798303970446189,313.0,342.0,30
u30,BCwave_b2_u30_n6_s-5,2.0,6,-5,eddy_heat_flux_vT,50.0,0.09946357185641924,313.0,342.0,30
u30,BCwave_b2_u30_n6_s-5,2.0,6,-5,eddy_heat_flux_vT,100.0,0.16986239651838939,313.0,342.0,30
u30,BCwave_b2_u30_n6_s-5,2.0,6,-5,eddy_heat_flux_vT,150.0,0.15399478375911713,313.0,342.0,30
u30,BCwave_b2_u30_n6_s-5,2.0,6,-5,eddy_heat_flux_vT,200.0,0.2982719307144483,313.0,342.0,30
u30,BCwave_b2_u30_n6_s-5,2.0,6,-5,eddy_heat_flux_vT,250.0,0.504241677125295,313.0,342.0,30
u30,BCwave_b2_u30_n6_s-5,2.0,6,-5,eddy_heat_flux_vT,300.0,0.7437625467777252,313.0,342.0,30
u30,BCwave_b2_u30_n6_s-5,2.0,6,-5,eddy_heat_flux_vT,400.0,1.3082801779111226,313.0,342.0,30
u30,BCwave_b2_u30_n6_s-5,2.0,6,-5,eddy_heat_flux_vT,500.0,1.9532182733217875,313.0,342.0,30
u30,BCwave_b2_u30_n6_s-5,2.0,6,-5,eddy_heat_flux_vT,600.0,2.72116170724233,313.0,342.0,30
u30,BCwave_b2_u30_n6_s-5,2.0,6,-5,eddy_heat_flux_vT,700.0,3.5862065315246583,313.0,342.0,30
u30,BCwave_b2_u30_n6_s-5,2.0,6,-5,eddy_heat_flux_vT,850.0,5.798843399683634,313.0,342.0,30
u30,BCwave_b2_u30_n6_s-5,2.0,6,-5,eddy_heat_flux_vT,925.0,7.001768922805786,313.0,342.0,30
u30,BCwave_b2_u30_n6_s-5,2.0,6,-5,eddy_heat_flux_vT,975.0,7.55956802368164,313.0,342.0,30
u30,BCwave_b2_u30_n6_s-5,2.0,6,-5,eddy_heat_flux_vT,1000.0,7.67749171257019,313.0,342.0,30
u30,BCwave_b2_u30_n6_s-5,2.0,6,-5,baroclinic_conversion_proxy,10.0,-1.4574522376002244e-10,313.0,342.0,30
u30,BCwave_b2_u30_n6_s-5,2.0,6,-5,baroclinic_conversion_proxy,50.0,-3.6134102003870795e-07,313.0,342.0,30
u30,BCwave_b2_u30_n6_s-5,2.0,6,-5,baroclinic_conversion_proxy,100.0,-7.138150351693185e-07,313.0,342.0,30
u30,BCwave_b2_u30_n6_s-5,2.0,6,-5,baroclinic_conversion_proxy,150.0,-5.332069747510105e-07,313.0,342.0,30
u30,BCwave_b2_u30_n6_s-5,2.0,6,-5,baroclinic_conversion_proxy,200.0,-4.768595829318656e-07,313.0,342.0,30
u30,BCwave_b2_u30_n6_s-5,2.0,6,-5,baroclinic_conversion_proxy,250.0,1.41024193804166e-07,313.0,342.0,30
u30,BCwave_b2_u30_n6_s-5,2.0,6,-5,baroclinic_conversion_proxy,300.0,1.4790278783038958e-06,313.0,342.0,30
u30,BCwave_b2_u30_n6_s-5,2.0,6,-5,baroclinic_conversion_proxy,400.0,6.072367326244906e-06,313.0,342.0,30
u30,BCwave_b2_u30_n6_s-5,2.0,6,-5,baroclinic_conversion_proxy,500.0,1.2247950356443956e-05,313.0,342.0,30
u30,BCwave_b2_u30_n6_s-5,2.0,6,-5,baroclinic_conversion_proxy,600.0,1.9300035819469486e-05,313.0,342.0,30
u30,BCwave_b2_u30_n6_s-5,2.0,6,-5,baroclinic_conversion_proxy,700.0,2.5891747160737092e-05,313.0,342.0,30
u30,BCwave_b2_u30_n6_s-5,2.0,6,-5,baroclinic_conversion_proxy,850.0,4.057088735862635e-05,313.0,342.0,30
u30,BCwave_b2_u30_n6_s-5,2.0,6,-5,baroclinic_conversion_proxy,925.0,4.545352785498835e-05,313.0,342.0,30
u30,BCwave_b2_u30_n6_s-5,2.0,6,-5,baroclinic_conversion_proxy,975.0,4.620208395256971e-05,313.0,342.0,30
u30,BCwave_b2_u30_n6_s-5,2.0,6,-5,baroclinic_conversion_proxy,1000.0,4.48640355898533e-05,313.0,342.0,30
u30,BCwave_b2_u30_n6_s-5,2.0,6,-5,ep_flux_vertical,10.0,-4.05710035165151,313.0,342.0,30
u30,BCwave_b2_u30_n6_s-5,2.0,6,-5,ep_flux_vertical,50.0,-1405.3201456705729,313.0,342.0,30
u30,BCwave_b2_u30_n6_s-5,2.0,6,-5,ep_flux_vertical,100.0,-9918.847574869791,313.0,342.0,30
u30,BCwave_b2_u30_n6_s-5,2.0,6,-5,ep_flux_vertical,150.0,-25154.663020833334,313.0,342.0,30
u30,BCwave_b2_u30_n6_s-5,2.0,6,-5,ep_flux_vertical,200.0,-74300.2,313.0,342.0,30
u30,BCwave_b2_u30_n6_s-5,2.0,6,-5,ep_flux_vertical,250.0,-150349.14921875,313.0,342.0,30
u30,BCwave_b2_u30_n6_s-5,2.0,6,-5,ep_flux_vertical,300.0,-257069.978125,313.0,342.0,30
u30,BCwave_b2_u30_n6_s-5,2.0,6,-5,ep_flux_vertical,400.0,-579696.69375,313.0,342.0,30
u30,BCwave_b2_u30_n6_s-5,2.0,6,-5,ep_flux_vertical,500.0,-1081791.8520833333,313.0,342.0,30
u30,BCwave_b2_u30_n6_s-5,2.0,6,-5,ep_flux_vertical,600.0,-1818171.1208333333,313.0,342.0,30
u30,BCwave_b2_u30_n6_s-5,2.0,6,-5,ep_flux_vertical,700.0,-2763223.7583333333,313.0,342.0,30
u30,BCwave_b2_u30_n6_s-5,2.0,6,-5,ep_flux_vertical,850.0,-4955329.183333334,313.0,342.0,30
u30,BCwave_b2_u30_n6_s-5,2.0,6,-5,ep_flux_vertical,925.0,-6147715.416666667,313.0,342.0,30
u30,BCwave_b2_u30_n6_s-5,2.0,6,-5,ep_flux_vertical,975.0,-6854110.15,313.0,342.0,30
u30,BCwave_b2_u30_n6_s-5,2.0,6,-5,ep_flux_vertical,1000.0,-7100805.3,313.0,342.0,30
u30,BCwave_b2_u30_n6_s0,2.0,6,0,eddy_heat_flux_vT,10.0,0.0008480945467262676,303.0,340.0,38
u30,BCwave_b2_u30_n6_s0,2.0,6,0,eddy_heat_flux_vT,50.0,0.18267943200312162,303.0,340.0,38
u30,BCwave_b2_u30_n6_s0,2.0,6,0,eddy_heat_flux_vT,100.0,0.28403483252776296,303.0,340.0,38
u30,BCwave_b2_u30_n6_s0,2.0,6,0,eddy_heat_flux_vT,150.0,0.2961407911620642,303.0,340.0,38
u30,BCwave_b2_u30_n6_s0,2.0,6,0,eddy_heat_flux_vT,200.0,0.6254754356647793,303.0,340.0,38
u30,BCwave_b2_u30_n6_s0,2.0,6,0,eddy_heat_flux_vT,250.0,1.053611258142873,303.0,340.0,38
u30,BCwave_b2_u30_n6_s0,2.0,6,0,eddy_heat_flux_vT,300.0,1.5013776578401263,303.0,340.0,38
u30,BCwave_b2_u30_n6_s0,2.0,6,0,eddy_heat_flux_vT,400.0,2.382044403176559,303.0,340.0,38
u30,BCwave_b2_u30_n6_s0,2.0,6,0,eddy_heat_flux_vT,500.0,3.3347201347351074,303.0,340.0,38
u30,BCwave_b2_u30_n6_s0,2.0,6,0,eddy_heat_flux_vT,600.0,4.467748773725409,303.0,340.0,38
u30,BCwave_b2_u30_n6_s0,2.0,6,0,eddy_heat_flux_vT,700.0,5.979074716567993,303.0,340.0,38
u30,BCwave_b2_u30_n6_s0,2.0,6,0,eddy_heat_flux_vT,850.0,9.938311953293649,303.0,340.0,38
u30,BCwave_b2_u30_n6_s0,2.0,6,0,eddy_heat_flux_vT,925.0,11.436530815927606,303.0,340.0,38
u30,BCwave_b2_u30_n6_s0,2.0,6,0,eddy_heat_flux_vT,975.0,11.960846373909398,303.0,340.0,38
u30,BCwave_b2_u30_n6_s0,2.0,6,0,eddy_heat_flux_vT,1000.0,11.742014157144647,303.0,340.0,38
u30,BCwave_b2_u30_n6_s0,2.0,6,0,baroclinic_conversion_proxy,10.0,-3.4510470504681294e-10,303.0,340.0,38
u30,BCwave_b2_u30_n6_s0,2.0,6,0,baroclinic_conversion_proxy,50.0,-7.026979894338805e-07,303.0,340.0,38
u30,BCwave_b2_u30_n6_s0,2.0,6,0,baroclinic_conversion_proxy,100.0,-1.2826164454269786e-06,303.0,340.0,38
u30,BCwave_b2_u30_n6_s0,2.0,6,0,baroclinic_conversion_proxy,150.0,-1.0937894261898787e-06,303.0,340.0,38
u30,BCwave_b2_u30_n6_s0,2.0,6,0,baroclinic_conversion_proxy,200.0,-1.0794357134919233e-06,303.0,340.0,38
u30,BCwave_b2_u30_n6_s0,2.0,6,0,baroclinic_conversion_proxy,250.0,2.4346483117273907e-07,303.0,340.0,38
u30,BCwave_b2_u30_n6_s0,2.0,6,0,baroclinic_conversion_proxy,300.0,3.0175682049479006e-06,303.0,340.0,38
u30,BCwave_b2_u30_n6_s0,2.0,6,0,baroclinic_conversion_proxy,400.0,1.1429579348929875e-05,303.0,340.0,38
u30,BCwave_b2_u30_n6_s0,2.0,6,0,baroclinic_conversion_proxy,500.0,2.169537487804375e-05,303.0,340.0,38
u30,BCwave_b2_u30_n6_s0,2.0,6,0,baroclinic_conversion_proxy,600.0,3.238975339052942e-05,303.0,340.0,38
u30,BCwave_b2_u30_n6_s0,2.0,6,0,baroclinic_conversion_proxy,700.0,4.401247286678929e-05,303.0,340.0,38
u30,BCwave_b2_u30_n6_s0,2.0,6,0,baroclinic_conversion_proxy,850.0,7.007020107458199e-05,303.0,340.0,38
u30,BCwave_b2_u30_n6_s0,2.0,6,0,baroclinic_conversion_proxy,925.0,7.463817574286e-05,303.0,340.0,38
u30,BCwave_b2_u30_n6_s0,2.0,6,0,baroclinic_conversion_proxy,975.0,7.38016738308177e-05,303.0,340.0,38
u30,BCwave_b2_u30_n6_s0,2.0,6,0,baroclinic_conversion_proxy,1000.0,6.891250565164036e-05,303.0,340.0,38
u30,BCwave_b2_u30_n6_s0,2.0,6,0,ep_flux_vertical,10.0,-8.98658483906796,303.0,340.0,38
u30,BCwave_b2_u30_n6_s0,2.0,6,0,ep_flux_vertical,50.0,-2611.291279039885,303.0,340.0,38
u30,BCwave_b2_u30_n6_s0,2.0,6,0,ep_flux_vertical,100.0,-16834.78304893092,303.0,340.0,38
u30,BCwave_b2_u30_n6_s0,2.0,6,0,ep_flux_vertical,150.0,-46644.65470805921,303.0,340.0,38
u30,BCwave_b2_u30_n6_s0,2.0,6,0,ep_flux_vertical,200.0,-146511.64329769736,303.0,340.0,38
u30,BCwave_b2_u30_n6_s0,2.0,6,0,ep_flux_vertical,250.0,-295511.79810855264,303.0,340.0,38
u30,BCwave_b2_u30_n6_s0,2.0,6,0,ep_flux_vertical,300.0,-491446.87335526315,303.0,340.0,38
u30,BCwave_b2_u30_n6_s0,2.0,6,0,ep_flux_vertical,400.0,-1017572.833881579,303.0,340.0,38
u30,BCwave_b2_u30_n6_s0,2.0,6,0,ep_flux_vertical,500.0,-1809280.9638157894,303.0,340.0,38
u30,BCwave_b2_u30_n6_s0,2.0,6,0,ep_flux_vertical,600.0,-2947508.5986842103,303.0,340.0,38
u30,BCwave_b2_u30_n6_s0,2.0,6,0,ep_flux_vertical,700.0,-4522222.282894737,303.0,340.0,38
u30,BCwave_b2_u30_n6_s0,2.0,6,0,ep_flux_vertical,850.0,-8039132.236842105,303.0,340.0,38
u30,BCwave_b2_u30_n6_s0,2.0,6,0,ep_flux_vertical,925.0,-9431133.157894736,303.0,340.0,38
u30,BCwave_b2_u30_n6_s0,2.0,6,0,ep_flux_vertical,975.0,-10363382.605263159,303.0,340.0,38
u30,BCwave_b2_u30_n6_s0,2.0,6,0,ep_flux_vertical,1000.0,-10680120.131578946,303.0,340.0,38
u30,BCwave_b2_u30_n6_s5,2.0,6,5,eddy_heat_flux_vT,10.0,0.0018000580206386405,291.0,334.0,44
u30,BCwave_b2_u30_n6_s5,2.0,6,5,eddy_heat_flux_vT,50.0,0.24112740294499832,291.0,334.0,44
u30,BCwave_b2_u30_n6_s5,2.0,6,5,eddy_heat_flux_vT,100.0,0.3645569011569023,291.0,334.0,44
u30,BCwave_b2_u30_n6_s5,2.0,6,5,eddy_heat_flux_vT,150.0,0.46666164831681684,291.0,334.0,44
u30,BCwave_b2_u30_n6_s5,2.0,6,5,eddy_heat_flux_vT,200.0,1.1005824641747908,291.0,334.0,44
u30,BCwave_b2_u30_n6_s5,2.0,6,5,eddy_heat_flux_vT,250.0,1.8596277236938477,291.0,334.0,44
u30,BCwave_b2_u30_n6_s5,2.0,6,5,eddy_heat_flux_vT,300.0,2.5585166242989628,291.0,334.0,44
u30,BCwave_b2_u30_n6_s5,2.0,6,5,eddy_heat_flux_vT,400.0,3.661361959847537,291.0,334.0,44
u30,BCwave_b2_u30_n6_s5,2.0,6,5,eddy_heat_flux_vT,500.0,4.745729435573924,291.0,334.0,44
u30,BCwave_b2_u30_n6_s5,2.0,6,5,eddy_heat_flux_vT,600.0,6.232773910869252,291.0,334.0,44
u30,BCwave_b2_u30_n6_s5,2.0,6,5,eddy_heat_flux_vT,700.0,8.444277275692333,291.0,334.0,44
u30,BCwave_b2_u30_n6_s5,2.0,6,5,eddy_heat_flux_vT,850.0,13.556727647781372,291.0,334.0,44
u30,BCwave_b2_u30_n6_s5,2.0,6,5,eddy_heat_flux_vT,925.0,14.79693358594721,291.0,334.0,44
u30,BCwave_b2_u30_n6_s5,2.0,6,5,eddy_heat_flux_vT,975.0,14.96297398480502,291.0,334.0,44
u30,BCwave_b2_u30_n6_s5,2.0,6,5,eddy_heat_flux_vT,1000.0,14.618552229621194,291.0,334.0,44
u30,BCwave_b2_u30_n6_s5,2.0,6,5,baroclinic_conversion_proxy,10.0,-7.482429650621211e-10,291.0,334.0,44
u30,BCwave_b2_u30_n6_s5,2.0,6,5,baroclinic_conversion_proxy,50.0,-9.530992160348846e-07,291.0,334.0,44
u30,BCwave_b2_u30_n6_s5,2.0,6,5,baroclinic_conversion_proxy,100.0,-1.7419475775361868e-06,291.0,334.0,44
u30,BCwave_b2_u30_n6_s5,2.0,6,5,baroclinic_conversion_proxy,150.0,-1.8771907393370797e-06,291.0,334.0,44
u30,BCwave_b2_u30_n6_s5,2.0,6,5,baroclinic_conversion_proxy,200.0,-2.112569921502489e-06,291.0,334.0,44
u30,BCwave_b2_u30_n6_s5,2.0,6,5,baroclinic_conversion_proxy,250.0,2.766881350298304e-07,291.0,334.0,44
u30,BCwave_b2_u30_n6_s5,2.0,6,5,baroclinic_conversion_proxy,300.0,5.15698779550307e-06,291.0,334.0,44
u30,BCwave_b2_u30_n6_s5,2.0,6,5,baroclinic_conversion_proxy,400.0,1.8059570224564098e-05,291.0,334.0,44
u30,BCwave_b2_u30_n6_s5,2.0,6,5,baroclinic_conversion_proxy,500.0,3.180535813126798e-05,291.0,334.0,44
u30,BCwave_b2_u30_n6_s5,2.0,6,5,baroclinic_conversion_proxy,600.0,4.618853596515361e-05,291.0,334.0,44
u30,BCwave_b2_u30_n6_s5,2.0,6,5,baroclinic_conversion_proxy,700.0,6.388567470077595e-05,291.0,334.0,44
u30,BCwave_b2_u30_n6_s5,2.0,6,5,baroclinic_conversion_proxy,850.0,9.801788506923582e-05,291.0,334.0,44
u30,BCwave_b2_u30_n6_s5,2.0,6,5,baroclinic_conversion_proxy,925.0,0.00010131387948190836,291.0,334.0,44
u30,BCwave_b2_u30_n6_s5,2.0,6,5,baroclinic_conversion_proxy,975.0,9.861507764567664e-05,291.0,334.0,44
u30,BCwave_b2_u30_n6_s5,2.0,6,5,baroclinic_conversion_proxy,1000.0,9.222392327501439e-05,291.0,334.0,44
u30,BCwave_b2_u30_n6_s5,2.0,6,5,ep_flux_vertical,10.0,-18.71911014210094,291.0,334.0,44
u30,BCwave_b2_u30_n6_s5,2.0,6,5,ep_flux_vertical,50.0,-3419.1493641246448,291.0,334.0,44
u30,BCwave_b2_u30_n6_s5,2.0,6,5,ep_flux_vertical,100.0,-21457.078369140625,291.0,334.0,44
u30,BCwave_b2_u30_n6_s5,2.0,6,5,ep_flux_vertical,150.0,-68861.25799005682,291.0,334.0,44
u30,BCwave_b2_u30_n6_s5,2.0,6,5,ep_flux_vertical,200.0,-238456.4620028409,291.0,334.0,44
u30,BCwave_b2_u30_n6_s5,2.0,6,5,ep_flux_vertical,250.0,-482675.81676136365,291.0,334.0,44
u30,BCwave_b2_u30_n6_s5,2.0,6,5,ep_flux_vertical,300.0,-775670.4403409091,291.0,334.0,44
u30,BCwave_b2_u30_n6_s5,2.0,6,5,ep_flux_vertical,400.0,-1470669.2897727273,291.0,334.0,44
u30,BCwave_b2_u30_n6_s5,2.0,6,5,ep_flux_vertical,500.0,-2450309.039772727,291.0,334.0,44
u30,BCwave_b2_u30_n6_s5,2.0,6,5,ep_flux_vertical,600.0,-3934134.852272727,291.0,334.0,44
u30,BCwave_b2_u30_n6_s5,2.0,6,5,ep_flux_vertical,700.0,-6050584.704545454,291.0,334.0,44
u30,BCwave_b2_u30_n6_s5,2.0,6,5,ep_flux_vertical,850.0,-10160833.227272727,291.0,334.0,44
u30,BCwave_b2_u30_n6_s5,2.0,6,5,ep_flux_vertical,925.0,-11272123.727272727,291.0,334.0,44
u30,BCwave_b2_u30_n6_s5,2.0,6,5,ep_flux_vertical,975.0,-12114988.045454545,291.0,334.0,44
u30,BCwave_b2_u30_n6_s5,2.0,6,5,ep_flux_vertical,1000.0,-12753904.522727273,291.0,334.0,44
u30,BCwave_b2_u30_n6_s10,2.0,6,10,eddy_heat_flux_vT,10.0,0.002347929363498803,266.0,309.0,44
u30,BCwave_b2_u30_n6_s10,2.0,6,10,eddy_heat_flux_vT,50.0,0.1664094515144825,266.0,309.0,44
u30,BCwave_b2_u30_n6_s10,2.0,6,10,eddy_heat_flux_vT,100.0,0.22455318763174795,266.0,309.0,44
u30,BCwave_b2_u30_n6_s10,2.0,6,10,eddy_heat_flux_vT,150.0,0.4190263998779384,266.0,309.0,44
u30,BCwave_b2_u30_n6_s10,2.0,6,10,eddy_heat_flux_vT,200.0,1.226162938909097,266.0,309.0,44
u30,BCwave_b2_u30_n6_s10,2.0,6,10,eddy_heat_flux_vT,250.0,2.149897117506374,266.0,309.0,44
u30,BCwave_b2_u30_n6_s10,2.0,6,10,eddy_heat_flux_vT,300.0,2.973517878489061,266.0,309.0,44
u30,BCwave_b2_u30_n6_s10,2.0,6,10,eddy_heat_flux_vT,400.0,4.246702080423182,266.0,309.0,44
u30,BCwave_b2_u30_n6_s10,2.0,6,10,eddy_heat_flux_vT,500.0,5.500748027454723,266.0,309.0,44
u30,BCwave_b2_u30_n6_s10,2.0,6,10,eddy_heat_flux_vT,600.0,7.125549164685336,266.0,309.0,44
u30,BCwave_b2_u30_n6_s10,2.0,6,10,eddy_heat_flux_vT,700.0,9.636364178224044,266.0,309.0,44
u30,BCwave_b2_u30_n6_s10,2.0,6,10,eddy_heat_flux_vT,850.0,14.661362886428833,266.0,309.0,44
u30,BCwave_b2_u30_n6_s10,2.0,6,10,eddy_heat_flux_vT,925.0,15.968203176151622,266.0,309.0,44
u30,BCwave_b2_u30_n6_s10,2.0,6,10,eddy_heat_flux_vT,975.0,16.397108944979582,266.0,309.0,44
u30,BCwave_b2_u30_n6_s10,2.0,6,10,eddy_heat_flux_vT,1000.0,16.11807270483537,266.0,309.0,44
u30,BCwave_b2_u30_n6_s10,2.0,6,10,baroclinic_conversion_proxy,10.0,-1.038400908189145e-09,266.0,309.0,44
u30,BCwave_b2_u30_n6_s10,2.0,6,10,baroclinic_conversion_proxy,50.0,-6.824027313324553e-07,266.0,309.0,44
u30,BCwave_b2_u30_n6_s10,2.0,6,10,baroclinic_conversion_proxy,100.0,-1.2220565123884213e-06,266.0,309.0,44
u30,BCwave_b2_u30_n6_s10,2.0,6,10,baroclinic_conversion_proxy,150.0,-1.979437738245079e-06,266.0,309.0,44
u30,BCwave_b2_u30_n6_s10,2.0,6,10,baroclinic_conversion_proxy,200.0,-2.6566948799261976e-06,266.0,309.0,44
u30,BCwave_b2_u30_n6_s10,2.0,6,10,baroclinic_conversion_proxy,250.0,2.675799554455435e-07,266.0,309.0,44
u30,BCwave_b2_u30_n6_s10,2.0,6,10,baroclinic_conversion_proxy,300.0,6.4282982893101606e-06,266.0,309.0,44
u30,BCwave_b2_u30_n6_s10,2.0,6,10,baroclinic_conversion_proxy,400.0,2.2566931627145756e-05,266.0,309.0,44
u30,BCwave_b2_u30_n6_s10,2.0,6,10,baroclinic_conversion_proxy,500.0,3.9140349806323435e-05,266.0,309.0,44
u30,BCwave_b2_u30_n6_s10,2.0,6,10,baroclinic_conversion_proxy,600.0,5.5886645813271486e-05,266.0,309.0,44
u30,BCwave_b2_u30_n6_s10,2.0,6,10,baroclinic_conversion_proxy,700.0,7.799575111923993e-05,266.0,309.0,44
u30,BCwave_b2_u30_n6_s10,2.0,6,10,baroclinic_conversion_proxy,850.0,0.00011510148496282372,266.0,309.0,44
u30,BCwave_b2_u30_n6_s10,2.0,6,10,baroclinic_conversion_proxy,925.0,0.00012043009006778117,266.0,309.0,44
u30,BCwave_b2_u30_n6_s10,2.0,6,10,baroclinic_conversion_proxy,975.0,0.00011988650988893245,266.0,309.0,44
u30,BCwave_b2_u30_n6_s10,2.0,6,10,baroclinic_conversion_proxy,1000.0,0.00011345725182433274,266.0,309.0,44
u30,BCwave_b2_u30_n6_s10,2.0,6,10,ep_flux_vertical,10.0,-23.322922923348166,266.0,309.0,44
u30,BCwave_b2_u30_n6_s10,2.0,6,10,ep_flux_vertical,50.0,-2280.564686168324,266.0,309.0,44
u30,BCwave_b2_u30_n6_s10,2.0,6,10,ep_flux_vertical,100.0,-12656.257990056818,266.0,309.0,44
u30,BCwave_b2_u30_n6_s10,2.0,6,10,ep_flux_vertical,150.0,-54313.41273082386,266.0,309.0,44
u30,BCwave_b2_u30_n6_s10,2.0,6,10,ep_flux_vertical,200.0,-236873.419921875,266.0,309.0,44
u30,BCwave_b2_u30_n6_s10,2.0,6,10,ep_flux_vertical,250.0,-500655.98295454547,266.0,309.0,44
u30,BCwave_b2_u30_n6_s10,2.0,6,10,ep_flux_vertical,300.0,-813455.2201704546,266.0,309.0,44
u30,BCwave_b2_u30_n6_s10,2.0,6,10,ep_flux_vertical,400.0,-1559369.0369318181,266.0,309.0,44
u30,BCwave_b2_u30_n6_s10,2.0,6,10,ep_flux_vertical,500.0,-2618456.6619318184,266.0,309.0,44
u30,BCwave_b2_u30_n6_s10,2.0,6,10,ep_flux_vertical,600.0,-4169438.6704545454,266.0,309.0,44
u30,BCwave_b2_u30_n6_s10,2.0,6,10,ep_flux_vertical,700.0,-6379863.818181818,266.0,309.0,44
u30,BCwave_b2_u30_n6_s10,2.0,6,10,ep_flux_vertical,850.0,-10321631.659090908,266.0,309.0,44
u30,BCwave_b2_u30_n6_s10,2.0,6,10,ep_flux_vertical,925.0,-11613281.363636363,266.0,309.0,44
u30,BCwave_b2_u30_n6_s10,2.0,6,10,ep_flux_vertical,975.0,-12836197.113636363,266.0,309.0,44
u30,BCwave_b2_u30_n6_s10,2.0,6,10,ep_flux_vertical,1000.0,-13727529.636363637,266.0,309.0,44
